Frame: 0, Person: 0
0: 1439.67, 263.35, 0.9901
1: 1465.70, 234.83, 0.9802
2: 1414.96, 236.86, 0.9668
3: 1511.13, 252.53, 0.8827
4: 1381.84, 258.58, 0.6233
5: 1606.26, 420.03, 0.9824
6: 1311.13, 421.16, 0.9869
7: 1659.05, 633.00, 0.8854
8: 1257.66, 608.83, 0.9058
9: 1552.72, 737.52, 0.8532
10: 1319.89, 693.17, 0.8596
11: 1547.50, 762.65, 0.8327
12: 1349.55, 758.11, 0.8469
13: 1544.73, 875.88, 0.2079
14: 1310.91, 869.42, 0.2219
15: 1507.58, 974.66, 0.0333
16: 1332.21, 971.81, 0.0365

Frame: 1, Person: 0
0: 1439.45, 265.72, 0.9926
1: 1466.76, 235.06, 0.9853
2: 1412.32, 238.98, 0.9736
3: 1512.56, 250.25, 0.8970
4: 1379.26, 260.39, 0.6817
5: 1598.55, 428.69, 0.9863
6: 1315.56, 432.01, 0.9886
7: 1646.09, 644.45, 0.8740
8: 1251.38, 617.43, 0.8749
9: 1550.68, 728.57, 0.8042
10: 1273.95, 623.38, 0.8038
11: 1526.50, 806.82, 0.8408
12: 1341.16, 802.77, 0.8504
13: 1519.11, 939.02, 0.1309
14: 1305.50, 939.24, 0.1344
15: 1479.18, 1009.23, 0.0182
16: 1322.57, 1014.90, 0.0189

Frame: 1, Person: 1
0: 1440.24, 264.75, 0.9890
1: 1466.74, 235.92, 0.9713
2: 1415.00, 237.44, 0.9613
3: 1514.12, 246.45, 0.8084
4: 1380.67, 249.25, 0.6664
5: 1582.60, 405.58, 0.9877
6: 1326.53, 414.59, 0.9889
7: 1648.14, 623.75, 0.9429
8: 1275.48, 616.38, 0.9372
9: 1547.64, 741.02, 0.9297
10: 1322.98, 672.62, 0.9186
11: 1543.80, 798.07, 0.9378
12: 1370.28, 800.14, 0.9365
13: 1545.18, 1012.44, 0.4843
14: 1355.04, 1015.15, 0.4778
15: 1535.69, 1080.00, 0.0755
16: 1364.77, 1073.93, 0.0754

Frame: 2, Person: 0
0: 1439.44, 262.02, 0.9914
1: 1466.54, 233.65, 0.9749
2: 1413.88, 235.43, 0.9711
3: 1515.35, 248.01, 0.8319
4: 1378.25, 251.34, 0.7262
5: 1586.85, 418.09, 0.9903
6: 1320.46, 424.53, 0.9931
7: 1651.75, 630.48, 0.9490
8: 1274.23, 637.48, 0.9612
9: 1545.39, 748.69, 0.9347
10: 1366.88, 743.91, 0.9429
11: 1549.62, 825.75, 0.9525
12: 1362.73, 826.91, 0.9594
13: 1570.09, 1057.98, 0.4644
14: 1332.89, 1054.69, 0.5009
15: 1596.30, 1080.00, 0.0618
16: 1348.19, 1080.00, 0.0687

Frame: 2, Person: 1
0: 1439.23, 266.74, 0.9925
1: 1466.71, 237.96, 0.9824
2: 1414.07, 240.01, 0.9740
3: 1513.19, 256.34, 0.8783
4: 1380.82, 261.54, 0.6963
5: 1601.11, 425.22, 0.9867
6: 1309.34, 434.60, 0.9910
7: 1647.86, 629.53, 0.9194
8: 1262.67, 638.89, 0.9399
9: 1539.53, 742.09, 0.8917
10: 1357.60, 749.66, 0.9024
11: 1550.73, 830.94, 0.9051
12: 1353.17, 833.00, 0.9204
13: 1550.90, 1036.68, 0.1633
14: 1320.60, 1037.69, 0.1832
15: 1525.19, 1080.00, 0.0152
16: 1344.98, 1080.00, 0.0170

Frame: 3, Person: 0
0: 1439.37, 261.85, 0.9913
1: 1467.59, 234.10, 0.9752
2: 1413.67, 235.09, 0.9707
3: 1516.89, 252.20, 0.8451
4: 1378.33, 253.58, 0.7302
5: 1587.13, 428.29, 0.9901
6: 1318.82, 428.21, 0.9933
7: 1651.73, 633.31, 0.9450
8: 1261.51, 629.54, 0.9609
9: 1543.38, 748.44, 0.9325
10: 1361.39, 744.67, 0.9433
11: 1542.90, 840.05, 0.9481
12: 1357.82, 838.22, 0.9570
13: 1551.53, 1071.41, 0.4304
14: 1333.97, 1063.17, 0.4751
15: 1569.96, 1080.00, 0.0537
16: 1352.87, 1080.00, 0.0613

Frame: 3, Person: 1
0: 1440.18, 265.44, 0.9938
1: 1467.38, 237.08, 0.9840
2: 1414.12, 238.57, 0.9796
3: 1512.58, 257.21, 0.8822
4: 1380.96, 262.15, 0.7358
5: 1597.89, 427.36, 0.9863
6: 1311.60, 435.41, 0.9932
7: 1642.55, 629.60, 0.9001
8: 1256.01, 635.86, 0.9498
9: 1536.87, 738.03, 0.8607
10: 1354.98, 755.81, 0.9021
11: 1540.85, 833.37, 0.8904
12: 1350.75, 834.30, 0.9165
13: 1546.30, 1037.85, 0.1076
14: 1353.16, 1034.75, 0.1371
15: 1495.42, 1080.00, 0.0095
16: 1360.66, 1080.00, 0.0118

Frame: 4, Person: 0
0: 1441.45, 261.32, 0.9928
1: 1470.03, 234.13, 0.9787
2: 1415.71, 235.91, 0.9782
3: 1519.11, 255.68, 0.8741
4: 1382.61, 259.80, 0.7720
5: 1594.80, 432.48, 0.9883
6: 1315.54, 434.15, 0.9958
7: 1657.43, 629.86, 0.9235
8: 1250.93, 622.00, 0.9742
9: 1544.98, 748.60, 0.9206
10: 1353.56, 748.21, 0.9578
11: 1533.88, 852.65, 0.9533
12: 1345.88, 849.81, 0.9704
13: 1537.25, 1080.00, 0.3787
14: 1343.92, 1080.00, 0.4901
15: 1521.74, 1080.00, 0.0399
16: 1352.69, 1080.00, 0.0552

Frame: 5, Person: 0
0: 1442.02, 262.36, 0.9922
1: 1470.48, 234.99, 0.9768
2: 1415.49, 236.94, 0.9767
3: 1518.43, 255.92, 0.8594
4: 1380.58, 260.44, 0.7675
5: 1591.87, 430.60, 0.9881
6: 1313.68, 433.18, 0.9949
7: 1653.96, 633.53, 0.9248
8: 1253.93, 627.81, 0.9695
9: 1544.12, 755.09, 0.9148
10: 1357.43, 751.35, 0.9492
11: 1527.45, 861.08, 0.9451
12: 1339.51, 858.73, 0.9622
13: 1533.21, 1080.00, 0.3004
14: 1339.51, 1080.00, 0.3861
15: 1512.86, 1080.00, 0.0276
16: 1342.11, 1080.00, 0.0362

Frame: 6, Person: 0
0: 1442.62, 262.38, 0.9917
1: 1470.52, 234.93, 0.9758
2: 1416.09, 237.35, 0.9750
3: 1518.13, 255.28, 0.8600
4: 1381.95, 260.93, 0.7613
5: 1592.06, 428.93, 0.9876
6: 1316.23, 431.60, 0.9945
7: 1653.88, 632.79, 0.9218
8: 1250.97, 625.46, 0.9668
9: 1539.89, 756.66, 0.9092
10: 1355.66, 749.17, 0.9445
11: 1527.19, 863.16, 0.9365
12: 1340.80, 860.49, 0.9555
13: 1528.01, 1080.00, 0.2593
14: 1335.95, 1080.00, 0.3350
15: 1508.24, 1080.00, 0.0228
16: 1334.80, 1080.00, 0.0295

Frame: 7, Person: 0
0: 1442.65, 262.37, 0.9917
1: 1470.48, 234.91, 0.9758
2: 1416.10, 237.37, 0.9751
3: 1518.00, 255.24, 0.8597
4: 1381.92, 261.01, 0.7624
5: 1592.00, 428.96, 0.9876
6: 1316.27, 431.71, 0.9945
7: 1653.96, 632.67, 0.9217
8: 1250.91, 625.38, 0.9671
9: 1540.10, 756.90, 0.9092
10: 1355.61, 749.32, 0.9448
11: 1527.19, 862.94, 0.9367
12: 1340.93, 860.29, 0.9557
13: 1527.68, 1080.00, 0.2602
14: 1335.95, 1080.00, 0.3368
15: 1507.84, 1080.00, 0.0229
16: 1334.83, 1080.00, 0.0297

Frame: 8, Person: 0
0: 1442.64, 262.43, 0.9917
1: 1470.57, 235.03, 0.9759
2: 1416.19, 237.40, 0.9750
3: 1518.29, 255.42, 0.8608
4: 1382.20, 260.96, 0.7607
5: 1592.15, 429.01, 0.9876
6: 1316.45, 431.62, 0.9945
7: 1653.99, 632.72, 0.9220
8: 1250.99, 625.33, 0.9671
9: 1540.17, 756.96, 0.9095
10: 1355.70, 749.16, 0.9448
11: 1527.11, 862.99, 0.9369
12: 1340.79, 860.25, 0.9559
13: 1527.65, 1080.00, 0.2612
14: 1335.50, 1080.00, 0.3378
15: 1508.09, 1080.00, 0.0230
16: 1334.32, 1080.00, 0.0299

Frame: 9, Person: 0
0: 1442.76, 262.42, 0.9917
1: 1470.67, 235.00, 0.9758
2: 1416.25, 237.42, 0.9749
3: 1518.34, 255.36, 0.8607
4: 1382.21, 261.02, 0.7609
5: 1592.12, 428.98, 0.9876
6: 1316.50, 431.64, 0.9945
7: 1653.86, 632.69, 0.9221
8: 1251.07, 625.26, 0.9670
9: 1540.10, 756.99, 0.9095
10: 1355.72, 749.05, 0.9447
11: 1526.98, 863.24, 0.9371
12: 1340.77, 860.55, 0.9559
13: 1527.74, 1080.00, 0.2613
14: 1336.08, 1080.00, 0.3375
15: 1508.08, 1080.00, 0.0230
16: 1335.09, 1080.00, 0.0299

Frame: 10, Person: 0
0: 1442.89, 262.44, 0.9917
1: 1470.75, 235.03, 0.9759
2: 1416.38, 237.51, 0.9750
3: 1518.39, 255.31, 0.8604
4: 1382.41, 261.11, 0.7621
5: 1591.84, 428.57, 0.9877
6: 1316.83, 431.32, 0.9946
7: 1653.80, 632.44, 0.9225
8: 1250.88, 625.30, 0.9675
9: 1541.01, 756.71, 0.9101
10: 1355.86, 749.02, 0.9455
11: 1526.67, 861.90, 0.9379
12: 1340.96, 859.32, 0.9567
13: 1527.69, 1080.00, 0.2662
14: 1336.95, 1080.00, 0.3442
15: 1508.59, 1080.00, 0.0236
16: 1335.99, 1080.00, 0.0307

Frame: 11, Person: 0
0: 1442.95, 262.50, 0.9917
1: 1470.81, 235.05, 0.9757
2: 1416.38, 237.56, 0.9751
3: 1518.38, 255.29, 0.8598
4: 1382.33, 261.14, 0.7633
5: 1591.77, 428.67, 0.9877
6: 1316.70, 431.32, 0.9946
7: 1653.61, 632.82, 0.9221
8: 1250.86, 625.29, 0.9674
9: 1540.41, 757.20, 0.9096
10: 1356.39, 749.15, 0.9453
11: 1526.47, 862.73, 0.9376
12: 1340.77, 860.15, 0.9565
13: 1528.01, 1080.00, 0.2631
14: 1337.86, 1080.00, 0.3408
15: 1508.59, 1080.00, 0.0232
16: 1336.92, 1080.00, 0.0302

Frame: 12, Person: 0
0: 1443.04, 262.59, 0.9917
1: 1470.93, 235.17, 0.9758
2: 1416.48, 237.61, 0.9750
3: 1518.49, 255.43, 0.8591
4: 1382.28, 261.09, 0.7614
5: 1591.84, 428.73, 0.9876
6: 1316.58, 431.15, 0.9945
7: 1653.67, 632.93, 0.9225
8: 1251.33, 625.21, 0.9669
9: 1540.82, 756.97, 0.9097
10: 1356.19, 749.05, 0.9445
11: 1526.17, 863.05, 0.9371
12: 1340.17, 860.28, 0.9558
13: 1527.17, 1080.00, 0.2611
14: 1335.55, 1080.00, 0.3364
15: 1507.65, 1080.00, 0.0230
16: 1334.12, 1080.00, 0.0297

Frame: 13, Person: 0
0: 1443.05, 262.53, 0.9918
1: 1470.85, 235.20, 0.9759
2: 1416.62, 237.56, 0.9753
3: 1518.29, 255.41, 0.8580
4: 1382.65, 260.89, 0.7638
5: 1591.41, 428.36, 0.9876
6: 1316.83, 431.06, 0.9946
7: 1653.92, 631.42, 0.9222
8: 1250.85, 625.00, 0.9674
9: 1543.32, 756.71, 0.9101
10: 1355.70, 749.61, 0.9455
11: 1526.05, 862.89, 0.9375
12: 1341.02, 860.35, 0.9564
13: 1526.05, 1080.00, 0.2637
14: 1338.23, 1080.00, 0.3413
15: 1505.09, 1080.00, 0.0232
16: 1337.23, 1080.00, 0.0302

Frame: 14, Person: 0
0: 1443.11, 262.26, 0.9919
1: 1470.87, 234.92, 0.9760
2: 1416.74, 237.30, 0.9757
3: 1518.30, 255.16, 0.8588
4: 1382.91, 260.71, 0.7664
5: 1591.56, 428.34, 0.9876
6: 1316.85, 431.00, 0.9947
7: 1653.99, 631.44, 0.9217
8: 1250.58, 624.81, 0.9682
9: 1542.22, 756.82, 0.9105
10: 1356.16, 750.16, 0.9468
11: 1526.29, 861.30, 0.9383
12: 1341.00, 858.80, 0.9575
13: 1528.03, 1080.00, 0.2710
14: 1338.78, 1080.00, 0.3525
15: 1508.12, 1080.00, 0.0242
16: 1337.79, 1080.00, 0.0318

Frame: 15, Person: 0
0: 1443.25, 262.18, 0.9919
1: 1470.95, 234.85, 0.9760
2: 1416.81, 237.24, 0.9760
3: 1518.24, 255.10, 0.8572
4: 1382.72, 260.64, 0.7681
5: 1591.32, 428.44, 0.9876
6: 1316.87, 430.98, 0.9947
7: 1653.87, 631.05, 0.9215
8: 1250.93, 624.13, 0.9683
9: 1542.61, 756.53, 0.9105
10: 1355.89, 749.61, 0.9472
11: 1526.11, 860.93, 0.9385
12: 1341.07, 858.37, 0.9577
13: 1527.44, 1080.00, 0.2732
14: 1338.84, 1080.00, 0.3557
15: 1507.12, 1080.00, 0.0246
16: 1337.89, 1080.00, 0.0322

Frame: 16, Person: 0
0: 1442.93, 262.03, 0.9919
1: 1470.71, 234.76, 0.9761
2: 1416.65, 237.17, 0.9756
3: 1518.27, 255.19, 0.8612
4: 1383.10, 260.81, 0.7658
5: 1591.45, 428.66, 0.9878
6: 1317.15, 431.44, 0.9948
7: 1653.86, 631.17, 0.9225
8: 1250.58, 624.43, 0.9686
9: 1541.83, 756.82, 0.9117
10: 1355.80, 749.28, 0.9476
11: 1525.75, 860.58, 0.9407
12: 1341.00, 858.12, 0.9592
13: 1527.38, 1080.00, 0.2812
14: 1340.24, 1080.00, 0.3647
15: 1507.47, 1080.00, 0.0254
16: 1340.09, 1080.00, 0.0333

Frame: 17, Person: 0
0: 1442.99, 262.02, 0.9918
1: 1470.78, 234.79, 0.9761
2: 1416.67, 237.20, 0.9755
3: 1518.39, 255.27, 0.8608
4: 1383.05, 260.89, 0.7643
5: 1591.36, 428.52, 0.9877
6: 1317.46, 431.38, 0.9947
7: 1653.85, 630.59, 0.9225
8: 1250.86, 624.14, 0.9683
9: 1542.00, 756.41, 0.9114
10: 1355.78, 749.10, 0.9471
11: 1525.80, 860.86, 0.9401
12: 1341.18, 858.35, 0.9586
13: 1526.86, 1080.00, 0.2789
14: 1339.23, 1080.00, 0.3612
15: 1506.88, 1080.00, 0.0252
16: 1338.10, 1080.00, 0.0331

Frame: 18, Person: 0
0: 1443.34, 261.39, 0.9919
1: 1471.03, 234.14, 0.9761
2: 1417.00, 236.52, 0.9760
3: 1518.36, 254.73, 0.8599
4: 1383.23, 260.29, 0.7700
5: 1591.67, 428.54, 0.9877
6: 1317.27, 431.26, 0.9949
7: 1654.36, 631.28, 0.9216
8: 1250.02, 624.84, 0.9692
9: 1542.40, 756.75, 0.9108
10: 1355.78, 750.52, 0.9483
11: 1526.98, 861.16, 0.9401
12: 1342.04, 858.67, 0.9593
13: 1527.96, 1080.00, 0.2772
14: 1339.79, 1080.00, 0.3628
15: 1508.41, 1080.00, 0.0249
16: 1338.79, 1080.00, 0.0329

Frame: 19, Person: 0
0: 1443.89, 260.51, 0.9919
1: 1471.71, 233.51, 0.9755
2: 1417.57, 235.47, 0.9757
3: 1518.16, 255.22, 0.8570
4: 1383.17, 259.84, 0.7730
5: 1591.94, 429.73, 0.9882
6: 1316.27, 431.38, 0.9949
7: 1655.16, 632.12, 0.9239
8: 1249.10, 624.36, 0.9686
9: 1543.26, 755.77, 0.9119
10: 1349.65, 750.26, 0.9472
11: 1526.45, 864.15, 0.9406
12: 1341.37, 861.09, 0.9589
13: 1525.01, 1080.00, 0.2730
14: 1339.86, 1080.00, 0.3536
15: 1501.71, 1080.00, 0.0239
16: 1340.42, 1080.00, 0.0312

Frame: 20, Person: 0
0: 1446.46, 259.44, 0.9918
1: 1473.43, 232.70, 0.9736
2: 1419.78, 234.77, 0.9766
3: 1517.37, 255.00, 0.8445
4: 1383.77, 260.07, 0.7964
5: 1590.91, 429.75, 0.9884
6: 1315.57, 432.18, 0.9952
7: 1652.67, 631.84, 0.9226
8: 1249.86, 625.91, 0.9702
9: 1545.21, 757.79, 0.9082
10: 1347.71, 754.29, 0.9480
11: 1527.21, 862.51, 0.9410
12: 1342.58, 860.18, 0.9602
13: 1525.49, 1080.00, 0.2702
14: 1340.75, 1080.00, 0.3556
15: 1499.72, 1080.00, 0.0234
16: 1342.16, 1080.00, 0.0308

Frame: 21, Person: 0
0: 1447.86, 259.30, 0.9917
1: 1474.59, 232.31, 0.9730
2: 1420.80, 234.51, 0.9760
3: 1517.58, 254.05, 0.8372
4: 1383.54, 259.50, 0.7963
5: 1590.32, 428.22, 0.9889
6: 1314.23, 432.41, 0.9949
7: 1651.68, 628.39, 0.9272
8: 1248.47, 626.47, 0.9683
9: 1550.74, 757.02, 0.9109
10: 1342.64, 753.76, 0.9455
11: 1526.75, 863.81, 0.9433
12: 1341.87, 862.63, 0.9598
13: 1524.76, 1080.00, 0.2723
14: 1340.66, 1080.00, 0.3464
15: 1496.33, 1080.00, 0.0232
16: 1341.94, 1080.00, 0.0293

Frame: 22, Person: 0
0: 1450.87, 258.82, 0.9926
1: 1477.30, 231.70, 0.9735
2: 1423.02, 233.89, 0.9796
3: 1518.40, 253.24, 0.8157
4: 1382.89, 258.81, 0.8192
5: 1589.16, 426.59, 0.9892
6: 1314.06, 431.73, 0.9955
7: 1653.38, 623.42, 0.9287
8: 1248.95, 623.38, 0.9722
9: 1560.74, 751.77, 0.9146
10: 1329.97, 746.90, 0.9520
11: 1527.35, 860.03, 0.9491
12: 1343.75, 859.41, 0.9655
13: 1524.75, 1080.00, 0.3019
14: 1342.76, 1080.00, 0.3888
15: 1495.80, 1080.00, 0.0261
16: 1345.26, 1080.00, 0.0336

Frame: 23, Person: 0
0: 1450.06, 257.86, 0.9922
1: 1475.83, 231.56, 0.9720
2: 1421.78, 234.43, 0.9795
3: 1515.08, 254.80, 0.7911
4: 1380.84, 260.98, 0.8301
5: 1586.71, 426.85, 0.9888
6: 1309.19, 431.54, 0.9937
7: 1651.83, 621.57, 0.9277
8: 1248.39, 625.27, 0.9614
9: 1577.80, 746.06, 0.9077
10: 1344.28, 738.48, 0.9387
11: 1522.14, 857.40, 0.9332
12: 1338.49, 858.78, 0.9502
13: 1521.95, 1080.00, 0.2394
14: 1337.95, 1080.00, 0.2956
15: 1488.85, 1080.00, 0.0193
16: 1344.76, 1080.00, 0.0230

Frame: 24, Person: 0
0: 1451.76, 257.47, 0.9931
1: 1476.76, 231.41, 0.9729
2: 1423.39, 234.81, 0.9822
3: 1514.75, 254.17, 0.7861
4: 1382.83, 261.41, 0.8458
5: 1585.33, 424.57, 0.9891
6: 1316.13, 424.11, 0.9946
7: 1655.53, 609.33, 0.9289
8: 1245.15, 596.87, 0.9684
9: 1583.14, 727.85, 0.9128
10: 1315.63, 713.25, 0.9493
11: 1520.57, 852.26, 0.9417
12: 1342.30, 850.87, 0.9594
13: 1525.64, 1080.00, 0.2769
14: 1341.45, 1080.00, 0.3537
15: 1499.70, 1080.00, 0.0234
16: 1341.72, 1080.00, 0.0291

Frame: 25, Person: 0
0: 1452.80, 260.04, 0.9951
1: 1476.48, 232.73, 0.9799
2: 1424.29, 236.35, 0.9868
3: 1512.91, 254.02, 0.7968
4: 1382.51, 263.34, 0.8524
5: 1590.26, 424.02, 0.9901
6: 1310.23, 429.37, 0.9957
7: 1662.34, 607.57, 0.9313
8: 1244.03, 604.78, 0.9725
9: 1578.08, 679.63, 0.9173
10: 1313.04, 669.94, 0.9544
11: 1526.27, 848.84, 0.9606
12: 1339.00, 849.61, 0.9736
13: 1539.64, 1080.00, 0.2691
14: 1331.58, 1080.00, 0.3448
15: 1523.48, 1080.00, 0.0206
16: 1340.17, 1080.00, 0.0256

Frame: 26, Person: 0
0: 1455.42, 260.90, 0.9952
1: 1478.42, 232.44, 0.9788
2: 1425.58, 237.03, 0.9872
3: 1513.42, 252.18, 0.7577
4: 1380.91, 263.40, 0.8564
5: 1585.44, 419.89, 0.9902
6: 1311.87, 427.59, 0.9954
7: 1664.94, 606.65, 0.9337
8: 1242.62, 607.40, 0.9717
9: 1582.32, 618.69, 0.9264
10: 1330.18, 593.72, 0.9588
11: 1527.67, 845.23, 0.9640
12: 1344.86, 847.85, 0.9750
13: 1538.35, 1080.00, 0.3091
14: 1341.10, 1080.00, 0.3812
15: 1527.62, 1080.00, 0.0237
16: 1341.26, 1080.00, 0.0284

Frame: 27, Person: 0
0: 1459.23, 262.52, 0.9947
1: 1480.05, 233.77, 0.9746
2: 1428.33, 239.90, 0.9867
3: 1511.27, 252.30, 0.6905
4: 1381.60, 266.43, 0.8594
5: 1576.84, 416.08, 0.9889
6: 1318.71, 419.85, 0.9942
7: 1653.76, 600.91, 0.9286
8: 1255.10, 581.27, 0.9680
9: 1583.32, 563.39, 0.9213
10: 1347.80, 497.74, 0.9560
11: 1524.63, 841.56, 0.9601
12: 1351.01, 843.88, 0.9712
13: 1535.66, 1080.00, 0.2962
14: 1346.96, 1080.00, 0.3600
15: 1527.99, 1080.00, 0.0223
16: 1339.13, 1080.00, 0.0258

Frame: 28, Person: 0
0: 1459.78, 263.82, 0.9953
1: 1480.76, 235.02, 0.9747
2: 1428.58, 240.99, 0.9895
3: 1511.89, 251.21, 0.6580
4: 1381.28, 265.05, 0.8861
5: 1573.02, 410.28, 0.9870
6: 1322.52, 415.61, 0.9947
7: 1652.24, 572.34, 0.9081
8: 1251.60, 570.91, 0.9703
9: 1592.62, 524.23, 0.9033
10: 1316.48, 526.42, 0.9564
11: 1522.56, 830.00, 0.9574
12: 1355.60, 832.10, 0.9731
13: 1529.47, 1080.00, 0.2997
14: 1353.71, 1080.00, 0.3941
15: 1519.67, 1080.00, 0.0241
16: 1345.47, 1080.00, 0.0302

Frame: 29, Person: 0
0: 1463.61, 265.54, 0.9957
1: 1482.73, 236.43, 0.9727
2: 1431.31, 243.15, 0.9909
3: 1509.75, 251.37, 0.5800
4: 1380.34, 266.40, 0.9060
5: 1564.47, 408.11, 0.9887
6: 1322.74, 410.71, 0.9951
7: 1651.22, 568.67, 0.9235
8: 1245.58, 562.58, 0.9744
9: 1623.00, 507.28, 0.9194
10: 1308.09, 505.21, 0.9637
11: 1520.53, 827.28, 0.9634
12: 1359.70, 830.11, 0.9761
13: 1530.03, 1080.00, 0.3239
14: 1359.15, 1080.00, 0.4130
15: 1528.95, 1080.00, 0.0247
16: 1347.29, 1080.00, 0.0298

Frame: 30, Person: 0
0: 1463.70, 266.45, 0.9960
1: 1482.54, 237.75, 0.9701
2: 1431.88, 244.75, 0.9916
3: 1507.46, 250.42, 0.5090
4: 1380.08, 265.32, 0.9139
5: 1554.12, 391.97, 0.9895
6: 1328.18, 397.06, 0.9953
7: 1643.48, 550.96, 0.9348
8: 1256.21, 549.03, 0.9784
9: 1619.52, 474.04, 0.9292
10: 1310.33, 464.44, 0.9690
11: 1516.51, 809.63, 0.9695
12: 1365.33, 813.36, 0.9800
13: 1524.08, 1080.00, 0.3605
14: 1362.95, 1080.00, 0.4502
15: 1527.28, 1080.00, 0.0267
16: 1343.52, 1080.00, 0.0315

Frame: 31, Person: 0
0: 1464.66, 268.34, 0.9960
1: 1483.05, 238.77, 0.9685
2: 1433.17, 247.06, 0.9917
3: 1507.87, 247.24, 0.4909
4: 1381.94, 264.85, 0.9150
5: 1555.44, 379.86, 0.9898
6: 1330.18, 389.30, 0.9956
7: 1646.25, 535.48, 0.9381
8: 1262.31, 537.94, 0.9805
9: 1610.61, 442.73, 0.9335
10: 1311.99, 431.52, 0.9716
11: 1515.90, 793.21, 0.9739
12: 1365.54, 797.86, 0.9832
13: 1517.62, 1080.00, 0.4166
14: 1360.06, 1080.00, 0.5123
15: 1521.44, 1080.00, 0.0325
16: 1345.87, 1080.00, 0.0385

Frame: 32, Person: 0
0: 1464.25, 272.31, 0.9959
1: 1483.55, 243.07, 0.9723
2: 1431.82, 249.89, 0.9895
3: 1508.48, 250.25, 0.5330
4: 1377.97, 264.89, 0.8884
5: 1554.27, 376.09, 0.9916
6: 1330.44, 389.69, 0.9939
7: 1644.95, 511.55, 0.9527
8: 1259.89, 530.41, 0.9711
9: 1612.26, 422.12, 0.9439
10: 1311.77, 402.57, 0.9641
11: 1516.13, 784.78, 0.9757
12: 1367.73, 791.78, 0.9802
13: 1505.50, 1067.21, 0.4885
14: 1358.80, 1077.06, 0.5233
15: 1496.02, 1080.00, 0.0442
16: 1347.48, 1080.00, 0.0445

Frame: 33, Person: 0
0: 1463.14, 274.83, 0.9959
1: 1482.32, 245.34, 0.9733
2: 1429.86, 252.62, 0.9895
3: 1507.53, 253.46, 0.5449
4: 1376.05, 269.60, 0.8845
5: 1551.08, 381.42, 0.9914
6: 1335.51, 394.85, 0.9938
7: 1640.63, 508.92, 0.9528
8: 1265.34, 526.27, 0.9716
9: 1607.95, 414.44, 0.9457
10: 1308.50, 399.33, 0.9656
11: 1514.92, 788.52, 0.9757
12: 1371.27, 795.03, 0.9803
13: 1505.87, 1068.03, 0.4935
14: 1361.53, 1076.73, 0.5306
15: 1501.06, 1080.00, 0.0458
16: 1347.37, 1080.00, 0.0465

Frame: 34, Person: 0
0: 1465.74, 279.13, 0.9960
1: 1483.87, 247.81, 0.9688
2: 1432.88, 257.46, 0.9916
3: 1509.73, 251.75, 0.4737
4: 1380.40, 272.89, 0.9066
5: 1552.12, 380.46, 0.9880
6: 1336.06, 393.33, 0.9948
7: 1642.97, 514.77, 0.9340
8: 1269.02, 522.45, 0.9791
9: 1598.01, 406.34, 0.9345
10: 1314.59, 405.30, 0.9720
11: 1512.93, 793.50, 0.9713
12: 1367.23, 799.00, 0.9814
13: 1516.54, 1080.00, 0.4160
14: 1360.76, 1080.00, 0.5104
15: 1528.18, 1080.00, 0.0340
16: 1345.46, 1080.00, 0.0402

Frame: 35, Person: 0
0: 1467.21, 281.42, 0.9961
1: 1485.49, 250.38, 0.9691
2: 1434.33, 259.54, 0.9919
3: 1510.87, 256.13, 0.4718
4: 1380.93, 276.29, 0.9091
5: 1553.09, 386.95, 0.9881
6: 1333.87, 399.31, 0.9951
7: 1645.36, 523.34, 0.9339
8: 1261.64, 533.02, 0.9801
9: 1594.66, 401.31, 0.9360
10: 1317.79, 402.30, 0.9735
11: 1513.12, 798.53, 0.9709
12: 1365.43, 803.88, 0.9815
13: 1514.53, 1080.00, 0.4130
14: 1357.78, 1080.00, 0.5109
15: 1528.54, 1080.00, 0.0332
16: 1342.01, 1080.00, 0.0396

Frame: 36, Person: 0
0: 1464.06, 284.04, 0.9961
1: 1483.20, 253.64, 0.9745
2: 1431.11, 260.56, 0.9895
3: 1509.26, 260.61, 0.5537
4: 1377.17, 276.05, 0.8823
5: 1555.63, 392.38, 0.9917
6: 1331.49, 409.26, 0.9943
7: 1643.75, 515.44, 0.9544
8: 1255.06, 546.99, 0.9730
9: 1587.51, 389.58, 0.9507
10: 1320.20, 388.09, 0.9691
11: 1517.42, 799.63, 0.9752
12: 1367.67, 807.48, 0.9801
13: 1507.57, 1072.99, 0.5012
14: 1358.40, 1080.00, 0.5402
15: 1503.94, 1080.00, 0.0466
16: 1346.42, 1080.00, 0.0478

Frame: 37, Person: 0
0: 1469.03, 281.69, 0.9962
1: 1486.26, 250.51, 0.9689
2: 1434.93, 260.05, 0.9923
3: 1509.98, 259.75, 0.4660
4: 1379.36, 281.63, 0.9151
5: 1554.11, 400.89, 0.9879
6: 1332.09, 414.11, 0.9955
7: 1643.60, 542.91, 0.9291
8: 1262.80, 551.29, 0.9813
9: 1582.58, 403.48, 0.9350
10: 1328.64, 400.66, 0.9756
11: 1515.65, 811.98, 0.9688
12: 1366.16, 817.84, 0.9813
13: 1514.83, 1080.00, 0.4023
14: 1357.70, 1080.00, 0.5128
15: 1527.65, 1080.00, 0.0323
16: 1343.76, 1080.00, 0.0399

Frame: 38, Person: 0
0: 1469.92, 279.85, 0.9963
1: 1486.31, 248.76, 0.9670
2: 1433.87, 258.72, 0.9929
3: 1507.72, 261.19, 0.4159
4: 1373.86, 284.26, 0.9242
5: 1552.56, 406.83, 0.9874
6: 1327.29, 417.82, 0.9952
7: 1639.53, 554.08, 0.9251
8: 1263.69, 553.81, 0.9804
9: 1574.39, 403.55, 0.9305
10: 1337.08, 392.34, 0.9747
11: 1520.67, 822.89, 0.9641
12: 1368.39, 828.68, 0.9783
13: 1522.22, 1080.00, 0.3456
14: 1360.35, 1080.00, 0.4519
15: 1532.41, 1080.00, 0.0250
16: 1344.56, 1080.00, 0.0307

Frame: 39, Person: 0
0: 1469.89, 277.84, 0.9963
1: 1486.73, 246.42, 0.9688
2: 1432.87, 256.58, 0.9927
3: 1509.11, 259.91, 0.4462
4: 1371.93, 284.11, 0.9208
5: 1555.48, 408.21, 0.9878
6: 1325.21, 421.27, 0.9953
7: 1641.22, 554.81, 0.9276
8: 1261.28, 556.86, 0.9802
9: 1559.18, 405.57, 0.9333
10: 1341.02, 393.18, 0.9748
11: 1522.17, 828.04, 0.9653
12: 1366.19, 834.39, 0.9787
13: 1525.22, 1080.00, 0.3511
14: 1359.02, 1080.00, 0.4541
15: 1537.21, 1080.00, 0.0256
16: 1345.20, 1080.00, 0.0313

Frame: 40, Person: 0
0: 1466.26, 275.52, 0.9961
1: 1483.98, 242.86, 0.9710
2: 1428.85, 254.10, 0.9918
3: 1509.76, 254.46, 0.5086
4: 1370.97, 280.66, 0.9098
5: 1561.73, 406.50, 0.9880
6: 1324.65, 413.93, 0.9954
7: 1637.07, 572.70, 0.9268
8: 1258.53, 557.40, 0.9799
9: 1554.12, 423.03, 0.9310
10: 1343.93, 404.98, 0.9735
11: 1526.41, 829.93, 0.9644
12: 1366.87, 834.12, 0.9784
13: 1524.89, 1080.00, 0.3327
14: 1357.60, 1080.00, 0.4370
15: 1532.33, 1080.00, 0.0234
16: 1348.26, 1080.00, 0.0292

Frame: 41, Person: 0
0: 1464.50, 270.61, 0.9958
1: 1483.49, 238.79, 0.9707
2: 1428.89, 248.57, 0.9908
3: 1510.73, 251.03, 0.5524
4: 1373.69, 273.14, 0.9044
5: 1569.02, 404.76, 0.9892
6: 1320.43, 405.21, 0.9957
7: 1639.22, 587.01, 0.9290
8: 1252.43, 558.06, 0.9800
9: 1550.35, 439.39, 0.9297
10: 1349.34, 411.31, 0.9721
11: 1529.92, 829.09, 0.9663
12: 1363.89, 830.28, 0.9795
13: 1520.56, 1080.00, 0.3296
14: 1352.66, 1080.00, 0.4326
15: 1521.45, 1080.00, 0.0222
16: 1350.14, 1080.00, 0.0278

Frame: 42, Person: 0
0: 1458.86, 269.96, 0.9953
1: 1479.25, 238.83, 0.9721
2: 1425.45, 246.97, 0.9887
3: 1509.40, 251.38, 0.6314
4: 1375.29, 269.22, 0.8874
5: 1571.46, 406.89, 0.9895
6: 1317.70, 402.69, 0.9957
7: 1639.52, 593.98, 0.9307
8: 1241.22, 555.01, 0.9790
9: 1545.04, 463.57, 0.9291
10: 1355.89, 413.81, 0.9699
11: 1528.05, 834.56, 0.9655
12: 1358.25, 834.25, 0.9786
13: 1520.98, 1080.00, 0.3047
14: 1349.57, 1080.00, 0.4008
15: 1523.15, 1080.00, 0.0195
16: 1347.12, 1080.00, 0.0246

Frame: 43, Person: 0
0: 1455.46, 269.66, 0.9950
1: 1477.01, 238.91, 0.9755
2: 1422.88, 246.72, 0.9868
3: 1510.84, 252.75, 0.7099
4: 1376.45, 269.76, 0.8608
5: 1573.29, 413.07, 0.9888
6: 1315.28, 404.54, 0.9954
7: 1634.83, 602.41, 0.9295
8: 1227.99, 551.21, 0.9774
9: 1534.74, 491.53, 0.9309
10: 1364.91, 422.68, 0.9690
11: 1524.32, 837.20, 0.9645
12: 1351.35, 836.01, 0.9778
13: 1523.13, 1080.00, 0.3105
14: 1346.68, 1080.00, 0.4056
15: 1532.08, 1080.00, 0.0213
16: 1347.09, 1080.00, 0.0272

Frame: 44, Person: 0
0: 1453.72, 267.17, 0.9908
1: 1476.74, 238.59, 0.9596
2: 1423.43, 243.60, 0.9755
3: 1513.14, 251.64, 0.7086
4: 1380.73, 263.04, 0.8215
5: 1577.11, 402.91, 0.9888
6: 1315.59, 402.28, 0.9948
7: 1634.08, 596.65, 0.9312
8: 1240.92, 554.15, 0.9744
9: 1526.93, 517.78, 0.9139
10: 1361.47, 435.24, 0.9530
11: 1521.70, 833.47, 0.9541
12: 1347.55, 834.24, 0.9679
13: 1509.63, 1080.00, 0.3789
14: 1355.14, 1080.00, 0.4669
15: 1481.46, 1080.00, 0.0345
16: 1351.16, 1080.00, 0.0429

Frame: 45, Person: 0
0: 1449.00, 268.11, 0.9948
1: 1473.24, 236.32, 0.9815
2: 1416.05, 244.72, 0.9845
3: 1515.80, 250.65, 0.8117
4: 1375.32, 268.91, 0.8079
5: 1579.70, 420.71, 0.9865
6: 1316.93, 405.08, 0.9951
7: 1627.44, 621.16, 0.9195
8: 1212.54, 539.99, 0.9761
9: 1512.90, 548.05, 0.9281
10: 1370.20, 425.61, 0.9690
11: 1520.87, 841.65, 0.9566
12: 1344.76, 837.85, 0.9741
13: 1522.36, 1080.00, 0.2816
14: 1344.59, 1080.00, 0.3869
15: 1532.56, 1080.00, 0.0205
16: 1341.88, 1080.00, 0.0283

Frame: 46, Person: 0
0: 1446.32, 266.63, 0.9946
1: 1470.90, 234.69, 0.9823
2: 1414.26, 243.37, 0.9830
3: 1515.97, 248.86, 0.8393
4: 1377.04, 267.71, 0.7882
5: 1580.41, 421.11, 0.9867
6: 1319.34, 404.81, 0.9952
7: 1626.36, 625.41, 0.9220
8: 1210.65, 537.46, 0.9764
9: 1494.23, 563.26, 0.9321
10: 1371.92, 423.30, 0.9700
11: 1514.72, 838.26, 0.9589
12: 1338.52, 833.92, 0.9755
13: 1527.52, 1080.00, 0.3057
14: 1345.06, 1080.00, 0.4161
15: 1545.42, 1080.00, 0.0233
16: 1340.32, 1080.00, 0.0326

Frame: 47, Person: 0
0: 1443.36, 264.87, 0.9942
1: 1469.03, 234.26, 0.9830
2: 1413.05, 241.64, 0.9805
3: 1515.83, 250.39, 0.8620
4: 1378.66, 266.08, 0.7550
5: 1580.05, 422.07, 0.9872
6: 1318.59, 402.97, 0.9948
7: 1623.22, 625.74, 0.9288
8: 1208.05, 533.59, 0.9744
9: 1489.77, 569.30, 0.9365
10: 1368.57, 423.49, 0.9679
11: 1511.16, 835.34, 0.9619
12: 1334.01, 829.79, 0.9757
13: 1528.07, 1080.00, 0.3301
14: 1341.51, 1080.00, 0.4280
15: 1551.35, 1080.00, 0.0263
16: 1340.17, 1080.00, 0.0355

Frame: 48, Person: 0
0: 1440.79, 263.57, 0.9937
1: 1467.40, 233.87, 0.9836
2: 1412.14, 240.35, 0.9766
3: 1516.31, 251.27, 0.8829
4: 1381.07, 264.69, 0.7105
5: 1581.00, 422.27, 0.9878
6: 1319.18, 400.33, 0.9941
7: 1619.84, 630.12, 0.9362
8: 1207.87, 532.41, 0.9706
9: 1484.56, 575.58, 0.9408
10: 1366.48, 423.62, 0.9638
11: 1508.97, 830.96, 0.9637
12: 1330.10, 824.24, 0.9745
13: 1533.52, 1080.00, 0.3459
14: 1337.03, 1080.00, 0.4227
15: 1565.51, 1080.00, 0.0281
16: 1338.39, 1080.00, 0.0360

Frame: 49, Person: 0
0: 1437.79, 263.68, 0.9934
1: 1466.13, 234.30, 0.9852
2: 1410.41, 239.53, 0.9730
3: 1518.90, 251.49, 0.9031
4: 1382.58, 261.97, 0.6551
5: 1583.01, 422.41, 0.9881
6: 1321.43, 399.42, 0.9934
7: 1618.01, 631.09, 0.9407
8: 1208.59, 534.26, 0.9662
9: 1484.27, 579.09, 0.9449
10: 1363.24, 427.58, 0.9601
11: 1508.30, 830.81, 0.9657
12: 1329.91, 823.07, 0.9740
13: 1527.39, 1080.00, 0.3745
14: 1335.20, 1080.00, 0.4335
15: 1559.28, 1080.00, 0.0320
16: 1339.37, 1080.00, 0.0393

Frame: 50, Person: 0
0: 1437.36, 263.27, 0.9931
1: 1466.51, 234.82, 0.9852
2: 1411.59, 238.57, 0.9705
3: 1520.61, 252.17, 0.9102
4: 1386.13, 259.09, 0.6287
5: 1583.23, 422.47, 0.9881
6: 1323.79, 396.84, 0.9928
7: 1617.01, 630.03, 0.9419
8: 1211.56, 533.34, 0.9628
9: 1481.52, 580.97, 0.9452
10: 1364.94, 436.35, 0.9563
11: 1505.33, 833.71, 0.9650
12: 1328.12, 824.27, 0.9722
13: 1522.87, 1080.00, 0.3691
14: 1333.00, 1080.00, 0.4171
15: 1556.71, 1080.00, 0.0318
16: 1339.83, 1080.00, 0.0380

Frame: 51, Person: 0
0: 1439.74, 264.06, 0.9936
1: 1469.24, 235.28, 0.9854
2: 1413.31, 238.77, 0.9742
3: 1523.45, 251.90, 0.9059
4: 1386.64, 258.17, 0.6622
5: 1585.48, 424.42, 0.9877
6: 1323.67, 394.35, 0.9938
7: 1615.13, 634.05, 0.9361
8: 1211.05, 532.67, 0.9677
9: 1482.53, 578.67, 0.9420
10: 1364.69, 450.79, 0.9607
11: 1505.50, 834.03, 0.9644
12: 1326.88, 822.63, 0.9743
13: 1522.19, 1080.00, 0.3659
14: 1330.45, 1080.00, 0.4363
15: 1553.70, 1080.00, 0.0317
16: 1338.00, 1080.00, 0.0402

Frame: 52, Person: 0
0: 1439.29, 265.74, 0.9931
1: 1468.34, 236.68, 0.9857
2: 1413.93, 240.20, 0.9702
3: 1524.63, 251.96, 0.9177
4: 1390.55, 258.27, 0.6223
5: 1589.34, 428.62, 0.9880
6: 1327.68, 396.62, 0.9932
7: 1613.80, 634.42, 0.9392
8: 1208.77, 532.04, 0.9637
9: 1479.21, 575.95, 0.9449
10: 1362.20, 462.59, 0.9576
11: 1507.83, 836.69, 0.9654
12: 1328.39, 824.41, 0.9734
13: 1527.96, 1080.00, 0.3810
14: 1330.98, 1080.00, 0.4368
15: 1562.81, 1080.00, 0.0343
16: 1337.53, 1080.00, 0.0420

Frame: 53, Person: 0
0: 1440.18, 267.97, 0.9933
1: 1469.94, 238.54, 0.9863
2: 1414.75, 241.41, 0.9708
3: 1528.34, 252.65, 0.9203
4: 1391.53, 257.31, 0.6198
5: 1591.25, 431.71, 0.9879
6: 1329.39, 398.33, 0.9934
7: 1614.55, 630.43, 0.9376
8: 1206.29, 533.17, 0.9642
9: 1486.81, 579.39, 0.9457
10: 1371.29, 483.42, 0.9592
11: 1509.69, 840.81, 0.9664
12: 1330.25, 828.15, 0.9745
13: 1527.53, 1080.00, 0.3933
14: 1333.39, 1080.00, 0.4537
15: 1560.13, 1080.00, 0.0370
16: 1336.87, 1080.00, 0.0459

Frame: 54, Person: 0
0: 1438.95, 269.36, 0.9932
1: 1469.49, 240.77, 0.9867
2: 1414.68, 242.65, 0.9696
3: 1529.77, 255.26, 0.9275
4: 1394.18, 257.35, 0.6051
5: 1592.83, 433.00, 0.9882
6: 1332.57, 394.91, 0.9935
7: 1614.39, 630.63, 0.9388
8: 1207.20, 529.08, 0.9650
9: 1489.56, 579.45, 0.9465
10: 1373.09, 496.58, 0.9592
11: 1510.73, 840.91, 0.9682
12: 1332.38, 825.93, 0.9760
13: 1526.98, 1080.00, 0.4004
14: 1334.51, 1080.00, 0.4623
15: 1561.91, 1080.00, 0.0376
16: 1339.27, 1080.00, 0.0470

Frame: 55, Person: 0
0: 1440.11, 269.17, 0.9933
1: 1470.74, 240.71, 0.9869
2: 1415.57, 243.07, 0.9703
3: 1530.72, 256.28, 0.9282
4: 1394.44, 259.47, 0.6080
5: 1593.22, 433.27, 0.9883
6: 1334.43, 396.28, 0.9937
7: 1618.16, 629.62, 0.9399
8: 1207.61, 528.16, 0.9663
9: 1483.22, 581.53, 0.9475
10: 1372.67, 496.12, 0.9606
11: 1511.05, 843.07, 0.9692
12: 1333.41, 827.94, 0.9769
13: 1526.59, 1080.00, 0.4045
14: 1333.99, 1080.00, 0.4684
15: 1565.45, 1080.00, 0.0383
16: 1336.81, 1080.00, 0.0481

Frame: 56, Person: 0
0: 1441.09, 270.49, 0.9936
1: 1472.03, 242.42, 0.9870
2: 1416.97, 243.60, 0.9712
3: 1531.59, 257.17, 0.9250
4: 1395.04, 258.07, 0.6092
5: 1592.57, 429.35, 0.9886
6: 1333.36, 396.02, 0.9939
7: 1622.66, 627.66, 0.9421
8: 1207.51, 533.87, 0.9678
9: 1483.33, 583.18, 0.9498
10: 1373.37, 483.14, 0.9626
11: 1510.89, 837.51, 0.9715
12: 1333.38, 823.60, 0.9787
13: 1522.25, 1080.00, 0.4385
14: 1332.99, 1080.00, 0.5026
15: 1557.85, 1080.00, 0.0435
16: 1333.82, 1080.00, 0.0545

Frame: 57, Person: 0
0: 1442.90, 270.44, 0.9936
1: 1473.44, 242.37, 0.9867
2: 1418.16, 244.06, 0.9721
3: 1531.22, 257.34, 0.9193
4: 1394.18, 259.56, 0.6225
5: 1591.76, 426.96, 0.9885
6: 1331.00, 397.06, 0.9939
7: 1623.89, 625.71, 0.9422
8: 1206.43, 534.91, 0.9677
9: 1482.08, 585.30, 0.9487
10: 1372.80, 472.21, 0.9623
11: 1510.83, 836.19, 0.9706
12: 1332.24, 823.92, 0.9780
13: 1522.47, 1080.00, 0.4250
14: 1331.22, 1080.00, 0.4876
15: 1556.72, 1080.00, 0.0410
16: 1330.73, 1080.00, 0.0510

Frame: 58, Person: 0
0: 1443.44, 272.76, 0.9940
1: 1474.40, 244.93, 0.9869
2: 1418.89, 245.90, 0.9744
3: 1531.89, 259.40, 0.9154
4: 1394.35, 260.15, 0.6353
5: 1590.77, 424.66, 0.9884
6: 1332.74, 396.54, 0.9942
7: 1629.60, 616.32, 0.9422
8: 1205.94, 532.09, 0.9704
9: 1483.18, 578.88, 0.9497
10: 1359.59, 473.86, 0.9652
11: 1510.86, 832.90, 0.9711
12: 1334.01, 820.68, 0.9790
13: 1525.19, 1080.00, 0.4309
14: 1334.78, 1080.00, 0.5017
15: 1561.10, 1080.00, 0.0420
16: 1331.41, 1080.00, 0.0532

Frame: 59, Person: 0
0: 1445.12, 275.43, 0.9942
1: 1475.89, 247.03, 0.9869
2: 1419.61, 248.10, 0.9755
3: 1533.28, 259.93, 0.9116
4: 1393.57, 260.85, 0.6445
5: 1592.66, 425.50, 0.9881
6: 1334.69, 394.40, 0.9944
7: 1634.19, 612.13, 0.9390
8: 1201.00, 526.37, 0.9716
9: 1485.45, 559.96, 0.9494
10: 1367.16, 473.51, 0.9672
11: 1516.54, 836.36, 0.9706
12: 1340.58, 822.80, 0.9795
13: 1520.82, 1080.00, 0.4231
14: 1338.16, 1080.00, 0.5025
15: 1555.76, 1080.00, 0.0404
16: 1331.57, 1080.00, 0.0525

Frame: 60, Person: 0
0: 1450.16, 276.77, 0.9946
1: 1479.89, 248.26, 0.9860
2: 1423.88, 249.43, 0.9789
3: 1533.93, 259.41, 0.8936
4: 1395.11, 260.73, 0.6887
5: 1591.51, 421.84, 0.9882
6: 1337.10, 389.90, 0.9949
7: 1638.78, 599.73, 0.9377
8: 1197.96, 519.21, 0.9745
9: 1495.74, 529.81, 0.9484
10: 1348.33, 476.12, 0.9696
11: 1517.34, 835.33, 0.9711
12: 1344.64, 821.12, 0.9807
13: 1520.95, 1080.00, 0.4159
14: 1343.81, 1080.00, 0.5049
15: 1555.68, 1080.00, 0.0383
16: 1334.71, 1080.00, 0.0504

Frame: 61, Person: 0
0: 1451.94, 277.42, 0.9948
1: 1481.53, 249.40, 0.9856
2: 1425.80, 250.10, 0.9804
3: 1533.91, 261.09, 0.8854
4: 1396.09, 261.43, 0.7119
5: 1591.21, 419.16, 0.9885
6: 1336.39, 390.77, 0.9952
7: 1651.33, 585.24, 0.9372
8: 1190.21, 520.03, 0.9761
9: 1515.59, 502.93, 0.9475
10: 1340.71, 469.23, 0.9708
11: 1519.21, 838.10, 0.9707
12: 1347.64, 825.11, 0.9809
13: 1517.74, 1080.00, 0.3965
14: 1347.07, 1080.00, 0.4906
15: 1549.62, 1080.00, 0.0347
16: 1333.92, 1080.00, 0.0462

Frame: 62, Person: 0
0: 1452.99, 279.04, 0.9945
1: 1482.86, 251.69, 0.9847
2: 1427.57, 252.07, 0.9791
3: 1532.60, 264.87, 0.8724
4: 1395.30, 264.56, 0.6956
5: 1592.18, 417.21, 0.9889
6: 1326.31, 396.57, 0.9938
7: 1667.87, 566.54, 0.9440
8: 1184.53, 523.80, 0.9685
9: 1534.25, 465.34, 0.9490
10: 1312.70, 458.64, 0.9626
11: 1517.65, 847.32, 0.9672
12: 1339.28, 837.21, 0.9748
13: 1524.14, 1080.00, 0.3445
14: 1344.62, 1080.00, 0.3959
15: 1557.22, 1080.00, 0.0272
16: 1343.04, 1080.00, 0.0322

Frame: 63, Person: 0
0: 1456.48, 283.01, 0.9947
1: 1484.58, 254.23, 0.9844
2: 1429.49, 257.02, 0.9808
3: 1532.06, 265.47, 0.8614
4: 1394.47, 271.04, 0.7204
5: 1592.92, 417.37, 0.9888
6: 1326.15, 405.23, 0.9939
7: 1689.36, 551.62, 0.9428
8: 1175.76, 520.16, 0.9688
9: 1561.30, 450.27, 0.9489
10: 1299.86, 438.86, 0.9634
11: 1518.09, 853.16, 0.9664
12: 1339.57, 846.44, 0.9743
13: 1523.47, 1080.00, 0.3335
14: 1341.45, 1080.00, 0.3849
15: 1565.77, 1080.00, 0.0260
16: 1337.41, 1080.00, 0.0306

Frame: 64, Person: 0
0: 1456.70, 286.30, 0.9946
1: 1486.53, 257.63, 0.9851
2: 1430.11, 259.42, 0.9798
3: 1536.64, 266.45, 0.8705
4: 1396.16, 269.85, 0.6952
5: 1596.34, 409.40, 0.9884
6: 1328.80, 401.04, 0.9931
7: 1702.75, 525.69, 0.9426
8: 1176.59, 509.92, 0.9645
9: 1581.56, 414.93, 0.9480
10: 1287.49, 425.26, 0.9587
11: 1521.11, 850.91, 0.9663
12: 1342.75, 844.81, 0.9730
13: 1523.34, 1080.00, 0.3314
14: 1345.02, 1080.00, 0.3712
15: 1567.40, 1080.00, 0.0256
16: 1343.75, 1080.00, 0.0293

Frame: 65, Person: 0
0: 1455.42, 289.27, 0.9942
1: 1486.27, 260.36, 0.9857
2: 1429.18, 262.98, 0.9768
3: 1539.82, 268.20, 0.8910
4: 1398.95, 273.77, 0.6386
5: 1605.47, 408.03, 0.9883
6: 1334.89, 399.78, 0.9922
7: 1716.44, 506.73, 0.9449
8: 1184.76, 487.64, 0.9611
9: 1592.16, 367.33, 0.9472
10: 1255.33, 395.23, 0.9528
11: 1522.36, 862.53, 0.9621
12: 1341.80, 854.29, 0.9679
13: 1531.59, 1080.00, 0.2763
14: 1346.99, 1080.00, 0.3044
15: 1574.25, 1080.00, 0.0198
16: 1351.19, 1080.00, 0.0223

Frame: 66, Person: 0
0: 1459.85, 293.13, 0.9952
1: 1486.94, 261.74, 0.9829
2: 1431.35, 266.10, 0.9841
3: 1534.17, 259.86, 0.8105
4: 1392.99, 269.49, 0.7408
5: 1601.37, 394.56, 0.9878
6: 1324.42, 390.64, 0.9938
7: 1727.81, 489.99, 0.9379
8: 1178.37, 479.33, 0.9700
9: 1607.99, 334.64, 0.9447
10: 1256.92, 365.55, 0.9632
11: 1521.74, 853.95, 0.9639
12: 1338.61, 848.02, 0.9734
13: 1521.36, 1080.00, 0.3098
14: 1340.51, 1080.00, 0.3685
15: 1559.78, 1080.00, 0.0230
16: 1350.00, 1080.00, 0.0273

Frame: 67, Person: 0
0: 1459.02, 294.99, 0.9959
1: 1486.52, 264.76, 0.9831
2: 1431.12, 266.50, 0.9847
3: 1529.91, 266.05, 0.7649
4: 1388.11, 268.31, 0.7629
5: 1596.78, 396.85, 0.9926
6: 1324.09, 389.57, 0.9933
7: 1725.19, 465.06, 0.9609
8: 1191.44, 464.17, 0.9650
9: 1609.94, 291.88, 0.9587
10: 1260.37, 323.61, 0.9613
11: 1525.91, 843.53, 0.9758
12: 1346.04, 836.11, 0.9777
13: 1509.59, 1080.00, 0.4642
14: 1338.92, 1080.00, 0.4705
15: 1531.26, 1080.00, 0.0422
16: 1355.55, 1080.00, 0.0417

Frame: 68, Person: 0
0: 1460.44, 297.59, 0.9958
1: 1487.02, 267.39, 0.9800
2: 1432.02, 270.66, 0.9887
3: 1527.23, 269.77, 0.7284
4: 1386.87, 275.81, 0.8233
5: 1586.47, 398.65, 0.9868
6: 1320.99, 396.76, 0.9949
7: 1733.23, 444.23, 0.9288
8: 1176.01, 449.85, 0.9775
9: 1607.06, 283.12, 0.9394
10: 1274.45, 325.95, 0.9715
11: 1519.57, 860.93, 0.9603
12: 1342.80, 855.40, 0.9750
13: 1513.60, 1080.00, 0.2799
14: 1339.67, 1080.00, 0.3709
15: 1555.32, 1080.00, 0.0209
16: 1338.99, 1080.00, 0.0268

Frame: 69, Person: 0
0: 1457.33, 299.05, 0.9956
1: 1486.00, 268.90, 0.9818
2: 1428.72, 271.52, 0.9872
3: 1529.95, 272.66, 0.7693
4: 1385.68, 277.33, 0.7916
5: 1586.41, 399.94, 0.9852
6: 1322.40, 399.38, 0.9944
7: 1735.60, 442.70, 0.9253
8: 1180.38, 447.65, 0.9763
9: 1609.49, 280.97, 0.9386
10: 1302.28, 299.07, 0.9703
11: 1516.29, 864.87, 0.9532
12: 1340.65, 860.15, 0.9707
13: 1504.60, 1080.00, 0.2423
14: 1338.16, 1080.00, 0.3296
15: 1547.19, 1080.00, 0.0176
16: 1338.16, 1080.00, 0.0232

Frame: 70, Person: 0
0: 1458.27, 302.04, 0.9957
1: 1485.62, 272.30, 0.9804
2: 1430.17, 274.90, 0.9886
3: 1526.69, 275.73, 0.7306
4: 1385.32, 279.98, 0.8186
5: 1583.96, 401.25, 0.9852
6: 1319.00, 401.55, 0.9949
7: 1737.09, 440.24, 0.9234
8: 1179.63, 448.27, 0.9789
9: 1609.96, 275.59, 0.9376
10: 1310.27, 293.35, 0.9730
11: 1518.57, 865.07, 0.9553
12: 1341.67, 861.11, 0.9735
13: 1507.26, 1080.00, 0.2536
14: 1336.17, 1080.00, 0.3538
15: 1550.35, 1080.00, 0.0187
16: 1335.36, 1080.00, 0.0251

Frame: 71, Person: 0
0: 1461.06, 303.19, 0.9957
1: 1488.05, 272.95, 0.9809
2: 1432.91, 275.89, 0.9884
3: 1529.94, 274.46, 0.7386
4: 1389.01, 279.62, 0.8121
5: 1586.56, 399.92, 0.9849
6: 1322.47, 399.99, 0.9949
7: 1738.22, 442.29, 0.9239
8: 1177.38, 446.07, 0.9792
9: 1610.93, 281.15, 0.9389
10: 1309.49, 288.47, 0.9736
11: 1518.48, 863.59, 0.9554
12: 1341.25, 859.85, 0.9735
13: 1510.67, 1080.00, 0.2552
14: 1333.78, 1080.00, 0.3558
15: 1559.67, 1080.00, 0.0188
16: 1329.98, 1080.00, 0.0253

Frame: 72, Person: 0
0: 1462.80, 302.98, 0.9957
1: 1490.08, 274.23, 0.9798
2: 1436.03, 275.61, 0.9882
3: 1530.26, 278.14, 0.7271
4: 1392.06, 279.56, 0.8166
5: 1585.57, 400.62, 0.9860
6: 1324.50, 399.11, 0.9949
7: 1737.56, 445.87, 0.9295
8: 1183.60, 448.66, 0.9793
9: 1602.56, 283.39, 0.9408
10: 1312.00, 285.93, 0.9731
11: 1518.09, 860.74, 0.9582
12: 1342.46, 855.83, 0.9744
13: 1509.45, 1080.00, 0.2620
14: 1334.93, 1080.00, 0.3558
15: 1557.91, 1080.00, 0.0187
16: 1330.08, 1080.00, 0.0245

Frame: 73, Person: 0
0: 1464.51, 308.38, 0.9959
1: 1489.55, 277.65, 0.9757
2: 1435.76, 280.71, 0.9901
3: 1525.21, 276.84, 0.6252
4: 1385.29, 281.40, 0.8654
5: 1581.98, 397.97, 0.9874
6: 1315.64, 397.39, 0.9952
7: 1733.14, 457.26, 0.9307
8: 1187.37, 454.08, 0.9800
9: 1593.27, 294.57, 0.9400
10: 1327.91, 280.44, 0.9740
11: 1521.11, 857.60, 0.9613
12: 1342.49, 854.50, 0.9761
13: 1509.58, 1080.00, 0.2766
14: 1336.26, 1080.00, 0.3703
15: 1550.46, 1080.00, 0.0191
16: 1335.64, 1080.00, 0.0242

Frame: 74, Person: 0
0: 1459.02, 303.68, 0.9945
1: 1484.03, 273.47, 0.9773
2: 1430.72, 278.22, 0.9834
3: 1524.78, 274.02, 0.7723
4: 1391.00, 284.15, 0.8030
5: 1587.50, 394.19, 0.9893
6: 1329.78, 397.56, 0.9947
7: 1721.80, 465.15, 0.9424
8: 1198.31, 465.68, 0.9756
9: 1585.86, 306.43, 0.9437
10: 1327.17, 302.33, 0.9669
11: 1520.57, 840.19, 0.9668
12: 1348.06, 838.22, 0.9765
13: 1515.94, 1080.00, 0.3113
14: 1347.07, 1080.00, 0.3821
15: 1555.48, 1080.00, 0.0221
16: 1343.24, 1080.00, 0.0267

Frame: 75, Person: 0
0: 1459.16, 305.74, 0.9942
1: 1484.28, 276.52, 0.9756
2: 1432.05, 279.66, 0.9827
3: 1523.15, 279.02, 0.7578
4: 1391.86, 285.16, 0.8055
5: 1583.68, 399.71, 0.9893
6: 1329.26, 399.70, 0.9942
7: 1716.62, 465.35, 0.9433
8: 1202.22, 464.40, 0.9734
9: 1581.67, 301.89, 0.9435
10: 1333.13, 300.14, 0.9646
11: 1518.51, 841.32, 0.9656
12: 1347.59, 838.09, 0.9746
13: 1513.86, 1080.00, 0.3056
14: 1346.28, 1080.00, 0.3657
15: 1554.13, 1080.00, 0.0215
16: 1344.44, 1080.00, 0.0251

Frame: 76, Person: 0
0: 1460.78, 308.97, 0.9943
1: 1485.08, 280.35, 0.9733
2: 1433.76, 283.44, 0.9840
3: 1520.92, 283.73, 0.7241
4: 1391.52, 289.37, 0.8304
5: 1580.37, 401.00, 0.9898
6: 1328.70, 401.32, 0.9946
7: 1717.26, 464.26, 0.9443
8: 1202.52, 464.23, 0.9754
9: 1583.40, 302.09, 0.9428
10: 1335.24, 297.44, 0.9661
11: 1521.01, 842.08, 0.9673
12: 1351.33, 839.30, 0.9763
13: 1516.34, 1080.00, 0.3070
14: 1346.76, 1080.00, 0.3701
15: 1557.57, 1080.00, 0.0212
16: 1340.25, 1080.00, 0.0248

Frame: 77, Person: 0
0: 1463.94, 307.94, 0.9951
1: 1487.24, 277.95, 0.9737
2: 1435.04, 282.83, 0.9875
3: 1521.45, 280.00, 0.6718
4: 1388.56, 289.56, 0.8572
5: 1580.00, 398.40, 0.9891
6: 1326.88, 401.76, 0.9950
7: 1722.65, 462.16, 0.9397
8: 1200.94, 463.07, 0.9782
9: 1585.93, 301.18, 0.9414
10: 1332.16, 293.08, 0.9704
11: 1523.11, 843.30, 0.9651
12: 1352.57, 842.03, 0.9764
13: 1520.30, 1080.00, 0.2937
14: 1349.22, 1080.00, 0.3720
15: 1561.69, 1080.00, 0.0201
16: 1339.92, 1080.00, 0.0244

Frame: 78, Person: 0
0: 1465.22, 311.19, 0.9958
1: 1489.77, 280.30, 0.9764
2: 1436.42, 284.32, 0.9896
3: 1526.43, 278.45, 0.6478
4: 1388.14, 285.69, 0.8542
5: 1584.00, 396.81, 0.9873
6: 1321.55, 400.86, 0.9952
7: 1735.07, 457.37, 0.9316
8: 1193.36, 459.73, 0.9800
9: 1596.37, 300.69, 0.9414
10: 1327.52, 284.36, 0.9741
11: 1522.56, 851.54, 0.9629
12: 1347.14, 850.16, 0.9770
13: 1511.56, 1080.00, 0.2965
14: 1343.74, 1080.00, 0.3933
15: 1550.97, 1080.00, 0.0212
16: 1341.60, 1080.00, 0.0270

Frame: 79, Person: 0
0: 1465.12, 310.88, 0.9962
1: 1489.72, 280.66, 0.9790
2: 1436.63, 283.20, 0.9885
3: 1525.55, 280.87, 0.6494
4: 1386.75, 283.86, 0.8388
5: 1587.76, 404.38, 0.9918
6: 1320.29, 399.99, 0.9943
7: 1733.46, 460.93, 0.9559
8: 1199.50, 458.36, 0.9732
9: 1612.46, 292.37, 0.9574
10: 1320.97, 280.68, 0.9704
11: 1525.54, 846.03, 0.9739
12: 1348.27, 841.77, 0.9791
13: 1505.57, 1080.00, 0.4290
14: 1341.22, 1080.00, 0.4682
15: 1532.97, 1080.00, 0.0352
16: 1355.68, 1080.00, 0.0370

Frame: 80, Person: 0
0: 1465.38, 310.85, 0.9963
1: 1491.76, 280.70, 0.9801
2: 1437.70, 281.42, 0.9883
3: 1529.24, 281.27, 0.6654
4: 1387.74, 280.18, 0.8256
5: 1591.43, 407.90, 0.9919
6: 1316.95, 401.93, 0.9941
7: 1744.55, 464.13, 0.9553
8: 1190.01, 463.67, 0.9712
9: 1627.26, 292.35, 0.9576
10: 1300.42, 287.41, 0.9690
11: 1524.24, 853.10, 0.9735
12: 1343.86, 847.47, 0.9783
13: 1498.88, 1080.00, 0.4276
14: 1337.79, 1080.00, 0.4600
15: 1524.34, 1080.00, 0.0351
16: 1357.35, 1080.00, 0.0363

Frame: 81, Person: 0
0: 1466.15, 310.10, 0.9965
1: 1492.08, 278.98, 0.9793
2: 1438.08, 280.02, 0.9893
3: 1527.80, 277.34, 0.6289
4: 1385.01, 276.68, 0.8406
5: 1593.45, 406.35, 0.9928
6: 1310.51, 399.40, 0.9942
7: 1755.16, 474.05, 0.9572
8: 1178.42, 469.55, 0.9699
9: 1642.23, 303.18, 0.9580
10: 1266.80, 301.26, 0.9675
11: 1525.06, 854.96, 0.9755
12: 1341.17, 848.46, 0.9791
13: 1492.73, 1080.00, 0.4424
14: 1333.13, 1080.00, 0.4616
15: 1514.67, 1080.00, 0.0356
16: 1357.10, 1080.00, 0.0351

Frame: 82, Person: 0
0: 1466.12, 308.43, 0.9963
1: 1493.49, 277.94, 0.9805
2: 1438.22, 278.54, 0.9880
3: 1530.93, 279.48, 0.6722
4: 1386.77, 278.10, 0.8146
5: 1597.80, 410.65, 0.9927
6: 1312.23, 401.45, 0.9930
7: 1762.14, 473.31, 0.9563
8: 1173.65, 468.04, 0.9610
9: 1648.42, 294.41, 0.9537
10: 1239.81, 311.48, 0.9573
11: 1523.33, 865.10, 0.9726
12: 1337.83, 856.65, 0.9743
13: 1499.00, 1080.00, 0.4042
14: 1334.35, 1080.00, 0.4022
15: 1522.40, 1080.00, 0.0321
16: 1357.20, 1080.00, 0.0301

Frame: 83, Person: 0
0: 1464.93, 307.36, 0.9963
1: 1492.51, 276.22, 0.9821
2: 1436.79, 277.34, 0.9882
3: 1531.28, 276.69, 0.7109
4: 1387.28, 276.85, 0.8176
5: 1602.45, 409.48, 0.9921
6: 1309.78, 404.98, 0.9936
7: 1774.79, 479.57, 0.9472
8: 1161.77, 473.44, 0.9610
9: 1686.25, 317.01, 0.9424
10: 1210.60, 308.43, 0.9534
11: 1528.19, 870.57, 0.9679
12: 1340.11, 864.78, 0.9721
13: 1498.95, 1080.00, 0.3512
14: 1333.35, 1080.00, 0.3665
15: 1516.25, 1080.00, 0.0267
16: 1357.34, 1080.00, 0.0264

Frame: 84, Person: 0
0: 1466.34, 305.02, 0.9965
1: 1492.97, 272.94, 0.9820
2: 1437.41, 275.12, 0.9887
3: 1530.73, 271.87, 0.6964
4: 1386.86, 273.98, 0.8270
5: 1606.02, 408.59, 0.9928
6: 1308.45, 399.36, 0.9937
7: 1788.21, 495.59, 0.9520
8: 1152.41, 471.53, 0.9614
9: 1712.23, 336.71, 0.9473
10: 1190.71, 311.18, 0.9545
11: 1531.70, 876.53, 0.9669
12: 1342.36, 869.30, 0.9701
13: 1498.06, 1080.00, 0.3170
14: 1336.00, 1080.00, 0.3222
15: 1517.09, 1080.00, 0.0210
16: 1362.82, 1080.00, 0.0201

Frame: 85, Person: 0
0: 1466.17, 302.47, 0.9966
1: 1492.46, 270.59, 0.9821
2: 1437.18, 273.03, 0.9893
3: 1529.49, 271.03, 0.7043
4: 1387.82, 273.95, 0.8426
5: 1605.74, 409.57, 0.9925
6: 1309.45, 401.82, 0.9945
7: 1791.06, 497.57, 0.9457
8: 1151.24, 473.95, 0.9646
9: 1735.44, 341.54, 0.9397
10: 1177.81, 309.96, 0.9553
11: 1532.51, 874.71, 0.9643
12: 1345.09, 868.48, 0.9705
13: 1497.55, 1080.00, 0.3024
14: 1337.34, 1080.00, 0.3265
15: 1514.43, 1080.00, 0.0202
16: 1364.60, 1080.00, 0.0205

Frame: 86, Person: 0
0: 1468.55, 298.27, 0.9965
1: 1493.45, 265.91, 0.9811
2: 1437.98, 270.45, 0.9899
3: 1528.27, 267.74, 0.6929
4: 1387.39, 275.73, 0.8626
5: 1606.79, 410.09, 0.9921
6: 1309.39, 405.06, 0.9947
7: 1787.01, 501.72, 0.9388
8: 1156.79, 475.83, 0.9646
9: 1750.45, 359.02, 0.9289
10: 1167.90, 322.54, 0.9520
11: 1534.58, 877.86, 0.9613
12: 1346.81, 873.38, 0.9695
13: 1501.55, 1080.00, 0.2739
14: 1335.94, 1080.00, 0.3069
15: 1511.78, 1080.00, 0.0181
16: 1363.69, 1080.00, 0.0189

Frame: 87, Person: 0
0: 1468.84, 292.17, 0.9963
1: 1494.19, 260.13, 0.9803
2: 1437.98, 264.14, 0.9892
3: 1528.34, 265.31, 0.6945
4: 1386.35, 272.49, 0.8655
5: 1604.97, 410.76, 0.9925
6: 1307.03, 411.05, 0.9944
7: 1788.13, 507.81, 0.9418
8: 1157.86, 497.55, 0.9610
9: 1747.31, 384.17, 0.9303
10: 1179.47, 347.85, 0.9485
11: 1530.83, 881.01, 0.9609
12: 1342.76, 878.97, 0.9673
13: 1503.04, 1080.00, 0.2644
14: 1339.47, 1080.00, 0.2861
15: 1510.59, 1080.00, 0.0170
16: 1363.02, 1080.00, 0.0171

Frame: 88, Person: 0
0: 1470.35, 291.03, 0.9962
1: 1495.63, 258.53, 0.9786
2: 1439.23, 262.15, 0.9892
3: 1528.80, 263.53, 0.6650
4: 1385.05, 269.83, 0.8735
5: 1602.56, 410.19, 0.9932
6: 1304.13, 412.99, 0.9944
7: 1788.15, 514.88, 0.9485
8: 1161.52, 519.35, 0.9608
9: 1723.86, 401.88, 0.9400
10: 1211.67, 381.75, 0.9520
11: 1524.40, 881.18, 0.9629
12: 1335.52, 879.96, 0.9674
13: 1500.23, 1080.00, 0.2737
14: 1340.20, 1080.00, 0.2859
15: 1511.15, 1080.00, 0.0171
16: 1364.19, 1080.00, 0.0165

Frame: 89, Person: 0
0: 1471.56, 289.15, 0.9962
1: 1495.75, 256.80, 0.9789
2: 1440.39, 261.48, 0.9894
3: 1528.33, 262.36, 0.6619
4: 1385.79, 271.11, 0.8738
5: 1602.78, 410.28, 0.9930
6: 1303.36, 416.00, 0.9940
7: 1787.58, 522.54, 0.9474
8: 1167.76, 524.43, 0.9584
9: 1708.53, 442.77, 0.9403
10: 1238.24, 394.77, 0.9510
11: 1520.74, 876.17, 0.9630
12: 1330.74, 876.34, 0.9669
13: 1498.80, 1080.00, 0.2918
14: 1337.33, 1080.00, 0.3018
15: 1508.21, 1080.00, 0.0196
16: 1359.71, 1080.00, 0.0187

Frame: 90, Person: 0
0: 1470.99, 285.51, 0.9963
1: 1495.45, 253.88, 0.9793
2: 1439.71, 258.34, 0.9902
3: 1527.62, 261.81, 0.6625
4: 1383.84, 270.27, 0.8863
5: 1602.16, 407.80, 0.9931
6: 1299.36, 420.57, 0.9945
7: 1786.06, 519.09, 0.9477
8: 1168.37, 537.68, 0.9609
9: 1699.05, 487.19, 0.9400
10: 1253.21, 436.16, 0.9536
11: 1525.37, 874.45, 0.9663
12: 1332.41, 877.89, 0.9706
13: 1507.84, 1080.00, 0.3054
14: 1340.43, 1080.00, 0.3213
15: 1513.12, 1080.00, 0.0210
16: 1358.01, 1080.00, 0.0204

Frame: 91, Person: 0
0: 1468.13, 282.25, 0.9957
1: 1493.14, 250.97, 0.9795
2: 1437.70, 255.39, 0.9880
3: 1527.90, 260.10, 0.7213
4: 1384.95, 268.12, 0.8629
5: 1610.70, 413.82, 0.9927
6: 1300.71, 415.52, 0.9933
7: 1791.04, 531.78, 0.9408
8: 1167.10, 525.52, 0.9472
9: 1675.35, 508.65, 0.9303
10: 1255.11, 464.51, 0.9374
11: 1528.98, 877.57, 0.9623
12: 1331.04, 875.11, 0.9651
13: 1513.49, 1080.00, 0.2988
14: 1338.83, 1080.00, 0.3026
15: 1527.51, 1080.00, 0.0224
16: 1367.22, 1080.00, 0.0213

Frame: 92, Person: 0
0: 1468.26, 278.21, 0.9962
1: 1492.28, 247.84, 0.9772
2: 1437.99, 253.03, 0.9915
3: 1525.68, 259.35, 0.6801
4: 1385.67, 268.70, 0.9023
5: 1601.20, 416.11, 0.9903
6: 1298.36, 414.57, 0.9962
7: 1779.08, 550.39, 0.9219
8: 1149.63, 545.98, 0.9756
9: 1647.60, 529.77, 0.9296
10: 1288.12, 525.92, 0.9678
11: 1517.00, 878.58, 0.9537
12: 1325.39, 874.60, 0.9711
13: 1499.71, 1080.00, 0.2076
14: 1346.79, 1080.00, 0.2884
15: 1510.16, 1080.00, 0.0130
16: 1350.27, 1080.00, 0.0165

Frame: 93, Person: 0
0: 1469.61, 276.28, 0.9967
1: 1492.05, 246.26, 0.9784
2: 1438.68, 250.79, 0.9927
3: 1523.51, 258.72, 0.6602
4: 1385.02, 266.71, 0.9166
5: 1594.55, 418.36, 0.9915
6: 1306.96, 414.75, 0.9969
7: 1771.12, 549.23, 0.9315
8: 1158.17, 548.05, 0.9813
9: 1657.24, 555.88, 0.9407
10: 1312.64, 561.69, 0.9758
11: 1525.32, 878.56, 0.9637
12: 1342.15, 874.94, 0.9784
13: 1508.77, 1080.00, 0.2606
14: 1358.48, 1080.00, 0.3640
15: 1523.88, 1080.00, 0.0174
16: 1347.28, 1080.00, 0.0227

Frame: 94, Person: 0
0: 1468.70, 273.41, 0.9966
1: 1490.54, 244.00, 0.9788
2: 1437.52, 249.25, 0.9926
3: 1522.76, 258.22, 0.6645
4: 1384.63, 268.21, 0.9087
5: 1595.05, 419.23, 0.9904
6: 1310.40, 412.10, 0.9966
7: 1755.40, 561.69, 0.9284
8: 1173.19, 553.28, 0.9810
9: 1628.92, 560.48, 0.9388
10: 1328.64, 592.21, 0.9751
11: 1529.66, 873.72, 0.9617
12: 1344.57, 868.43, 0.9776
13: 1523.59, 1080.00, 0.2503
14: 1351.82, 1080.00, 0.3537
15: 1547.61, 1080.00, 0.0167
16: 1338.07, 1080.00, 0.0221

Frame: 95, Person: 0
0: 1468.28, 272.43, 0.9968
1: 1489.39, 241.57, 0.9786
2: 1435.90, 247.62, 0.9930
3: 1521.66, 254.05, 0.6462
4: 1382.01, 266.19, 0.9124
5: 1585.92, 417.36, 0.9904
6: 1318.68, 409.98, 0.9968
7: 1739.40, 567.53, 0.9301
8: 1177.95, 563.27, 0.9826
9: 1587.22, 542.88, 0.9455
10: 1350.03, 599.42, 0.9788
11: 1527.06, 860.31, 0.9654
12: 1351.39, 854.99, 0.9802
13: 1525.71, 1080.00, 0.3065
14: 1361.02, 1080.00, 0.4236
15: 1569.98, 1080.00, 0.0219
16: 1340.75, 1080.00, 0.0292

Frame: 96, Person: 0
0: 1467.09, 271.19, 0.9968
1: 1488.42, 240.56, 0.9784
2: 1434.07, 246.51, 0.9930
3: 1520.83, 254.19, 0.6395
4: 1379.55, 266.45, 0.9107
5: 1583.54, 417.83, 0.9904
6: 1318.35, 409.83, 0.9966
7: 1728.61, 570.68, 0.9311
8: 1189.94, 563.12, 0.9824
9: 1583.22, 537.95, 0.9456
10: 1358.78, 588.71, 0.9785
11: 1524.22, 857.96, 0.9664
12: 1349.06, 852.65, 0.9804
13: 1526.75, 1080.00, 0.3197
14: 1359.49, 1080.00, 0.4363
15: 1564.63, 1080.00, 0.0235
16: 1338.18, 1080.00, 0.0312

Frame: 97, Person: 0
0: 1466.38, 270.33, 0.9966
1: 1487.52, 239.88, 0.9777
2: 1433.31, 245.89, 0.9928
3: 1519.72, 253.86, 0.6429
4: 1379.18, 266.37, 0.9121
5: 1584.93, 417.32, 0.9906
6: 1318.59, 407.79, 0.9968
7: 1719.29, 572.39, 0.9308
8: 1199.54, 561.78, 0.9832
9: 1584.19, 520.81, 0.9450
10: 1364.27, 578.82, 0.9789
11: 1529.85, 846.46, 0.9698
12: 1353.59, 840.68, 0.9828
13: 1527.43, 1080.00, 0.3588
14: 1355.77, 1080.00, 0.4840
15: 1559.04, 1080.00, 0.0275
16: 1337.74, 1080.00, 0.0369

Frame: 98, Person: 0
0: 1467.38, 268.94, 0.9964
1: 1488.23, 238.73, 0.9767
2: 1433.82, 244.76, 0.9921
3: 1519.49, 253.97, 0.6316
4: 1378.83, 267.06, 0.9050
5: 1584.44, 418.19, 0.9905
6: 1319.03, 408.88, 0.9962
7: 1711.55, 573.04, 0.9324
8: 1203.59, 565.24, 0.9802
9: 1575.42, 499.90, 0.9444
10: 1356.06, 576.16, 0.9757
11: 1530.42, 850.13, 0.9666
12: 1354.98, 844.40, 0.9795
13: 1527.80, 1080.00, 0.3313
14: 1359.09, 1080.00, 0.4353
15: 1555.27, 1080.00, 0.0244
16: 1344.08, 1080.00, 0.0310

Frame: 99, Person: 0
0: 1468.77, 269.20, 0.9963
1: 1489.96, 239.20, 0.9751
2: 1435.50, 244.91, 0.9920
3: 1520.24, 254.64, 0.6107
4: 1380.20, 266.93, 0.9071
5: 1584.04, 417.55, 0.9907
6: 1316.52, 408.48, 0.9960
7: 1707.41, 575.39, 0.9339
8: 1205.81, 573.21, 0.9785
9: 1578.50, 482.94, 0.9419
10: 1340.56, 581.58, 0.9726
11: 1527.67, 856.80, 0.9644
12: 1351.04, 851.29, 0.9770
13: 1531.26, 1080.00, 0.3032
14: 1359.88, 1080.00, 0.3931
15: 1556.79, 1080.00, 0.0213
16: 1351.67, 1080.00, 0.0262

Frame: 100, Person: 0
0: 1469.99, 267.69, 0.9965
1: 1491.48, 238.54, 0.9748
2: 1436.93, 243.68, 0.9927
3: 1520.81, 255.45, 0.5913
4: 1380.41, 266.90, 0.9136
5: 1583.27, 414.98, 0.9909
6: 1314.91, 411.28, 0.9963
7: 1705.38, 567.76, 0.9353
8: 1212.20, 581.15, 0.9801
9: 1573.38, 470.97, 0.9426
10: 1335.18, 587.61, 0.9738
11: 1527.27, 856.33, 0.9680
12: 1350.05, 852.42, 0.9798
13: 1529.25, 1080.00, 0.3250
14: 1358.31, 1080.00, 0.4212
15: 1552.08, 1080.00, 0.0230
16: 1354.41, 1080.00, 0.0284

Frame: 101, Person: 0
0: 1470.86, 266.94, 0.9965
1: 1491.74, 238.26, 0.9731
2: 1437.74, 243.46, 0.9927
3: 1519.34, 255.63, 0.5638
4: 1380.13, 267.60, 0.9170
5: 1582.20, 412.81, 0.9915
6: 1314.46, 412.34, 0.9962
7: 1701.23, 562.71, 0.9380
8: 1216.48, 586.46, 0.9794
9: 1569.67, 456.16, 0.9430
10: 1326.81, 591.25, 0.9726
11: 1526.58, 852.56, 0.9699
12: 1351.00, 849.34, 0.9805
13: 1520.79, 1080.00, 0.3420
14: 1358.28, 1080.00, 0.4312
15: 1534.17, 1080.00, 0.0243
16: 1356.46, 1080.00, 0.0290

Frame: 102, Person: 0
0: 1470.93, 265.96, 0.9967
1: 1490.85, 237.56, 0.9728
2: 1437.57, 242.86, 0.9935
3: 1517.19, 254.96, 0.5331
4: 1378.92, 267.23, 0.9277
5: 1576.55, 410.32, 0.9914
6: 1316.66, 410.17, 0.9965
7: 1698.87, 553.94, 0.9380
8: 1217.53, 584.02, 0.9818
9: 1568.98, 450.42, 0.9449
10: 1332.97, 604.80, 0.9758
11: 1524.94, 841.52, 0.9720
12: 1353.00, 838.72, 0.9826
13: 1525.64, 1080.00, 0.3757
14: 1359.02, 1080.00, 0.4780
15: 1549.61, 1080.00, 0.0283
16: 1351.53, 1080.00, 0.0346

Frame: 103, Person: 0
0: 1470.60, 266.28, 0.9966
1: 1490.41, 237.27, 0.9723
2: 1437.41, 242.67, 0.9933
3: 1517.05, 252.94, 0.5292
4: 1379.48, 265.20, 0.9263
5: 1575.30, 406.67, 0.9914
6: 1318.87, 409.34, 0.9965
7: 1697.19, 550.27, 0.9379
8: 1215.15, 589.64, 0.9817
9: 1563.11, 444.60, 0.9448
10: 1344.37, 603.43, 0.9759
11: 1527.27, 844.41, 0.9714
12: 1357.83, 842.87, 0.9822
13: 1522.24, 1080.00, 0.3700
14: 1363.07, 1080.00, 0.4715
15: 1542.52, 1080.00, 0.0277
16: 1348.13, 1080.00, 0.0338

Frame: 104, Person: 0
0: 1470.41, 265.32, 0.9966
1: 1489.64, 236.11, 0.9719
2: 1437.12, 242.09, 0.9932
3: 1515.99, 251.44, 0.5203
4: 1379.26, 265.01, 0.9263
5: 1573.79, 403.66, 0.9912
6: 1318.67, 408.21, 0.9964
7: 1693.59, 547.15, 0.9387
8: 1214.29, 590.53, 0.9814
9: 1562.02, 439.48, 0.9452
10: 1349.26, 597.58, 0.9759
11: 1527.99, 837.69, 0.9714
12: 1358.03, 837.48, 0.9820
13: 1528.52, 1080.00, 0.3732
14: 1360.82, 1080.00, 0.4718
15: 1552.23, 1080.00, 0.0278
16: 1340.66, 1080.00, 0.0336

Frame: 105, Person: 0
0: 1470.05, 265.01, 0.9966
1: 1489.61, 235.87, 0.9717
2: 1436.60, 241.12, 0.9931
3: 1515.64, 251.53, 0.5059
4: 1377.31, 263.41, 0.9237
5: 1572.04, 402.93, 0.9909
6: 1318.68, 408.29, 0.9958
7: 1693.17, 543.12, 0.9378
8: 1215.79, 591.29, 0.9789
9: 1559.06, 435.45, 0.9446
10: 1356.42, 595.09, 0.9738
11: 1531.67, 837.85, 0.9682
12: 1363.18, 838.02, 0.9790
13: 1526.23, 1080.00, 0.3463
14: 1366.00, 1080.00, 0.4311
15: 1548.87, 1080.00, 0.0247
16: 1345.91, 1080.00, 0.0288

Frame: 106, Person: 0
0: 1469.88, 264.38, 0.9965
1: 1489.55, 235.43, 0.9726
2: 1436.04, 241.07, 0.9929
3: 1516.41, 251.78, 0.5319
4: 1377.82, 265.02, 0.9205
5: 1573.71, 402.88, 0.9907
6: 1321.77, 408.48, 0.9960
7: 1689.61, 541.35, 0.9362
8: 1221.44, 586.68, 0.9800
9: 1554.96, 432.55, 0.9434
10: 1357.23, 588.97, 0.9747
11: 1533.27, 837.73, 0.9687
12: 1365.65, 837.61, 0.9801
13: 1526.91, 1080.00, 0.3518
14: 1366.66, 1080.00, 0.4467
15: 1545.77, 1080.00, 0.0257
16: 1345.70, 1080.00, 0.0310

Frame: 107, Person: 0
0: 1469.96, 264.51, 0.9966
1: 1489.78, 235.85, 0.9721
2: 1436.10, 240.80, 0.9932
3: 1515.80, 252.85, 0.5031
4: 1376.37, 264.55, 0.9224
5: 1571.62, 402.93, 0.9906
6: 1321.73, 408.83, 0.9958
7: 1689.76, 540.05, 0.9364
8: 1224.66, 589.04, 0.9793
9: 1552.42, 426.35, 0.9438
10: 1356.58, 585.88, 0.9743
11: 1532.22, 838.03, 0.9676
12: 1366.08, 837.51, 0.9790
13: 1522.07, 1080.00, 0.3426
14: 1366.61, 1080.00, 0.4316
15: 1539.08, 1080.00, 0.0243
16: 1344.30, 1080.00, 0.0287

Frame: 108, Person: 0
0: 1469.89, 264.45, 0.9966
1: 1489.76, 235.76, 0.9724
2: 1435.84, 240.88, 0.9931
3: 1516.18, 252.75, 0.5105
4: 1376.34, 264.94, 0.9198
5: 1571.99, 402.47, 0.9904
6: 1322.72, 408.50, 0.9957
7: 1688.07, 537.89, 0.9359
8: 1224.66, 587.64, 0.9791
9: 1549.15, 422.22, 0.9436
10: 1359.09, 584.62, 0.9742
11: 1532.86, 837.77, 0.9674
12: 1367.28, 837.12, 0.9789
13: 1519.54, 1080.00, 0.3419
14: 1366.46, 1080.00, 0.4312
15: 1534.80, 1080.00, 0.0243
16: 1343.00, 1080.00, 0.0288

Frame: 109, Person: 0
0: 1469.85, 264.60, 0.9966
1: 1489.68, 235.65, 0.9723
2: 1435.82, 240.94, 0.9933
3: 1516.11, 252.17, 0.5051
4: 1376.29, 264.79, 0.9219
5: 1571.76, 401.41, 0.9903
6: 1322.39, 409.00, 0.9958
7: 1687.04, 535.84, 0.9351
8: 1227.45, 588.73, 0.9797
9: 1548.48, 419.60, 0.9430
10: 1359.75, 582.88, 0.9747
11: 1531.83, 836.53, 0.9672
12: 1365.24, 836.43, 0.9791
13: 1521.84, 1080.00, 0.3407
14: 1362.24, 1080.00, 0.4336
15: 1538.24, 1080.00, 0.0242
16: 1337.81, 1080.00, 0.0289

Frame: 110, Person: 0
0: 1469.61, 264.80, 0.9967
1: 1489.69, 235.65, 0.9726
2: 1435.60, 240.89, 0.9933
3: 1516.60, 251.82, 0.5048
4: 1376.13, 264.30, 0.9214
5: 1571.99, 400.86, 0.9899
6: 1321.69, 409.43, 0.9957
7: 1686.87, 535.10, 0.9334
8: 1227.43, 591.22, 0.9793
9: 1548.77, 420.30, 0.9416
10: 1360.31, 587.58, 0.9742
11: 1531.95, 836.74, 0.9649
12: 1364.12, 837.15, 0.9777
13: 1524.93, 1080.00, 0.3225
14: 1360.47, 1080.00, 0.4145
15: 1541.80, 1080.00, 0.0225
16: 1334.81, 1080.00, 0.0270

Frame: 111, Person: 0
0: 1468.96, 265.19, 0.9966
1: 1489.06, 236.19, 0.9720
2: 1435.32, 241.12, 0.9934
3: 1515.55, 252.27, 0.4884
4: 1375.50, 263.85, 0.9219
5: 1570.97, 400.00, 0.9899
6: 1320.44, 409.36, 0.9955
7: 1685.15, 534.26, 0.9342
8: 1229.83, 594.19, 0.9786
9: 1548.19, 418.76, 0.9410
10: 1359.17, 592.17, 0.9733
11: 1533.78, 837.37, 0.9642
12: 1365.20, 838.22, 0.9768
13: 1529.18, 1080.00, 0.3119
14: 1361.24, 1080.00, 0.3978
15: 1546.45, 1080.00, 0.0212
16: 1336.42, 1080.00, 0.0250

Frame: 112, Person: 0
0: 1468.94, 265.47, 0.9967
1: 1488.87, 236.58, 0.9718
2: 1435.28, 241.59, 0.9935
3: 1515.28, 252.78, 0.4881
4: 1375.47, 264.54, 0.9237
5: 1571.11, 401.23, 0.9900
6: 1320.23, 409.57, 0.9956
7: 1686.01, 535.09, 0.9337
8: 1230.50, 593.77, 0.9791
9: 1549.40, 418.71, 0.9407
10: 1361.03, 598.41, 0.9735
11: 1533.52, 838.37, 0.9649
12: 1364.45, 838.80, 0.9775
13: 1531.00, 1080.00, 0.3159
14: 1360.49, 1080.00, 0.4051
15: 1549.91, 1080.00, 0.0218
16: 1336.15, 1080.00, 0.0259

Frame: 113, Person: 0
0: 1466.48, 265.00, 0.9966
1: 1486.82, 236.29, 0.9730
2: 1432.99, 241.48, 0.9931
3: 1514.48, 252.94, 0.5254
4: 1374.88, 265.33, 0.9176
5: 1571.75, 401.45, 0.9901
6: 1320.14, 410.09, 0.9957
7: 1685.20, 535.06, 0.9345
8: 1231.85, 593.82, 0.9794
9: 1549.71, 419.44, 0.9412
10: 1359.52, 603.96, 0.9732
11: 1531.72, 836.66, 0.9664
12: 1362.49, 836.85, 0.9786
13: 1527.61, 1080.00, 0.3282
14: 1357.25, 1080.00, 0.4203
15: 1546.19, 1080.00, 0.0233
16: 1336.28, 1080.00, 0.0280

Frame: 114, Person: 0
0: 1462.54, 264.51, 0.9965
1: 1483.41, 235.54, 0.9743
2: 1429.49, 240.74, 0.9925
3: 1512.77, 251.84, 0.5647
4: 1373.60, 264.31, 0.9083
5: 1571.05, 401.53, 0.9902
6: 1319.93, 410.94, 0.9956
7: 1685.83, 536.24, 0.9357
8: 1231.41, 596.52, 0.9786
9: 1550.25, 420.36, 0.9423
10: 1359.35, 605.51, 0.9723
11: 1529.31, 837.54, 0.9665
12: 1360.22, 837.87, 0.9783
13: 1526.85, 1080.00, 0.3323
14: 1355.41, 1080.00, 0.4213
15: 1548.26, 1080.00, 0.0240
16: 1335.35, 1080.00, 0.0288

Frame: 115, Person: 0
0: 1459.14, 263.97, 0.9964
1: 1480.86, 234.97, 0.9758
2: 1426.64, 239.89, 0.9919
3: 1512.07, 251.14, 0.6004
4: 1372.62, 263.00, 0.8970
5: 1571.19, 399.97, 0.9905
6: 1319.89, 410.29, 0.9956
7: 1685.27, 535.30, 0.9392
8: 1231.78, 597.28, 0.9783
9: 1550.56, 419.04, 0.9449
10: 1356.53, 601.85, 0.9721
11: 1529.91, 834.32, 0.9688
12: 1360.09, 834.87, 0.9793
13: 1530.05, 1080.00, 0.3566
14: 1354.00, 1080.00, 0.4423
15: 1553.58, 1080.00, 0.0267
16: 1333.72, 1080.00, 0.0319

Frame: 116, Person: 0
0: 1458.20, 261.67, 0.9964
1: 1479.95, 233.45, 0.9755
2: 1426.22, 237.65, 0.9919
3: 1510.72, 251.01, 0.6017
4: 1372.57, 261.25, 0.8978
5: 1570.62, 399.87, 0.9905
6: 1319.62, 409.77, 0.9957
7: 1686.71, 533.39, 0.9386
8: 1230.07, 596.75, 0.9785
9: 1550.90, 416.77, 0.9437
10: 1355.57, 599.35, 0.9719
11: 1529.80, 836.55, 0.9683
12: 1360.67, 836.53, 0.9791
13: 1525.13, 1080.00, 0.3455
14: 1353.58, 1080.00, 0.4324
15: 1544.94, 1080.00, 0.0253
16: 1331.14, 1080.00, 0.0304

Frame: 117, Person: 0
0: 1455.67, 258.61, 0.9963
1: 1477.79, 230.55, 0.9767
2: 1423.93, 234.74, 0.9912
3: 1509.99, 249.04, 0.6449
4: 1372.71, 259.50, 0.8884
5: 1571.11, 399.51, 0.9904
6: 1321.72, 409.18, 0.9957
7: 1686.19, 533.21, 0.9376
8: 1228.93, 594.41, 0.9786
9: 1550.78, 417.60, 0.9434
10: 1355.31, 595.54, 0.9720
11: 1530.62, 835.58, 0.9677
12: 1362.92, 835.44, 0.9791
13: 1525.44, 1080.00, 0.3424
14: 1357.22, 1080.00, 0.4334
15: 1546.65, 1080.00, 0.0252
16: 1335.36, 1080.00, 0.0309

Frame: 118, Person: 0
0: 1454.95, 258.75, 0.9962
1: 1476.64, 230.40, 0.9764
2: 1423.37, 235.03, 0.9909
3: 1508.59, 248.33, 0.6490
4: 1372.75, 259.75, 0.8872
5: 1570.56, 399.37, 0.9906
6: 1321.16, 410.12, 0.9957
7: 1686.90, 534.78, 0.9389
8: 1227.10, 596.62, 0.9781
9: 1552.44, 419.56, 0.9442
10: 1352.73, 595.08, 0.9714
11: 1529.96, 834.41, 0.9681
12: 1362.52, 834.97, 0.9790
13: 1526.30, 1080.00, 0.3493
14: 1358.48, 1080.00, 0.4366
15: 1549.46, 1080.00, 0.0259
16: 1338.52, 1080.00, 0.0314

Frame: 119, Person: 0
0: 1454.38, 257.73, 0.9961
1: 1476.26, 229.55, 0.9764
2: 1423.02, 234.06, 0.9908
3: 1508.34, 247.57, 0.6516
4: 1372.63, 258.69, 0.8857
5: 1570.64, 398.23, 0.9907
6: 1320.57, 409.38, 0.9957
7: 1687.26, 533.75, 0.9392
8: 1228.87, 595.26, 0.9780
9: 1554.04, 420.22, 0.9446
10: 1350.05, 592.40, 0.9714
11: 1529.51, 831.74, 0.9691
12: 1362.28, 832.35, 0.9796
13: 1524.61, 1080.00, 0.3664
14: 1359.91, 1080.00, 0.4546
15: 1545.05, 1080.00, 0.0282
16: 1342.99, 1080.00, 0.0342

Frame: 120, Person: 0
0: 1454.50, 257.50, 0.9960
1: 1476.53, 229.01, 0.9769
2: 1422.97, 233.87, 0.9903
3: 1509.50, 246.75, 0.6696
4: 1373.44, 258.72, 0.8791
5: 1572.40, 398.77, 0.9905
6: 1320.68, 409.35, 0.9956
7: 1687.03, 534.34, 0.9387
8: 1226.34, 593.00, 0.9771
9: 1555.68, 421.78, 0.9437
10: 1349.47, 590.65, 0.9701
11: 1528.71, 835.21, 0.9674
12: 1360.31, 835.82, 0.9782
13: 1525.59, 1080.00, 0.3450
14: 1358.66, 1080.00, 0.4292
15: 1545.86, 1080.00, 0.0259
16: 1341.66, 1080.00, 0.0312

Frame: 121, Person: 0
0: 1454.66, 257.17, 0.9959
1: 1476.92, 228.55, 0.9776
2: 1423.19, 233.67, 0.9897
3: 1510.95, 246.55, 0.6944
4: 1375.06, 259.21, 0.8709
5: 1574.31, 399.96, 0.9906
6: 1322.66, 409.90, 0.9955
7: 1688.11, 537.75, 0.9401
8: 1226.35, 593.18, 0.9769
9: 1556.00, 422.84, 0.9445
10: 1348.32, 588.25, 0.9697
11: 1527.87, 837.74, 0.9678
12: 1358.77, 837.99, 0.9783
13: 1529.23, 1080.00, 0.3423
14: 1356.67, 1080.00, 0.4243
15: 1553.92, 1080.00, 0.0255
16: 1338.47, 1080.00, 0.0308

Frame: 122, Person: 0
0: 1455.11, 255.44, 0.9959
1: 1477.42, 227.52, 0.9774
2: 1423.72, 232.16, 0.9898
3: 1510.77, 247.20, 0.6915
4: 1375.11, 258.81, 0.8728
5: 1573.09, 401.02, 0.9907
6: 1322.77, 409.30, 0.9956
7: 1690.62, 540.09, 0.9407
8: 1225.96, 593.99, 0.9769
9: 1559.73, 421.81, 0.9454
10: 1351.23, 588.49, 0.9699
11: 1527.24, 836.85, 0.9687
12: 1359.65, 836.45, 0.9787
13: 1527.10, 1080.00, 0.3539
14: 1359.67, 1080.00, 0.4359
15: 1554.72, 1080.00, 0.0268
16: 1343.46, 1080.00, 0.0323

Frame: 123, Person: 0
0: 1453.47, 253.76, 0.9959
1: 1476.87, 227.15, 0.9785
2: 1422.59, 230.71, 0.9896
3: 1511.36, 249.82, 0.7204
4: 1375.06, 259.20, 0.8661
5: 1573.88, 403.87, 0.9907
6: 1321.60, 410.50, 0.9957
7: 1693.56, 540.81, 0.9397
8: 1222.63, 594.67, 0.9772
9: 1563.92, 423.40, 0.9445
10: 1349.35, 595.66, 0.9695
11: 1525.96, 838.15, 0.9681
12: 1357.57, 836.70, 0.9787
13: 1523.41, 1080.00, 0.3438
14: 1357.32, 1080.00, 0.4291
15: 1551.90, 1080.00, 0.0259
16: 1343.25, 1080.00, 0.0318

Frame: 124, Person: 0
0: 1450.61, 252.44, 0.9957
1: 1476.32, 226.30, 0.9813
2: 1421.16, 228.65, 0.9878
3: 1515.16, 250.67, 0.7897
4: 1377.41, 257.15, 0.8312
5: 1581.24, 409.50, 0.9908
6: 1320.21, 412.09, 0.9955
7: 1703.76, 546.31, 0.9411
8: 1217.01, 592.30, 0.9748
9: 1568.71, 429.49, 0.9464
10: 1342.83, 601.07, 0.9665
11: 1524.58, 844.97, 0.9680
12: 1350.79, 841.12, 0.9778
13: 1522.87, 1080.00, 0.3456
14: 1351.82, 1080.00, 0.4224
15: 1555.92, 1080.00, 0.0269
16: 1346.95, 1080.00, 0.0328

Frame: 125, Person: 0
0: 1444.13, 247.97, 0.9955
1: 1471.95, 222.92, 0.9838
2: 1416.05, 223.97, 0.9856
3: 1515.18, 250.71, 0.8489
4: 1377.53, 253.98, 0.7918
5: 1582.80, 411.77, 0.9919
6: 1323.02, 410.14, 0.9956
7: 1718.03, 550.45, 0.9489
8: 1207.59, 593.14, 0.9742
9: 1585.89, 433.33, 0.9524
10: 1338.52, 611.86, 0.9652
11: 1523.04, 853.65, 0.9720
12: 1350.60, 847.30, 0.9794
13: 1521.19, 1080.00, 0.3603
14: 1352.98, 1080.00, 0.4260
15: 1563.48, 1080.00, 0.0280
16: 1343.25, 1080.00, 0.0337

Frame: 126, Person: 0
0: 1439.83, 240.46, 0.9951
1: 1469.13, 217.48, 0.9846
2: 1413.71, 217.20, 0.9822
3: 1514.49, 250.24, 0.8828
4: 1378.98, 250.52, 0.7471
5: 1587.65, 412.38, 0.9928
6: 1318.19, 410.66, 0.9952
7: 1736.06, 548.05, 0.9545
8: 1199.55, 594.09, 0.9699
9: 1601.59, 439.46, 0.9547
10: 1327.81, 623.91, 0.9585
11: 1518.03, 860.89, 0.9732
12: 1341.41, 853.44, 0.9782
13: 1513.42, 1080.00, 0.3497
14: 1349.98, 1080.00, 0.3933
15: 1550.55, 1080.00, 0.0264
16: 1346.06, 1080.00, 0.0304

Frame: 127, Person: 0
0: 1434.70, 235.17, 0.9946
1: 1465.80, 213.26, 0.9857
2: 1410.08, 211.73, 0.9780
3: 1514.15, 249.72, 0.9142
4: 1379.03, 247.00, 0.6969
5: 1590.86, 417.24, 0.9936
6: 1313.73, 409.23, 0.9946
7: 1750.42, 547.59, 0.9600
8: 1188.81, 586.59, 0.9638
9: 1610.79, 439.78, 0.9579
10: 1314.43, 643.79, 0.9496
11: 1508.86, 876.06, 0.9731
12: 1328.07, 864.77, 0.9755
13: 1503.86, 1080.00, 0.3199
14: 1338.19, 1080.00, 0.3371
15: 1549.02, 1080.00, 0.0228
16: 1345.03, 1080.00, 0.0247

Frame: 128, Person: 0
0: 1429.22, 235.09, 0.9936
1: 1461.24, 213.03, 0.9861
2: 1405.84, 212.41, 0.9719
3: 1512.78, 250.39, 0.9396
4: 1379.91, 249.30, 0.6508
5: 1598.59, 420.10, 0.9939
6: 1310.95, 411.84, 0.9942
7: 1769.59, 549.15, 0.9610
8: 1178.84, 581.78, 0.9572
9: 1625.73, 452.13, 0.9565
10: 1298.53, 653.84, 0.9379
11: 1508.51, 883.02, 0.9714
12: 1322.31, 870.55, 0.9722
13: 1499.10, 1080.00, 0.2865
14: 1328.93, 1080.00, 0.2898
15: 1547.03, 1080.00, 0.0195
16: 1344.82, 1080.00, 0.0206

Frame: 129, Person: 0
0: 1426.73, 234.03, 0.9933
1: 1460.29, 211.70, 0.9867
2: 1404.73, 211.03, 0.9701
3: 1514.90, 249.77, 0.9497
4: 1382.38, 248.09, 0.6316
5: 1606.01, 420.20, 0.9935
6: 1307.78, 414.21, 0.9940
7: 1786.54, 546.86, 0.9572
8: 1173.99, 579.36, 0.9538
9: 1627.59, 465.68, 0.9518
10: 1288.59, 655.56, 0.9312
11: 1507.47, 894.22, 0.9639
12: 1314.43, 881.80, 0.9654
13: 1506.39, 1080.00, 0.2202
14: 1327.18, 1080.00, 0.2267
15: 1553.14, 1080.00, 0.0141
16: 1347.67, 1080.00, 0.0152

Frame: 130, Person: 0
0: 1425.81, 233.44, 0.9935
1: 1460.37, 211.53, 0.9877
2: 1404.96, 210.37, 0.9695
3: 1517.19, 250.20, 0.9552
4: 1384.98, 247.24, 0.6151
5: 1606.32, 417.94, 0.9938
6: 1308.61, 413.83, 0.9943
7: 1791.17, 534.48, 0.9606
8: 1167.94, 569.39, 0.9564
9: 1626.68, 476.40, 0.9564
10: 1280.78, 652.47, 0.9364
11: 1502.52, 893.52, 0.9669
12: 1309.80, 881.35, 0.9680
13: 1503.06, 1080.00, 0.2387
14: 1323.26, 1080.00, 0.2447
15: 1551.71, 1080.00, 0.0158
16: 1342.01, 1080.00, 0.0171

Frame: 131, Person: 0
0: 1425.57, 233.54, 0.9932
1: 1460.39, 212.19, 0.9878
2: 1405.20, 210.54, 0.9668
3: 1517.95, 251.23, 0.9572
4: 1385.88, 247.16, 0.5996
5: 1601.68, 415.43, 0.9939
6: 1311.53, 413.26, 0.9941
7: 1785.03, 530.08, 0.9629
8: 1157.99, 568.42, 0.9551
9: 1611.51, 490.21, 0.9586
10: 1286.44, 645.81, 0.9370
11: 1501.53, 885.94, 0.9700
12: 1313.98, 874.56, 0.9700
13: 1491.22, 1080.00, 0.2643
14: 1321.79, 1080.00, 0.2625
15: 1542.60, 1080.00, 0.0179
16: 1331.27, 1080.00, 0.0189

Frame: 132, Person: 0
0: 1425.99, 236.65, 0.9927
1: 1460.31, 214.63, 0.9875
2: 1406.04, 213.63, 0.9628
3: 1517.74, 251.16, 0.9574
4: 1387.10, 248.16, 0.5839
5: 1600.50, 412.13, 0.9941
6: 1310.50, 415.84, 0.9936
7: 1788.18, 529.39, 0.9649
8: 1157.81, 566.31, 0.9502
9: 1612.87, 528.01, 0.9613
10: 1309.81, 612.19, 0.9363
11: 1500.93, 880.02, 0.9722
12: 1315.07, 872.15, 0.9705
13: 1486.03, 1080.00, 0.2992
14: 1330.07, 1080.00, 0.2853
15: 1531.41, 1080.00, 0.0214
16: 1340.27, 1080.00, 0.0217

Frame: 133, Person: 0
0: 1427.12, 236.36, 0.9936
1: 1461.76, 213.65, 0.9890
2: 1407.17, 212.46, 0.9668
3: 1520.44, 249.60, 0.9573
4: 1388.18, 245.81, 0.5880
5: 1598.82, 412.70, 0.9941
6: 1311.21, 416.83, 0.9942
7: 1791.98, 538.09, 0.9662
8: 1149.10, 565.61, 0.9559
9: 1624.16, 555.56, 0.9648
10: 1308.81, 577.87, 0.9471
11: 1501.77, 878.78, 0.9745
12: 1317.05, 872.31, 0.9737
13: 1494.84, 1080.00, 0.3395
14: 1336.23, 1080.00, 0.3316
15: 1546.35, 1080.00, 0.0260
16: 1338.73, 1080.00, 0.0271

Frame: 134, Person: 0
0: 1428.42, 239.56, 0.9935
1: 1462.42, 215.95, 0.9888
2: 1408.28, 216.15, 0.9657
3: 1521.37, 249.45, 0.9572
4: 1390.16, 248.46, 0.5868
5: 1603.00, 412.74, 0.9939
6: 1313.86, 417.00, 0.9945
7: 1784.15, 552.21, 0.9643
8: 1154.25, 565.56, 0.9589
9: 1630.49, 578.42, 0.9613
10: 1311.58, 550.14, 0.9485
11: 1506.87, 873.20, 0.9741
12: 1320.70, 867.31, 0.9747
13: 1494.68, 1080.00, 0.3299
14: 1331.06, 1080.00, 0.3330
15: 1540.80, 1080.00, 0.0243
16: 1332.35, 1080.00, 0.0262

Frame: 135, Person: 0
0: 1431.59, 246.69, 0.9940
1: 1465.00, 222.40, 0.9886
2: 1410.95, 222.83, 0.9706
3: 1522.85, 252.67, 0.9518
4: 1391.93, 252.22, 0.6174
5: 1605.82, 417.29, 0.9929
6: 1316.05, 416.02, 0.9951
7: 1767.60, 566.60, 0.9564
8: 1161.19, 562.71, 0.9647
9: 1622.89, 583.84, 0.9539
10: 1297.82, 549.77, 0.9526
11: 1509.56, 872.53, 0.9688
12: 1322.65, 864.55, 0.9734
13: 1496.05, 1080.00, 0.2909
14: 1328.08, 1080.00, 0.3216
15: 1531.76, 1080.00, 0.0212
16: 1331.73, 1080.00, 0.0248

Frame: 136, Person: 0
0: 1435.66, 253.69, 0.9945
1: 1468.22, 228.33, 0.9882
2: 1413.56, 228.63, 0.9761
3: 1523.83, 254.17, 0.9390
4: 1390.83, 253.78, 0.6618
5: 1601.51, 419.22, 0.9918
6: 1317.97, 413.59, 0.9956
7: 1746.31, 576.21, 0.9490
8: 1166.01, 566.50, 0.9706
9: 1601.35, 560.41, 0.9494
10: 1295.01, 548.74, 0.9593
11: 1511.72, 874.69, 0.9668
12: 1326.40, 865.63, 0.9752
13: 1502.91, 1080.00, 0.2918
14: 1325.57, 1080.00, 0.3478
15: 1545.85, 1080.00, 0.0220
16: 1328.43, 1080.00, 0.0276

Frame: 137, Person: 0
0: 1438.04, 260.63, 0.9944
1: 1470.04, 235.01, 0.9874
2: 1415.48, 235.84, 0.9767
3: 1525.00, 257.98, 0.9322
4: 1392.74, 258.60, 0.6766
5: 1601.65, 420.46, 0.9913
6: 1317.87, 410.07, 0.9955
7: 1725.23, 584.84, 0.9464
8: 1175.75, 562.68, 0.9711
9: 1608.24, 548.50, 0.9463
10: 1292.71, 538.24, 0.9590
11: 1513.08, 862.00, 0.9678
12: 1326.76, 853.04, 0.9764
13: 1516.43, 1080.00, 0.3126
14: 1329.41, 1080.00, 0.3760
15: 1554.54, 1080.00, 0.0243
16: 1338.13, 1080.00, 0.0307

Frame: 138, Person: 0
0: 1442.24, 262.22, 0.9942
1: 1474.36, 237.09, 0.9861
2: 1419.87, 236.39, 0.9761
3: 1526.66, 260.31, 0.9170
4: 1394.74, 257.64, 0.6775
5: 1600.36, 420.16, 0.9914
6: 1317.44, 409.24, 0.9948
7: 1709.94, 584.88, 0.9493
8: 1192.45, 565.63, 0.9672
9: 1606.60, 518.92, 0.9462
10: 1289.02, 519.59, 0.9540
11: 1516.65, 862.50, 0.9671
12: 1330.22, 854.20, 0.9738
13: 1523.37, 1080.00, 0.3053
14: 1334.44, 1080.00, 0.3489
15: 1548.96, 1080.00, 0.0228
16: 1347.74, 1080.00, 0.0270

Frame: 139, Person: 0
0: 1443.38, 262.28, 0.9936
1: 1475.18, 237.37, 0.9849
2: 1420.94, 235.91, 0.9719
3: 1525.51, 260.37, 0.9015
4: 1394.05, 255.87, 0.6330
5: 1590.39, 418.76, 0.9913
6: 1320.32, 404.58, 0.9921
7: 1699.37, 587.14, 0.9554
8: 1203.24, 567.83, 0.9525
9: 1616.08, 481.82, 0.9497
10: 1294.64, 492.73, 0.9392
11: 1508.84, 864.42, 0.9648
12: 1329.20, 855.46, 0.9654
13: 1517.55, 1080.00, 0.2931
14: 1330.41, 1080.00, 0.2905
15: 1555.88, 1080.00, 0.0209
16: 1343.19, 1080.00, 0.0212

Frame: 140, Person: 0
0: 1443.59, 259.09, 0.9943
1: 1475.00, 234.07, 0.9857
2: 1419.75, 234.00, 0.9767
3: 1526.34, 257.03, 0.8958
4: 1393.21, 256.14, 0.6615
5: 1586.40, 408.64, 0.9901
6: 1332.16, 400.70, 0.9936
7: 1699.96, 566.92, 0.9489
8: 1211.12, 561.09, 0.9656
9: 1618.95, 446.57, 0.9479
10: 1311.28, 461.96, 0.9544
11: 1510.23, 846.77, 0.9661
12: 1340.49, 839.41, 0.9723
13: 1508.94, 1080.00, 0.3167
14: 1333.44, 1080.00, 0.3547
15: 1550.60, 1080.00, 0.0233
16: 1327.80, 1080.00, 0.0268

Frame: 141, Person: 0
0: 1439.02, 260.23, 0.9945
1: 1472.39, 234.11, 0.9872
2: 1415.61, 234.37, 0.9759
3: 1530.29, 255.07, 0.9129
4: 1393.19, 255.21, 0.6223
5: 1592.22, 402.86, 0.9890
6: 1336.96, 405.74, 0.9938
7: 1716.87, 538.91, 0.9440
8: 1215.44, 562.03, 0.9674
9: 1620.83, 402.63, 0.9486
10: 1324.99, 439.94, 0.9582
11: 1512.44, 847.80, 0.9641
12: 1342.38, 842.71, 0.9726
13: 1502.65, 1080.00, 0.3136
14: 1334.75, 1080.00, 0.3686
15: 1543.28, 1080.00, 0.0234
16: 1327.37, 1080.00, 0.0286

Frame: 142, Person: 0
0: 1437.13, 261.42, 0.9949
1: 1471.31, 234.92, 0.9873
2: 1412.98, 234.91, 0.9787
3: 1529.65, 253.78, 0.9058
4: 1388.60, 253.82, 0.6455
5: 1592.72, 392.54, 0.9888
6: 1334.59, 405.93, 0.9945
7: 1733.95, 512.93, 0.9414
8: 1216.01, 566.92, 0.9720
9: 1633.12, 380.29, 0.9471
10: 1327.65, 441.41, 0.9626
11: 1515.16, 846.77, 0.9645
12: 1344.38, 844.27, 0.9751
13: 1492.57, 1080.00, 0.3057
14: 1332.20, 1080.00, 0.3791
15: 1523.25, 1080.00, 0.0224
16: 1318.76, 1080.00, 0.0287

Frame: 143, Person: 0
0: 1433.57, 260.59, 0.9942
1: 1466.98, 234.42, 0.9868
2: 1411.17, 235.38, 0.9744
3: 1526.81, 251.77, 0.9207
4: 1391.21, 254.22, 0.6162
5: 1603.07, 385.61, 0.9896
6: 1331.48, 408.20, 0.9944
7: 1753.09, 497.44, 0.9429
8: 1221.37, 569.46, 0.9684
9: 1637.32, 375.47, 0.9443
10: 1337.21, 447.28, 0.9555
11: 1521.18, 847.98, 0.9654
12: 1342.63, 847.75, 0.9745
13: 1493.14, 1080.00, 0.2910
14: 1329.35, 1080.00, 0.3532
15: 1511.00, 1080.00, 0.0205
16: 1322.47, 1080.00, 0.0257

Frame: 144, Person: 0
0: 1429.70, 261.87, 0.9941
1: 1463.30, 235.81, 0.9868
2: 1406.92, 237.68, 0.9747
3: 1522.57, 255.39, 0.9213
4: 1385.64, 260.17, 0.6162
5: 1598.65, 384.86, 0.9895
6: 1330.31, 418.10, 0.9937
7: 1767.39, 472.57, 0.9431
8: 1226.52, 571.01, 0.9639
9: 1631.76, 363.64, 0.9446
10: 1346.90, 456.22, 0.9513
11: 1516.67, 847.98, 0.9639
12: 1339.79, 850.72, 0.9719
13: 1494.96, 1080.00, 0.2895
14: 1333.54, 1080.00, 0.3416
15: 1516.08, 1080.00, 0.0215
16: 1321.68, 1080.00, 0.0262

Frame: 145, Person: 0
0: 1424.76, 264.35, 0.9940
1: 1458.75, 238.65, 0.9867
2: 1402.82, 239.87, 0.9747
3: 1518.20, 258.38, 0.9203
4: 1381.66, 261.80, 0.6129
5: 1594.57, 384.33, 0.9894
6: 1325.43, 422.89, 0.9932
7: 1776.14, 450.54, 0.9433
8: 1232.73, 570.27, 0.9609
9: 1634.56, 347.93, 0.9456
10: 1359.29, 468.80, 0.9487
11: 1509.94, 848.39, 0.9630
12: 1332.27, 852.36, 0.9702
13: 1492.06, 1080.00, 0.2942
14: 1330.74, 1080.00, 0.3412
15: 1513.17, 1080.00, 0.0230
16: 1323.72, 1080.00, 0.0275

Frame: 146, Person: 0
0: 1425.88, 268.28, 0.9942
1: 1458.47, 241.12, 0.9865
2: 1402.28, 244.21, 0.9777
3: 1517.61, 257.68, 0.9142
4: 1380.06, 265.53, 0.6515
5: 1594.20, 383.67, 0.9884
6: 1327.19, 425.91, 0.9939
7: 1778.73, 448.95, 0.9358
8: 1229.49, 577.89, 0.9655
9: 1632.54, 347.60, 0.9420
10: 1376.20, 485.53, 0.9544
11: 1513.49, 850.59, 0.9584
12: 1336.48, 856.77, 0.9695
13: 1502.31, 1080.00, 0.2691
14: 1338.76, 1080.00, 0.3360
15: 1529.22, 1080.00, 0.0211
16: 1324.45, 1080.00, 0.0268

Frame: 147, Person: 0
0: 1424.39, 270.13, 0.9941
1: 1456.96, 242.43, 0.9867
2: 1400.07, 245.93, 0.9775
3: 1516.82, 258.14, 0.9172
4: 1377.19, 266.58, 0.6542
5: 1594.78, 385.76, 0.9883
6: 1324.20, 425.52, 0.9937
7: 1778.27, 450.47, 0.9346
8: 1224.59, 574.23, 0.9639
9: 1634.10, 358.09, 0.9413
10: 1391.23, 495.96, 0.9530
11: 1516.73, 854.11, 0.9576
12: 1336.86, 860.26, 0.9686
13: 1507.26, 1080.00, 0.2606
14: 1339.05, 1080.00, 0.3242
15: 1534.22, 1080.00, 0.0205
16: 1322.07, 1080.00, 0.0259

Frame: 148, Person: 0
0: 1424.30, 273.57, 0.9943
1: 1456.63, 245.01, 0.9871
2: 1399.10, 248.52, 0.9785
3: 1516.52, 257.98, 0.9136
4: 1374.87, 266.19, 0.6570
5: 1592.21, 386.30, 0.9883
6: 1325.91, 421.77, 0.9935
7: 1780.52, 454.66, 0.9346
8: 1218.40, 570.21, 0.9629
9: 1640.03, 371.22, 0.9440
10: 1388.14, 511.33, 0.9542
11: 1517.79, 850.36, 0.9584
12: 1341.74, 855.45, 0.9687
13: 1508.47, 1080.00, 0.2798
14: 1349.10, 1080.00, 0.3431
15: 1541.00, 1080.00, 0.0228
16: 1330.67, 1080.00, 0.0286

Frame: 149, Person: 0
0: 1428.47, 273.15, 0.9946
1: 1460.29, 244.28, 0.9867
2: 1401.87, 248.36, 0.9798
3: 1517.64, 257.72, 0.9026
4: 1374.35, 267.13, 0.6730
5: 1590.40, 387.59, 0.9888
6: 1328.25, 418.76, 0.9934
7: 1781.09, 470.13, 0.9384
8: 1219.03, 570.35, 0.9634
9: 1643.48, 384.75, 0.9469
10: 1380.86, 507.11, 0.9556
11: 1516.79, 850.60, 0.9601
12: 1343.97, 854.27, 0.9693
13: 1507.70, 1080.00, 0.2829
14: 1352.63, 1080.00, 0.3409
15: 1545.24, 1080.00, 0.0222
16: 1332.10, 1080.00, 0.0272

Frame: 150, Person: 0
0: 1430.16, 271.09, 0.9951
1: 1460.37, 242.48, 0.9866
2: 1403.39, 245.44, 0.9784
3: 1512.41, 257.56, 0.8763
4: 1371.16, 264.03, 0.6719
5: 1589.74, 391.18, 0.9933
6: 1324.19, 415.15, 0.9923
7: 1772.13, 481.86, 0.9646
8: 1231.20, 568.98, 0.9552
9: 1643.49, 394.25, 0.9641
10: 1378.34, 491.22, 0.9527
11: 1520.55, 846.86, 0.9741
12: 1346.81, 848.72, 0.9738
13: 1495.67, 1080.00, 0.4182
14: 1346.80, 1080.00, 0.4101
15: 1520.67, 1080.00, 0.0351
16: 1350.35, 1080.00, 0.0343

Frame: 151, Person: 0
0: 1436.66, 268.14, 0.9953
1: 1466.43, 239.72, 0.9839
2: 1409.80, 243.01, 0.9839
3: 1514.45, 255.11, 0.8408
4: 1373.31, 262.81, 0.7351
5: 1586.44, 387.54, 0.9898
6: 1321.64, 415.73, 0.9938
7: 1787.05, 489.28, 0.9441
8: 1218.98, 570.13, 0.9675
9: 1624.76, 395.55, 0.9521
10: 1350.99, 470.05, 0.9620
11: 1510.93, 848.79, 0.9615
12: 1337.28, 850.23, 0.9702
13: 1494.98, 1080.00, 0.2845
14: 1344.35, 1080.00, 0.3371
15: 1533.37, 1080.00, 0.0197
16: 1331.56, 1080.00, 0.0232

Frame: 152, Person: 0
0: 1440.44, 264.39, 0.9960
1: 1470.34, 236.01, 0.9837
2: 1412.10, 238.71, 0.9878
3: 1515.32, 253.52, 0.8031
4: 1370.78, 259.83, 0.7953
5: 1580.41, 387.06, 0.9892
6: 1321.37, 416.56, 0.9952
7: 1779.05, 494.64, 0.9379
8: 1220.19, 568.82, 0.9757
9: 1629.97, 416.04, 0.9486
10: 1346.17, 445.30, 0.9703
11: 1512.97, 847.21, 0.9619
12: 1343.71, 850.37, 0.9747
13: 1490.94, 1080.00, 0.2836
14: 1348.95, 1080.00, 0.3685
15: 1522.31, 1080.00, 0.0193
16: 1329.71, 1080.00, 0.0248

Frame: 153, Person: 0
0: 1443.51, 261.14, 0.9963
1: 1472.40, 233.05, 0.9824
2: 1413.92, 235.26, 0.9897
3: 1512.75, 252.85, 0.7492
4: 1367.40, 258.05, 0.8331
5: 1573.54, 389.87, 0.9889
6: 1320.77, 417.93, 0.9954
7: 1773.09, 501.94, 0.9332
8: 1225.07, 561.08, 0.9768
9: 1636.76, 435.49, 0.9445
10: 1335.26, 417.72, 0.9715
11: 1512.76, 847.40, 0.9593
12: 1348.52, 850.83, 0.9740
13: 1482.88, 1080.00, 0.2683
14: 1351.40, 1080.00, 0.3578
15: 1507.98, 1080.00, 0.0176
16: 1330.35, 1080.00, 0.0227

Frame: 154, Person: 0
0: 1450.38, 258.07, 0.9966
1: 1476.31, 229.21, 0.9802
2: 1418.30, 233.94, 0.9914
3: 1511.54, 249.17, 0.6852
4: 1366.69, 260.21, 0.8686
5: 1573.72, 391.96, 0.9894
6: 1318.71, 413.48, 0.9956
7: 1770.26, 519.28, 0.9326
8: 1219.15, 554.93, 0.9779
9: 1629.25, 434.94, 0.9432
10: 1322.84, 410.08, 0.9726
11: 1510.07, 850.09, 0.9574
12: 1345.47, 851.48, 0.9730
13: 1483.48, 1080.00, 0.2519
14: 1352.80, 1080.00, 0.3400
15: 1508.36, 1080.00, 0.0156
16: 1333.10, 1080.00, 0.0199

Frame: 155, Person: 0
0: 1453.70, 257.98, 0.9966
1: 1479.32, 228.86, 0.9790
2: 1421.40, 233.52, 0.9919
3: 1512.93, 248.07, 0.6439
4: 1367.69, 258.49, 0.8770
5: 1571.67, 392.20, 0.9893
6: 1318.07, 408.95, 0.9954
7: 1765.20, 529.33, 0.9321
8: 1215.16, 554.24, 0.9774
9: 1626.55, 434.16, 0.9434
10: 1313.87, 404.79, 0.9727
11: 1507.57, 848.22, 0.9565
12: 1344.28, 848.11, 0.9721
13: 1479.88, 1080.00, 0.2528
14: 1352.11, 1080.00, 0.3369
15: 1509.18, 1080.00, 0.0154
16: 1335.53, 1080.00, 0.0192

Frame: 156, Person: 0
0: 1456.29, 257.03, 0.9967
1: 1480.42, 227.71, 0.9772
2: 1423.51, 232.88, 0.9922
3: 1511.14, 246.40, 0.5975
4: 1367.26, 257.55, 0.8903
5: 1569.15, 393.27, 0.9898
6: 1313.20, 405.15, 0.9952
7: 1758.76, 536.22, 0.9351
8: 1208.01, 549.84, 0.9765
9: 1627.36, 437.71, 0.9443
10: 1312.82, 403.30, 0.9719
11: 1505.59, 850.36, 0.9573
12: 1340.51, 849.68, 0.9714
13: 1482.62, 1080.00, 0.2503
14: 1350.01, 1080.00, 0.3240
15: 1515.55, 1080.00, 0.0147
16: 1336.73, 1080.00, 0.0176

Frame: 157, Person: 0
0: 1461.56, 257.15, 0.9968
1: 1483.69, 228.27, 0.9761
2: 1427.18, 234.37, 0.9930
3: 1511.47, 248.61, 0.5581
4: 1367.84, 262.35, 0.9081
5: 1567.59, 396.89, 0.9902
6: 1314.95, 407.27, 0.9957
7: 1755.51, 537.16, 0.9356
8: 1202.89, 547.97, 0.9793
9: 1625.34, 437.58, 0.9455
10: 1322.45, 405.70, 0.9752
11: 1506.70, 850.19, 0.9613
12: 1343.50, 849.56, 0.9752
13: 1481.99, 1080.00, 0.2682
14: 1349.40, 1080.00, 0.3531
15: 1516.57, 1080.00, 0.0159
16: 1326.97, 1080.00, 0.0193

Frame: 158, Person: 0
0: 1466.97, 258.24, 0.9970
1: 1487.61, 229.99, 0.9728
2: 1432.73, 234.90, 0.9940
3: 1511.09, 249.99, 0.4643
4: 1368.30, 260.49, 0.9286
5: 1565.57, 397.16, 0.9910
6: 1309.15, 406.25, 0.9958
7: 1754.71, 530.87, 0.9390
8: 1193.26, 547.55, 0.9793
9: 1625.91, 439.79, 0.9468
10: 1328.01, 415.00, 0.9758
11: 1511.95, 854.01, 0.9644
12: 1345.52, 854.00, 0.9764
13: 1485.81, 1080.00, 0.2788
14: 1348.46, 1080.00, 0.3554
15: 1517.99, 1080.00, 0.0163
16: 1321.07, 1080.00, 0.0188

Frame: 159, Person: 0
0: 1463.85, 261.59, 0.9971
1: 1486.38, 233.46, 0.9784
2: 1431.65, 236.35, 0.9925
3: 1513.24, 251.42, 0.5781
4: 1371.29, 256.81, 0.9039
5: 1576.70, 398.64, 0.9939
6: 1307.70, 405.00, 0.9959
7: 1750.99, 529.56, 0.9580
8: 1202.44, 550.74, 0.9775
9: 1632.45, 434.87, 0.9593
10: 1324.55, 424.08, 0.9750
11: 1521.08, 851.31, 0.9759
12: 1347.03, 850.59, 0.9816
13: 1488.77, 1080.00, 0.4097
14: 1341.97, 1080.00, 0.4576
15: 1506.23, 1080.00, 0.0286
16: 1340.63, 1080.00, 0.0300

Frame: 160, Person: 0
0: 1468.55, 261.77, 0.9968
1: 1490.60, 233.90, 0.9755
2: 1436.53, 238.32, 0.9934
3: 1518.06, 252.24, 0.5532
4: 1377.91, 261.20, 0.9182
5: 1574.28, 398.10, 0.9900
6: 1311.54, 403.51, 0.9963
7: 1756.55, 526.04, 0.9316
8: 1171.17, 546.49, 0.9812
9: 1618.65, 429.97, 0.9438
10: 1319.07, 441.32, 0.9774
11: 1513.83, 846.94, 0.9625
12: 1343.48, 845.02, 0.9774
13: 1487.92, 1080.00, 0.2796
14: 1344.06, 1080.00, 0.3775
15: 1527.55, 1080.00, 0.0173
16: 1318.66, 1080.00, 0.0217

Frame: 161, Person: 0
0: 1467.54, 263.46, 0.9968
1: 1489.90, 235.12, 0.9749
2: 1435.86, 239.65, 0.9933
3: 1517.77, 251.98, 0.5512
4: 1378.03, 260.99, 0.9183
5: 1574.23, 396.14, 0.9902
6: 1311.54, 403.69, 0.9963
7: 1755.81, 527.83, 0.9312
8: 1175.36, 551.97, 0.9812
9: 1619.47, 429.63, 0.9424
10: 1317.87, 439.57, 0.9769
11: 1512.71, 844.75, 0.9621
12: 1342.80, 843.52, 0.9772
13: 1485.53, 1080.00, 0.2786
14: 1344.20, 1080.00, 0.3773
15: 1521.28, 1080.00, 0.0172
16: 1320.84, 1080.00, 0.0216

Frame: 162, Person: 0
0: 1466.42, 264.13, 0.9971
1: 1488.72, 235.42, 0.9749
2: 1434.23, 240.05, 0.9939
3: 1515.94, 252.05, 0.5145
4: 1374.62, 261.17, 0.9218
5: 1569.61, 393.83, 0.9906
6: 1314.35, 402.88, 0.9964
7: 1756.58, 529.91, 0.9364
8: 1187.39, 554.24, 0.9826
9: 1615.27, 432.71, 0.9474
10: 1325.98, 432.28, 0.9790
11: 1512.63, 844.69, 0.9660
12: 1346.29, 843.65, 0.9794
13: 1488.15, 1080.00, 0.3010
14: 1346.72, 1080.00, 0.4013
15: 1529.35, 1080.00, 0.0185
16: 1318.14, 1080.00, 0.0229

Frame: 163, Person: 0
0: 1461.80, 264.36, 0.9969
1: 1484.69, 235.27, 0.9767
2: 1429.58, 240.66, 0.9933
3: 1514.40, 251.20, 0.5701
4: 1372.90, 262.25, 0.9094
5: 1569.59, 391.92, 0.9902
6: 1316.11, 401.13, 0.9963
7: 1754.72, 532.57, 0.9353
8: 1186.82, 553.74, 0.9824
9: 1614.16, 432.60, 0.9472
10: 1325.22, 429.61, 0.9787
11: 1512.59, 836.08, 0.9655
12: 1347.94, 834.79, 0.9794
13: 1483.88, 1080.00, 0.3079
14: 1345.19, 1080.00, 0.4122
15: 1528.64, 1080.00, 0.0193
16: 1319.40, 1080.00, 0.0244

Frame: 164, Person: 0
0: 1456.75, 265.58, 0.9966
1: 1480.75, 236.52, 0.9790
2: 1425.52, 241.87, 0.9917
3: 1514.59, 251.66, 0.6659
4: 1374.63, 262.61, 0.8848
5: 1572.69, 393.11, 0.9901
6: 1318.60, 398.14, 0.9963
7: 1754.94, 534.05, 0.9362
8: 1180.43, 546.74, 0.9818
9: 1618.40, 433.55, 0.9477
10: 1325.88, 431.53, 0.9775
11: 1510.08, 835.03, 0.9655
12: 1345.03, 831.87, 0.9793
13: 1482.27, 1080.00, 0.3087
14: 1340.82, 1080.00, 0.4130
15: 1531.54, 1080.00, 0.0199
16: 1315.76, 1080.00, 0.0257

Frame: 165, Person: 0
0: 1450.54, 269.05, 0.9965
1: 1476.77, 239.84, 0.9828
2: 1420.90, 242.81, 0.9881
3: 1515.06, 252.50, 0.7409
4: 1373.16, 257.67, 0.8271
5: 1582.41, 394.11, 0.9935
6: 1313.68, 397.39, 0.9950
7: 1746.78, 533.76, 0.9604
8: 1200.74, 544.55, 0.9721
9: 1615.34, 442.58, 0.9620
10: 1329.41, 419.01, 0.9699
11: 1515.41, 835.51, 0.9747
12: 1341.95, 832.24, 0.9790
13: 1479.71, 1080.00, 0.4231
14: 1338.00, 1080.00, 0.4539
15: 1503.21, 1080.00, 0.0312
16: 1345.32, 1080.00, 0.0326

Frame: 166, Person: 0
0: 1450.80, 269.50, 0.9957
1: 1476.21, 238.92, 0.9821
2: 1420.76, 245.32, 0.9869
3: 1517.24, 250.18, 0.7912
4: 1377.58, 264.03, 0.8072
5: 1585.09, 395.42, 0.9894
6: 1320.32, 402.34, 0.9955
7: 1750.97, 539.93, 0.9376
8: 1182.79, 534.45, 0.9772
9: 1587.12, 467.50, 0.9488
10: 1331.11, 415.71, 0.9727
11: 1513.27, 843.89, 0.9628
12: 1341.55, 841.10, 0.9758
13: 1482.22, 1080.00, 0.2919
14: 1339.29, 1080.00, 0.3772
15: 1525.86, 1080.00, 0.0193
16: 1330.19, 1080.00, 0.0247

Frame: 167, Person: 0
0: 1446.37, 269.77, 0.9958
1: 1472.20, 239.29, 0.9821
2: 1417.08, 244.59, 0.9872
3: 1513.41, 252.39, 0.7927
4: 1374.03, 263.85, 0.8097
5: 1583.90, 402.85, 0.9887
6: 1316.14, 411.10, 0.9956
7: 1739.80, 548.19, 0.9317
8: 1189.92, 540.53, 0.9776
9: 1558.56, 473.45, 0.9452
10: 1337.26, 403.36, 0.9731
11: 1515.68, 851.70, 0.9598
12: 1340.21, 849.34, 0.9751
13: 1486.76, 1080.00, 0.2703
14: 1336.43, 1080.00, 0.3618
15: 1523.36, 1080.00, 0.0172
16: 1328.05, 1080.00, 0.0227

Frame: 168, Person: 0
0: 1442.88, 270.67, 0.9960
1: 1470.47, 240.16, 0.9847
2: 1413.42, 245.17, 0.9874
3: 1514.84, 253.65, 0.8218
4: 1372.29, 264.44, 0.7988
5: 1582.91, 402.34, 0.9882
6: 1314.61, 413.27, 0.9958
7: 1734.21, 558.53, 0.9308
8: 1187.43, 545.04, 0.9790
9: 1575.11, 530.21, 0.9424
10: 1327.78, 407.97, 0.9738
11: 1516.49, 852.59, 0.9579
12: 1340.70, 852.75, 0.9748
13: 1494.84, 1080.00, 0.2561
14: 1340.02, 1080.00, 0.3544
15: 1529.72, 1080.00, 0.0166
16: 1331.21, 1080.00, 0.0229

Frame: 169, Person: 0
0: 1440.58, 272.40, 0.9954
1: 1468.80, 241.65, 0.9860
2: 1411.67, 246.12, 0.9830
3: 1516.24, 254.56, 0.8565
4: 1372.56, 263.99, 0.7242
5: 1582.24, 407.14, 0.9892
6: 1316.93, 411.69, 0.9942
7: 1731.14, 563.72, 0.9449
8: 1179.44, 540.80, 0.9706
9: 1572.36, 534.87, 0.9538
10: 1331.37, 416.08, 0.9682
11: 1515.81, 850.56, 0.9637
12: 1339.78, 848.75, 0.9728
13: 1502.71, 1080.00, 0.3185
14: 1336.49, 1080.00, 0.3738
15: 1557.43, 1080.00, 0.0232
16: 1326.57, 1080.00, 0.0279

Frame: 170, Person: 0
0: 1439.60, 274.18, 0.9951
1: 1468.25, 244.12, 0.9867
2: 1411.79, 248.38, 0.9813
3: 1518.29, 257.47, 0.8779
4: 1376.22, 266.52, 0.6942
5: 1585.01, 410.56, 0.9886
6: 1317.26, 412.56, 0.9938
7: 1725.49, 562.87, 0.9439
8: 1171.83, 544.15, 0.9682
9: 1565.60, 521.98, 0.9538
10: 1324.70, 440.64, 0.9661
11: 1514.39, 846.55, 0.9612
12: 1335.11, 843.82, 0.9704
13: 1514.16, 1080.00, 0.3106
14: 1332.91, 1080.00, 0.3614
15: 1577.52, 1080.00, 0.0233
16: 1323.70, 1080.00, 0.0278

Frame: 171, Person: 0
0: 1439.79, 275.53, 0.9942
1: 1468.86, 245.46, 0.9867
2: 1413.03, 249.76, 0.9751
3: 1523.28, 256.83, 0.9058
4: 1382.94, 265.67, 0.6262
5: 1598.63, 417.12, 0.9895
6: 1319.57, 407.01, 0.9925
7: 1714.11, 571.59, 0.9473
8: 1177.72, 537.65, 0.9587
9: 1569.49, 494.91, 0.9525
10: 1316.30, 473.21, 0.9542
11: 1519.60, 859.06, 0.9647
12: 1332.07, 851.37, 0.9694
13: 1526.90, 1080.00, 0.3063
14: 1329.69, 1080.00, 0.3303
15: 1579.27, 1080.00, 0.0224
16: 1327.96, 1080.00, 0.0250

Frame: 172, Person: 0
0: 1440.86, 276.41, 0.9951
1: 1470.24, 246.26, 0.9877
2: 1413.93, 249.56, 0.9807
3: 1525.93, 257.13, 0.9121
4: 1385.45, 263.47, 0.6914
5: 1598.27, 421.74, 0.9891
6: 1330.44, 403.42, 0.9953
7: 1719.92, 562.80, 0.9363
8: 1170.53, 527.35, 0.9744
9: 1576.84, 484.58, 0.9505
10: 1325.89, 505.41, 0.9698
11: 1523.68, 861.47, 0.9659
12: 1345.23, 849.42, 0.9775
13: 1517.40, 1080.00, 0.3235
14: 1339.76, 1080.00, 0.4121
15: 1574.45, 1080.00, 0.0254
16: 1330.57, 1080.00, 0.0342

Frame: 173, Person: 0
0: 1441.06, 275.29, 0.9951
1: 1471.38, 245.79, 0.9880
2: 1414.25, 248.76, 0.9801
3: 1528.07, 258.39, 0.9188
4: 1387.48, 263.53, 0.6750
5: 1599.25, 422.37, 0.9895
6: 1337.54, 397.53, 0.9953
7: 1727.25, 565.33, 0.9386
8: 1174.03, 521.28, 0.9751
9: 1589.74, 476.97, 0.9517
10: 1326.15, 516.45, 0.9698
11: 1524.21, 873.68, 0.9669
12: 1351.52, 858.05, 0.9781
13: 1510.90, 1080.00, 0.3146
14: 1348.14, 1080.00, 0.4034
15: 1569.87, 1080.00, 0.0243
16: 1338.65, 1080.00, 0.0330

Frame: 174, Person: 0
0: 1441.63, 274.44, 0.9951
1: 1471.82, 245.88, 0.9875
2: 1415.39, 248.09, 0.9808
3: 1526.32, 259.83, 0.9110
4: 1386.57, 263.24, 0.6995
5: 1595.67, 418.24, 0.9903
6: 1329.60, 401.24, 0.9954
7: 1729.28, 554.75, 0.9439
8: 1170.95, 528.36, 0.9750
9: 1593.79, 485.58, 0.9535
10: 1336.71, 509.55, 0.9694
11: 1522.53, 869.21, 0.9713
12: 1345.35, 857.84, 0.9802
13: 1517.25, 1080.00, 0.3415
14: 1341.27, 1080.00, 0.4221
15: 1573.71, 1080.00, 0.0268
16: 1324.76, 1080.00, 0.0350

Frame: 175, Person: 0
0: 1441.16, 275.67, 0.9950
1: 1471.64, 245.78, 0.9881
2: 1414.39, 248.51, 0.9792
3: 1528.46, 257.24, 0.9119
4: 1385.43, 262.39, 0.6569
5: 1598.24, 414.67, 0.9892
6: 1332.41, 405.60, 0.9945
7: 1732.36, 557.72, 0.9418
8: 1174.66, 536.37, 0.9707
9: 1583.33, 491.92, 0.9533
10: 1336.24, 478.44, 0.9668
11: 1525.12, 861.16, 0.9664
12: 1348.00, 852.36, 0.9757
13: 1512.32, 1080.00, 0.3201
14: 1340.66, 1080.00, 0.3865
15: 1565.57, 1080.00, 0.0243
16: 1320.02, 1080.00, 0.0307

Frame: 176, Person: 0
0: 1441.63, 275.57, 0.9948
1: 1471.63, 245.19, 0.9874
2: 1414.90, 248.77, 0.9782
3: 1527.26, 256.58, 0.9051
4: 1385.29, 264.01, 0.6485
5: 1600.80, 414.15, 0.9885
6: 1326.73, 412.83, 0.9941
7: 1737.29, 564.70, 0.9386
8: 1182.44, 548.59, 0.9677
9: 1591.24, 492.09, 0.9499
10: 1334.33, 449.06, 0.9633
11: 1523.54, 861.73, 0.9604
12: 1342.13, 856.30, 0.9709
13: 1508.87, 1080.00, 0.2891
14: 1337.16, 1080.00, 0.3488
15: 1555.63, 1080.00, 0.0211
16: 1330.24, 1080.00, 0.0264

Frame: 177, Person: 0
0: 1441.52, 275.62, 0.9952
1: 1471.36, 245.17, 0.9873
2: 1413.94, 249.18, 0.9811
3: 1525.49, 256.33, 0.8937
4: 1382.52, 265.22, 0.6839
5: 1594.58, 408.21, 0.9882
6: 1327.23, 411.90, 0.9947
7: 1733.50, 564.67, 0.9372
8: 1184.38, 557.84, 0.9726
9: 1582.10, 500.73, 0.9500
10: 1331.16, 454.18, 0.9683
11: 1518.78, 849.85, 0.9610
12: 1341.69, 846.05, 0.9734
13: 1503.47, 1080.00, 0.3034
14: 1334.80, 1080.00, 0.3803
15: 1555.42, 1080.00, 0.0224
16: 1324.82, 1080.00, 0.0291

Frame: 178, Person: 0
0: 1443.00, 275.86, 0.9954
1: 1473.22, 245.59, 0.9872
2: 1415.84, 249.02, 0.9829
3: 1527.91, 257.02, 0.8923
4: 1385.33, 264.65, 0.7091
5: 1597.86, 411.43, 0.9881
6: 1325.31, 413.78, 0.9956
7: 1728.18, 573.27, 0.9327
8: 1189.19, 566.49, 0.9764
9: 1583.81, 494.25, 0.9464
10: 1328.56, 458.87, 0.9707
11: 1517.61, 853.65, 0.9614
12: 1336.00, 849.60, 0.9758
13: 1512.46, 1080.00, 0.3014
14: 1330.86, 1080.00, 0.3991
15: 1559.73, 1080.00, 0.0223
16: 1323.01, 1080.00, 0.0308

Frame: 179, Person: 0
0: 1448.27, 275.78, 0.9945
1: 1477.23, 245.51, 0.9846
2: 1421.24, 249.25, 0.9809
3: 1529.32, 255.82, 0.8780
4: 1388.71, 263.75, 0.7133
5: 1610.27, 419.10, 0.9875
6: 1314.43, 410.10, 0.9943
7: 1711.64, 587.26, 0.9232
8: 1195.68, 560.57, 0.9669
9: 1579.54, 479.08, 0.9321
10: 1313.51, 486.94, 0.9566
11: 1524.42, 859.50, 0.9553
12: 1327.42, 851.66, 0.9695
13: 1524.41, 1080.00, 0.2596
14: 1319.89, 1080.00, 0.3308
15: 1549.22, 1080.00, 0.0186
16: 1332.82, 1080.00, 0.0239

Frame: 180, Person: 0
0: 1452.16, 274.08, 0.9953
1: 1481.49, 244.50, 0.9850
2: 1424.40, 247.68, 0.9848
3: 1531.62, 257.55, 0.8648
4: 1390.80, 264.21, 0.7638
5: 1601.94, 417.53, 0.9881
6: 1322.09, 407.93, 0.9956
7: 1706.55, 587.87, 0.9261
8: 1194.75, 568.45, 0.9761
9: 1586.97, 476.20, 0.9356
10: 1313.09, 497.30, 0.9670
11: 1518.97, 861.03, 0.9585
12: 1332.43, 853.24, 0.9746
13: 1522.17, 1080.00, 0.2653
14: 1327.49, 1080.00, 0.3621
15: 1552.55, 1080.00, 0.0188
16: 1325.06, 1080.00, 0.0257

Frame: 181, Person: 0
0: 1458.77, 272.56, 0.9949
1: 1486.77, 242.96, 0.9823
2: 1430.27, 246.07, 0.9834
3: 1531.97, 256.43, 0.8254
4: 1391.04, 262.36, 0.7677
5: 1599.83, 419.64, 0.9898
6: 1316.59, 404.35, 0.9942
7: 1703.42, 600.91, 0.9388
8: 1199.53, 572.38, 0.9674
9: 1600.13, 485.63, 0.9420
10: 1325.43, 506.93, 0.9583
11: 1517.31, 860.94, 0.9613
12: 1328.79, 852.50, 0.9706
13: 1523.29, 1080.00, 0.2870
14: 1326.76, 1080.00, 0.3382
15: 1552.98, 1080.00, 0.0205
16: 1331.38, 1080.00, 0.0239

Frame: 182, Person: 0
0: 1463.85, 270.90, 0.9956
1: 1491.31, 241.79, 0.9819
2: 1435.22, 244.59, 0.9872
3: 1533.48, 257.76, 0.7967
4: 1393.84, 263.35, 0.8218
5: 1599.77, 418.27, 0.9884
6: 1320.86, 411.89, 0.9959
7: 1702.26, 599.17, 0.9253
8: 1207.74, 578.89, 0.9778
9: 1588.47, 494.01, 0.9329
10: 1335.22, 471.46, 0.9692
11: 1527.36, 860.96, 0.9578
12: 1341.19, 855.98, 0.9746
13: 1522.32, 1080.00, 0.2518
14: 1330.07, 1080.00, 0.3472
15: 1544.32, 1080.00, 0.0164
16: 1325.87, 1080.00, 0.0220

Frame: 183, Person: 0
0: 1467.90, 270.11, 0.9960
1: 1495.07, 240.82, 0.9820
2: 1438.18, 243.50, 0.9890
3: 1535.00, 258.15, 0.7637
4: 1393.72, 263.82, 0.8422
5: 1594.54, 415.90, 0.9875
6: 1328.19, 417.31, 0.9960
7: 1700.16, 595.26, 0.9209
8: 1219.58, 579.88, 0.9796
9: 1586.57, 513.06, 0.9309
10: 1342.76, 439.51, 0.9723
11: 1528.78, 857.08, 0.9557
12: 1350.85, 855.35, 0.9747
13: 1515.55, 1080.00, 0.2488
14: 1336.78, 1080.00, 0.3539
15: 1529.95, 1080.00, 0.0160
16: 1317.66, 1080.00, 0.0220

Frame: 184, Person: 0
0: 1471.39, 270.91, 0.9963
1: 1497.32, 240.71, 0.9799
2: 1440.49, 243.85, 0.9906
3: 1532.68, 257.38, 0.6887
4: 1390.53, 264.04, 0.8712
5: 1589.30, 415.03, 0.9871
6: 1325.25, 421.10, 0.9959
7: 1698.78, 603.02, 0.9178
8: 1231.00, 579.44, 0.9791
9: 1585.13, 541.74, 0.9263
10: 1341.69, 403.68, 0.9720
11: 1526.09, 855.11, 0.9493
12: 1349.68, 856.03, 0.9708
13: 1513.68, 1080.00, 0.2259
14: 1337.70, 1080.00, 0.3238
15: 1522.35, 1080.00, 0.0140
16: 1319.88, 1080.00, 0.0188

Frame: 185, Person: 0
0: 1474.60, 271.92, 0.9964
1: 1498.67, 240.76, 0.9792
2: 1442.65, 245.94, 0.9915
3: 1531.19, 255.58, 0.6535
4: 1389.97, 267.33, 0.8874
5: 1588.35, 411.46, 0.9874
6: 1323.68, 425.79, 0.9960
7: 1697.52, 600.33, 0.9208
8: 1233.17, 574.33, 0.9800
9: 1579.11, 588.98, 0.9247
10: 1326.33, 394.80, 0.9727
11: 1522.56, 856.31, 0.9521
12: 1344.96, 860.57, 0.9723
13: 1513.87, 1080.00, 0.2277
14: 1329.70, 1080.00, 0.3239
15: 1516.68, 1080.00, 0.0140
16: 1307.13, 1080.00, 0.0184

Frame: 186, Person: 0
0: 1476.21, 272.41, 0.9965
1: 1499.67, 241.12, 0.9783
2: 1444.32, 246.96, 0.9919
3: 1530.76, 256.14, 0.6244
4: 1390.48, 269.35, 0.8951
5: 1588.80, 412.66, 0.9873
6: 1321.45, 428.88, 0.9959
7: 1697.18, 611.79, 0.9203
8: 1239.58, 579.75, 0.9793
9: 1573.86, 611.82, 0.9202
10: 1317.73, 388.17, 0.9710
11: 1519.00, 856.07, 0.9495
12: 1337.90, 860.97, 0.9703
13: 1522.65, 1080.00, 0.2094
14: 1323.27, 1080.00, 0.2974
15: 1528.42, 1080.00, 0.0123
16: 1301.30, 1080.00, 0.0159

Frame: 187, Person: 0
0: 1479.27, 272.70, 0.9964
1: 1501.00, 241.37, 0.9776
2: 1446.67, 247.98, 0.9917
3: 1529.62, 256.50, 0.6163
4: 1391.65, 271.65, 0.9005
5: 1589.71, 414.37, 0.9880
6: 1320.51, 429.67, 0.9961
7: 1685.13, 617.33, 0.9234
8: 1231.91, 572.10, 0.9804
9: 1574.70, 661.82, 0.9167
10: 1317.45, 388.03, 0.9715
11: 1526.12, 858.24, 0.9509
12: 1345.25, 864.31, 0.9713
13: 1521.69, 1080.00, 0.2111
14: 1327.72, 1080.00, 0.3002
15: 1512.30, 1080.00, 0.0127
16: 1303.52, 1080.00, 0.0165

Frame: 188, Person: 0
0: 1482.58, 273.42, 0.9965
1: 1503.15, 241.86, 0.9770
2: 1449.52, 249.50, 0.9920
3: 1529.81, 256.31, 0.6004
4: 1393.46, 273.99, 0.9137
5: 1591.66, 412.21, 0.9892
6: 1317.44, 433.55, 0.9966
7: 1678.14, 616.39, 0.9280
8: 1226.47, 575.20, 0.9824
9: 1579.77, 706.16, 0.9150
10: 1311.84, 390.84, 0.9732
11: 1529.09, 854.78, 0.9591
12: 1346.54, 864.40, 0.9765
13: 1522.93, 1080.00, 0.2459
14: 1331.68, 1080.00, 0.3469
15: 1494.10, 1080.00, 0.0154
16: 1303.10, 1080.00, 0.0200

Frame: 189, Person: 0
0: 1485.49, 273.91, 0.9966
1: 1505.74, 241.97, 0.9762
2: 1452.17, 249.62, 0.9923
3: 1531.26, 255.51, 0.5730
4: 1394.98, 272.77, 0.9211
5: 1590.24, 412.45, 0.9893
6: 1316.46, 432.10, 0.9967
7: 1670.60, 624.63, 0.9275
8: 1220.31, 577.04, 0.9826
9: 1582.04, 735.53, 0.9100
10: 1315.12, 388.01, 0.9731
11: 1528.74, 857.97, 0.9580
12: 1347.25, 868.12, 0.9759
13: 1523.62, 1080.00, 0.2365
14: 1337.64, 1080.00, 0.3368
15: 1488.59, 1080.00, 0.0147
16: 1305.31, 1080.00, 0.0191

Frame: 190, Person: 0
0: 1489.25, 272.77, 0.9963
1: 1508.21, 242.67, 0.9727
2: 1456.18, 249.25, 0.9923
3: 1530.36, 259.69, 0.5262
4: 1396.36, 274.69, 0.9323
5: 1593.09, 422.07, 0.9895
6: 1309.85, 437.74, 0.9965
7: 1658.57, 635.15, 0.9228
8: 1216.82, 582.46, 0.9797
9: 1587.76, 772.34, 0.8915
10: 1300.87, 414.03, 0.9673
11: 1534.54, 862.63, 0.9528
12: 1346.71, 872.03, 0.9719
13: 1536.21, 1080.00, 0.2013
14: 1338.53, 1080.00, 0.2850
15: 1482.40, 1080.00, 0.0124
16: 1304.44, 1080.00, 0.0154

Frame: 191, Person: 0
0: 1490.86, 273.05, 0.9963
1: 1510.03, 243.17, 0.9725
2: 1458.36, 249.25, 0.9923
3: 1531.50, 259.59, 0.5265
4: 1398.95, 273.35, 0.9334
5: 1589.41, 421.50, 0.9900
6: 1312.15, 436.25, 0.9966
7: 1652.38, 638.52, 0.9260
8: 1216.16, 580.75, 0.9802
9: 1592.26, 802.79, 0.8884
10: 1290.53, 410.97, 0.9668
11: 1528.41, 862.85, 0.9532
12: 1344.97, 872.03, 0.9719
13: 1532.93, 1080.00, 0.2031
14: 1341.23, 1080.00, 0.2862
15: 1481.07, 1080.00, 0.0128
16: 1308.81, 1080.00, 0.0159

Frame: 192, Person: 0
0: 1489.90, 273.71, 0.9961
1: 1511.09, 244.65, 0.9745
2: 1457.96, 249.21, 0.9920
3: 1533.57, 262.22, 0.5781
4: 1400.13, 273.87, 0.9234
5: 1586.71, 418.30, 0.9879
6: 1317.31, 436.43, 0.9967
7: 1646.51, 627.12, 0.9158
8: 1212.26, 577.38, 0.9815
9: 1587.03, 816.59, 0.8710
10: 1269.59, 427.40, 0.9655
11: 1523.27, 863.03, 0.9444
12: 1344.58, 871.25, 0.9682
13: 1525.99, 1080.00, 0.1611
14: 1347.89, 1080.00, 0.2447
15: 1470.42, 1080.00, 0.0101
16: 1305.23, 1080.00, 0.0133

Frame: 193, Person: 0
0: 1489.66, 275.19, 0.9961
1: 1510.91, 245.51, 0.9749
2: 1458.07, 250.62, 0.9917
3: 1534.32, 260.95, 0.5871
4: 1402.24, 273.65, 0.9210
5: 1586.57, 415.25, 0.9876
6: 1318.73, 434.33, 0.9967
7: 1641.14, 624.74, 0.9157
8: 1209.72, 574.08, 0.9820
9: 1594.46, 828.81, 0.8669
10: 1264.89, 423.08, 0.9656
11: 1519.62, 859.86, 0.9427
12: 1342.07, 868.74, 0.9677
13: 1522.83, 1080.00, 0.1527
14: 1344.88, 1080.00, 0.2361
15: 1462.48, 1080.00, 0.0094
16: 1298.28, 1080.00, 0.0127

Frame: 194, Person: 0
0: 1489.33, 273.92, 0.9963
1: 1509.54, 243.70, 0.9752
2: 1456.83, 249.78, 0.9916
3: 1532.61, 258.60, 0.5812
4: 1399.22, 272.45, 0.9278
5: 1588.82, 419.17, 0.9902
6: 1311.73, 433.96, 0.9968
7: 1641.88, 636.67, 0.9286
8: 1207.02, 572.03, 0.9811
9: 1604.13, 836.49, 0.8814
10: 1274.26, 401.43, 0.9659
11: 1528.01, 864.77, 0.9542
12: 1345.71, 874.41, 0.9730
13: 1523.27, 1080.00, 0.1925
14: 1334.64, 1080.00, 0.2749
15: 1467.48, 1080.00, 0.0120
16: 1305.21, 1080.00, 0.0151

Frame: 195, Person: 0
0: 1488.90, 273.84, 0.9963
1: 1508.81, 243.67, 0.9748
2: 1455.96, 249.96, 0.9917
3: 1531.21, 258.62, 0.5673
4: 1397.34, 272.77, 0.9303
5: 1586.58, 417.70, 0.9903
6: 1309.53, 432.01, 0.9967
7: 1641.92, 633.74, 0.9297
8: 1202.83, 569.28, 0.9807
9: 1614.47, 835.66, 0.8807
10: 1280.08, 397.87, 0.9650
11: 1527.18, 860.45, 0.9534
12: 1345.00, 870.47, 0.9720
13: 1520.46, 1080.00, 0.1879
14: 1331.35, 1080.00, 0.2655
15: 1464.85, 1080.00, 0.0116
16: 1299.29, 1080.00, 0.0144

Frame: 196, Person: 0
0: 1488.27, 274.51, 0.9962
1: 1507.53, 244.15, 0.9739
2: 1455.16, 250.98, 0.9915
3: 1529.32, 258.35, 0.5604
4: 1396.26, 273.36, 0.9323
5: 1586.09, 418.25, 0.9907
6: 1306.22, 429.94, 0.9967
7: 1643.50, 633.59, 0.9311
8: 1195.71, 562.97, 0.9803
9: 1622.94, 839.50, 0.8806
10: 1284.88, 394.19, 0.9643
11: 1525.06, 859.85, 0.9543
12: 1341.76, 869.34, 0.9721
13: 1516.34, 1080.00, 0.1905
14: 1328.49, 1080.00, 0.2660
15: 1460.09, 1080.00, 0.0118
16: 1297.79, 1080.00, 0.0145

Frame: 197, Person: 0
0: 1487.18, 274.54, 0.9962
1: 1506.30, 244.13, 0.9737
2: 1454.15, 250.77, 0.9917
3: 1528.06, 258.22, 0.5423
4: 1395.00, 272.28, 0.9328
5: 1586.06, 417.65, 0.9903
6: 1305.92, 427.47, 0.9964
7: 1647.05, 632.03, 0.9298
8: 1196.97, 558.46, 0.9796
9: 1627.64, 839.09, 0.8773
10: 1295.69, 390.85, 0.9632
11: 1529.45, 864.79, 0.9495
12: 1345.12, 873.97, 0.9688
13: 1524.96, 1080.00, 0.1659
14: 1333.08, 1080.00, 0.2337
15: 1468.80, 1080.00, 0.0100
16: 1297.80, 1080.00, 0.0122

Frame: 198, Person: 0
0: 1486.96, 274.58, 0.9963
1: 1505.78, 244.20, 0.9731
2: 1453.54, 250.84, 0.9920
3: 1526.74, 258.74, 0.5190
4: 1392.94, 272.51, 0.9356
5: 1585.75, 418.03, 0.9905
6: 1304.42, 425.60, 0.9963
7: 1648.93, 632.41, 0.9307
8: 1197.58, 554.32, 0.9792
9: 1631.95, 835.13, 0.8783
10: 1300.43, 387.01, 0.9628
11: 1532.21, 863.99, 0.9494
12: 1346.76, 872.50, 0.9682
13: 1527.24, 1080.00, 0.1639
14: 1332.25, 1080.00, 0.2282
15: 1470.85, 1080.00, 0.0098
16: 1295.25, 1080.00, 0.0117

Frame: 199, Person: 0
0: 1486.58, 274.35, 0.9963
1: 1505.09, 244.04, 0.9730
2: 1453.05, 251.00, 0.9921
3: 1525.76, 258.96, 0.5147
4: 1392.32, 273.47, 0.9359
5: 1585.22, 418.33, 0.9903
6: 1304.97, 426.05, 0.9963
7: 1650.86, 631.99, 0.9301
8: 1200.53, 550.92, 0.9791
9: 1633.75, 835.80, 0.8774
10: 1302.06, 379.61, 0.9626
11: 1531.54, 862.78, 0.9493
12: 1346.69, 871.17, 0.9682
13: 1525.71, 1080.00, 0.1634
14: 1330.66, 1080.00, 0.2277
15: 1470.70, 1080.00, 0.0097
16: 1293.71, 1080.00, 0.0116

Frame: 200, Person: 0
0: 1486.85, 273.45, 0.9963
1: 1505.23, 243.27, 0.9734
2: 1453.13, 250.30, 0.9920
3: 1525.83, 258.79, 0.5180
4: 1392.63, 273.62, 0.9342
5: 1584.62, 418.01, 0.9900
6: 1307.40, 425.90, 0.9962
7: 1651.23, 630.56, 0.9289
8: 1202.81, 547.91, 0.9791
9: 1633.51, 835.96, 0.8761
10: 1306.72, 373.22, 0.9625
11: 1531.92, 864.37, 0.9466
12: 1349.16, 872.88, 0.9667
13: 1525.28, 1080.00, 0.1560
14: 1334.04, 1080.00, 0.2196
15: 1470.14, 1080.00, 0.0093
16: 1295.06, 1080.00, 0.0112

Frame: 201, Person: 0
0: 1487.10, 270.90, 0.9962
1: 1504.99, 241.25, 0.9737
2: 1453.02, 248.71, 0.9918
3: 1525.41, 258.41, 0.5363
4: 1392.96, 274.78, 0.9335
5: 1584.95, 418.59, 0.9901
6: 1308.55, 428.02, 0.9964
7: 1650.01, 629.92, 0.9290
8: 1203.55, 548.20, 0.9800
9: 1631.64, 834.96, 0.8772
10: 1307.84, 371.85, 0.9638
11: 1532.92, 861.80, 0.9500
12: 1351.10, 871.03, 0.9694
13: 1525.85, 1080.00, 0.1695
14: 1336.95, 1080.00, 0.2407
15: 1470.64, 1080.00, 0.0103
16: 1298.87, 1080.00, 0.0127

Frame: 202, Person: 0
0: 1485.41, 269.19, 0.9961
1: 1502.64, 239.33, 0.9737
2: 1450.63, 247.77, 0.9916
3: 1522.94, 256.82, 0.5467
4: 1390.90, 275.88, 0.9332
5: 1583.72, 418.02, 0.9902
6: 1307.93, 429.24, 0.9964
7: 1647.98, 629.16, 0.9297
8: 1205.02, 548.22, 0.9802
9: 1631.49, 834.27, 0.8778
10: 1308.96, 371.34, 0.9639
11: 1530.50, 859.73, 0.9514
12: 1349.27, 869.82, 0.9703
13: 1525.56, 1080.00, 0.1758
14: 1336.59, 1080.00, 0.2498
15: 1469.06, 1080.00, 0.0109
16: 1298.43, 1080.00, 0.0134

Frame: 203, Person: 0
0: 1482.85, 268.53, 0.9961
1: 1500.51, 238.54, 0.9750
2: 1448.02, 247.36, 0.9913
3: 1522.22, 256.03, 0.5776
4: 1389.83, 276.15, 0.9282
5: 1583.42, 416.75, 0.9900
6: 1308.38, 429.78, 0.9965
7: 1645.70, 628.04, 0.9292
8: 1207.65, 548.16, 0.9806
9: 1630.43, 835.52, 0.8770
10: 1309.05, 369.32, 0.9641
11: 1530.17, 858.56, 0.9521
12: 1349.14, 869.32, 0.9713
13: 1526.56, 1080.00, 0.1791
14: 1335.52, 1080.00, 0.2575
15: 1471.23, 1080.00, 0.0113
16: 1298.61, 1080.00, 0.0142

Frame: 204, Person: 0
0: 1481.17, 269.39, 0.9961
1: 1499.21, 238.91, 0.9754
2: 1446.38, 247.81, 0.9913
3: 1521.76, 255.38, 0.5815
4: 1388.46, 275.45, 0.9266
5: 1583.12, 416.07, 0.9899
6: 1307.66, 429.19, 0.9965
7: 1645.95, 628.59, 0.9288
8: 1207.75, 548.49, 0.9807
9: 1630.03, 836.00, 0.8773
10: 1309.65, 368.40, 0.9643
11: 1529.82, 858.21, 0.9521
12: 1348.55, 868.88, 0.9714
13: 1524.83, 1080.00, 0.1809
14: 1334.04, 1080.00, 0.2608
15: 1469.31, 1080.00, 0.0114
16: 1297.61, 1080.00, 0.0145

Frame: 205, Person: 0
0: 1479.56, 269.33, 0.9961
1: 1498.28, 239.11, 0.9763
2: 1445.37, 247.52, 0.9910
3: 1522.03, 255.90, 0.6070
4: 1389.07, 274.87, 0.9221
5: 1583.25, 416.12, 0.9899
6: 1308.71, 429.63, 0.9965
7: 1646.14, 628.69, 0.9285
8: 1207.82, 550.45, 0.9809
9: 1630.43, 836.23, 0.8771
10: 1308.61, 368.47, 0.9643
11: 1529.97, 857.43, 0.9521
12: 1349.24, 868.10, 0.9716
13: 1525.29, 1080.00, 0.1821
14: 1335.02, 1080.00, 0.2640
15: 1471.58, 1080.00, 0.0116
16: 1299.18, 1080.00, 0.0149

Frame: 206, Person: 0
0: 1479.14, 269.19, 0.9961
1: 1498.19, 239.19, 0.9767
2: 1445.02, 247.22, 0.9910
3: 1522.30, 256.63, 0.6098
4: 1388.66, 274.71, 0.9206
5: 1584.12, 416.82, 0.9897
6: 1308.40, 429.56, 0.9965
7: 1647.38, 628.98, 0.9280
8: 1207.24, 550.12, 0.9806
9: 1631.35, 835.62, 0.8760
10: 1308.56, 368.68, 0.9638
11: 1532.20, 859.06, 0.9505
12: 1350.21, 869.39, 0.9706
13: 1528.31, 1080.00, 0.1730
14: 1334.29, 1080.00, 0.2518
15: 1474.96, 1080.00, 0.0109
16: 1296.66, 1080.00, 0.0139

Frame: 207, Person: 0
0: 1479.25, 269.41, 0.9961
1: 1498.31, 239.29, 0.9766
2: 1445.02, 247.30, 0.9911
3: 1522.32, 256.76, 0.6049
4: 1388.25, 274.73, 0.9212
5: 1584.67, 417.30, 0.9897
6: 1307.70, 429.58, 0.9964
7: 1648.93, 629.83, 0.9279
8: 1207.52, 549.54, 0.9804
9: 1631.18, 836.40, 0.8755
10: 1308.84, 367.52, 0.9635
11: 1532.39, 860.86, 0.9491
12: 1349.37, 870.95, 0.9696
13: 1529.67, 1080.00, 0.1676
14: 1333.43, 1080.00, 0.2439
15: 1476.23, 1080.00, 0.0105
16: 1295.78, 1080.00, 0.0134

Frame: 208, Person: 0
0: 1479.07, 269.45, 0.9961
1: 1498.22, 239.24, 0.9765
2: 1444.85, 247.23, 0.9911
3: 1522.28, 256.53, 0.6037
4: 1388.03, 274.36, 0.9213
5: 1584.70, 417.42, 0.9897
6: 1307.45, 429.17, 0.9964
7: 1649.12, 630.62, 0.9277
8: 1207.86, 549.16, 0.9803
9: 1631.60, 836.69, 0.8751
10: 1309.00, 367.13, 0.9632
11: 1531.75, 861.65, 0.9490
12: 1348.73, 871.43, 0.9695
13: 1527.74, 1080.00, 0.1664
14: 1332.77, 1080.00, 0.2421
15: 1473.57, 1080.00, 0.0103
16: 1295.83, 1080.00, 0.0132

Frame: 209, Person: 0
0: 1479.05, 269.55, 0.9961
1: 1498.41, 239.37, 0.9767
2: 1444.82, 247.25, 0.9910
3: 1522.75, 256.82, 0.6089
4: 1388.18, 274.48, 0.9202
5: 1584.98, 417.57, 0.9897
6: 1307.87, 429.73, 0.9964
7: 1648.54, 630.33, 0.9275
8: 1208.93, 549.66, 0.9802
9: 1631.23, 836.20, 0.8752
10: 1308.64, 367.08, 0.9632
11: 1532.59, 860.89, 0.9488
12: 1349.81, 870.95, 0.9694
13: 1529.50, 1080.00, 0.1673
14: 1335.67, 1080.00, 0.2435
15: 1474.65, 1080.00, 0.0105
16: 1299.68, 1080.00, 0.0134

Frame: 210, Person: 0
0: 1478.99, 269.62, 0.9961
1: 1498.28, 239.43, 0.9770
2: 1444.77, 247.41, 0.9910
3: 1522.75, 256.72, 0.6154
4: 1388.52, 274.67, 0.9196
5: 1584.63, 417.51, 0.9897
6: 1309.12, 429.66, 0.9965
7: 1648.30, 629.93, 0.9279
8: 1208.67, 549.12, 0.9807
9: 1631.29, 836.21, 0.8766
10: 1308.48, 367.51, 0.9641
11: 1532.27, 859.81, 0.9505
12: 1350.85, 869.77, 0.9707
13: 1527.23, 1080.00, 0.1754
14: 1336.45, 1080.00, 0.2558
15: 1473.09, 1080.00, 0.0111
16: 1300.63, 1080.00, 0.0143

Frame: 211, Person: 0
0: 1479.17, 269.80, 0.9961
1: 1498.54, 239.51, 0.9771
2: 1445.05, 247.43, 0.9910
3: 1523.19, 256.53, 0.6162
4: 1389.04, 274.30, 0.9188
5: 1584.92, 417.18, 0.9897
6: 1309.82, 429.61, 0.9965
7: 1648.23, 629.64, 0.9277
8: 1209.28, 549.62, 0.9807
9: 1631.79, 835.71, 0.8766
10: 1308.57, 367.45, 0.9641
11: 1533.04, 860.36, 0.9500
12: 1351.74, 870.48, 0.9704
13: 1528.74, 1080.00, 0.1740
14: 1337.52, 1080.00, 0.2539
15: 1474.42, 1080.00, 0.0110
16: 1300.92, 1080.00, 0.0142

Frame: 212, Person: 0
0: 1478.95, 269.87, 0.9961
1: 1498.48, 239.69, 0.9772
2: 1444.99, 247.53, 0.9908
3: 1523.44, 256.86, 0.6229
4: 1389.47, 274.43, 0.9174
5: 1585.14, 417.40, 0.9896
6: 1310.43, 429.65, 0.9965
7: 1647.88, 630.26, 0.9277
8: 1209.86, 550.03, 0.9807
9: 1631.61, 836.35, 0.8763
10: 1308.73, 367.85, 0.9640
11: 1533.00, 859.30, 0.9503
12: 1352.00, 869.29, 0.9706
13: 1528.76, 1080.00, 0.1753
14: 1338.16, 1080.00, 0.2560
15: 1474.64, 1080.00, 0.0111
16: 1301.84, 1080.00, 0.0144

Frame: 213, Person: 0
0: 1479.34, 269.82, 0.9961
1: 1498.73, 239.59, 0.9770
2: 1445.11, 247.52, 0.9909
3: 1523.39, 256.88, 0.6146
4: 1388.98, 274.70, 0.9182
5: 1585.01, 417.84, 0.9896
6: 1310.08, 429.89, 0.9964
7: 1648.42, 630.29, 0.9271
8: 1209.98, 549.40, 0.9803
9: 1631.85, 835.81, 0.8754
10: 1309.38, 367.41, 0.9635
11: 1532.57, 861.46, 0.9486
12: 1351.49, 871.37, 0.9695
13: 1528.27, 1080.00, 0.1681
14: 1338.24, 1080.00, 0.2456
15: 1473.08, 1080.00, 0.0106
16: 1301.29, 1080.00, 0.0136

Frame: 214, Person: 0
0: 1478.84, 270.10, 0.9961
1: 1498.86, 240.03, 0.9776
2: 1444.91, 247.54, 0.9908
3: 1524.33, 257.53, 0.6290
4: 1389.44, 274.38, 0.9153
5: 1585.59, 417.76, 0.9895
6: 1310.47, 430.09, 0.9964
7: 1648.57, 629.78, 0.9273
8: 1210.36, 550.34, 0.9805
9: 1631.45, 835.97, 0.8756
10: 1309.84, 366.83, 0.9636
11: 1532.35, 862.40, 0.9493
12: 1351.03, 872.18, 0.9701
13: 1526.13, 1080.00, 0.1690
14: 1335.86, 1080.00, 0.2478
15: 1470.61, 1080.00, 0.0107
16: 1298.62, 1080.00, 0.0138

Frame: 215, Person: 0
0: 1477.66, 269.75, 0.9961
1: 1498.80, 240.06, 0.9789
2: 1444.21, 246.81, 0.9905
3: 1525.96, 258.42, 0.6580
4: 1390.20, 273.64, 0.9092
5: 1586.59, 418.65, 0.9893
6: 1311.93, 430.41, 0.9965
7: 1650.17, 631.04, 0.9263
8: 1210.57, 552.97, 0.9810
9: 1631.18, 835.81, 0.8764
10: 1310.06, 369.44, 0.9644
11: 1531.44, 862.03, 0.9493
12: 1350.47, 871.00, 0.9707
13: 1522.75, 1080.00, 0.1713
14: 1333.73, 1080.00, 0.2546
15: 1469.62, 1080.00, 0.0109
16: 1297.26, 1080.00, 0.0144

Frame: 216, Person: 0
0: 1475.63, 270.31, 0.9961
1: 1498.44, 240.23, 0.9801
2: 1442.53, 246.24, 0.9903
3: 1528.24, 257.74, 0.6850
4: 1389.89, 271.08, 0.9010
5: 1586.79, 418.15, 0.9891
6: 1313.17, 428.41, 0.9966
7: 1651.10, 634.03, 0.9254
8: 1211.63, 556.59, 0.9813
9: 1631.07, 837.65, 0.8787
10: 1312.14, 375.88, 0.9652
11: 1528.77, 860.11, 0.9492
12: 1348.58, 867.86, 0.9710
13: 1518.52, 1080.00, 0.1809
14: 1331.58, 1080.00, 0.2703
15: 1469.13, 1080.00, 0.0121
16: 1297.49, 1080.00, 0.0162

Frame: 217, Person: 0
0: 1473.47, 271.04, 0.9960
1: 1497.16, 241.01, 0.9805
2: 1440.88, 246.66, 0.9899
3: 1528.59, 258.78, 0.7004
4: 1389.42, 271.27, 0.8944
5: 1588.91, 418.89, 0.9886
6: 1311.43, 431.45, 0.9964
7: 1656.57, 632.20, 0.9230
8: 1211.49, 562.41, 0.9805
9: 1629.70, 833.98, 0.8779
10: 1313.54, 382.74, 0.9644
11: 1529.39, 864.16, 0.9467
12: 1346.73, 872.48, 0.9696
13: 1521.42, 1080.00, 0.1692
14: 1333.87, 1080.00, 0.2554
15: 1471.04, 1080.00, 0.0111
16: 1301.63, 1080.00, 0.0150

Frame: 218, Person: 0
0: 1467.11, 269.66, 0.9959
1: 1492.82, 241.22, 0.9823
2: 1436.21, 244.69, 0.9890
3: 1527.32, 261.72, 0.7640
4: 1388.97, 270.63, 0.8669
5: 1586.54, 416.87, 0.9871
6: 1318.39, 431.55, 0.9967
7: 1660.67, 623.77, 0.9166
8: 1213.89, 569.47, 0.9826
9: 1617.13, 824.62, 0.8773
10: 1314.12, 418.64, 0.9664
11: 1523.75, 856.64, 0.9446
12: 1346.42, 862.13, 0.9699
13: 1511.34, 1080.00, 0.1632
14: 1339.55, 1080.00, 0.2606
15: 1463.52, 1080.00, 0.0108
16: 1293.99, 1080.00, 0.0157

Frame: 219, Person: 0
0: 1460.16, 267.81, 0.9955
1: 1487.58, 239.66, 0.9845
2: 1430.89, 243.45, 0.9863
3: 1528.25, 260.98, 0.8326
4: 1390.56, 269.63, 0.8369
5: 1594.47, 420.23, 0.9884
6: 1314.54, 434.68, 0.9966
7: 1666.48, 629.26, 0.9229
8: 1206.09, 578.58, 0.9800
9: 1617.47, 806.87, 0.8879
10: 1316.32, 414.66, 0.9639
11: 1529.65, 861.40, 0.9491
12: 1345.50, 868.23, 0.9716
13: 1519.04, 1080.00, 0.1856
14: 1332.47, 1080.00, 0.2819
15: 1479.49, 1080.00, 0.0128
16: 1304.68, 1080.00, 0.0184

Frame: 220, Person: 0
0: 1452.65, 267.80, 0.9952
1: 1483.63, 240.92, 0.9870
2: 1426.26, 242.58, 0.9830
3: 1532.09, 264.49, 0.8895
4: 1393.77, 267.93, 0.7783
5: 1599.05, 421.13, 0.9886
6: 1315.76, 434.90, 0.9964
7: 1675.37, 621.83, 0.9284
8: 1197.95, 584.35, 0.9785
9: 1609.23, 782.57, 0.9017
10: 1326.09, 432.98, 0.9629
11: 1526.90, 865.09, 0.9517
12: 1339.55, 870.61, 0.9717
13: 1521.46, 1080.00, 0.1966
14: 1329.89, 1080.00, 0.2883
15: 1491.38, 1080.00, 0.0140
16: 1301.31, 1080.00, 0.0201

Frame: 221, Person: 0
0: 1447.08, 266.60, 0.9951
1: 1479.16, 240.04, 0.9879
2: 1422.97, 240.35, 0.9812
3: 1531.54, 263.16, 0.9108
4: 1395.24, 263.17, 0.7437
5: 1603.49, 422.09, 0.9900
6: 1312.25, 430.80, 0.9964
7: 1683.69, 619.40, 0.9378
8: 1190.09, 592.28, 0.9779
9: 1603.00, 729.26, 0.9228
10: 1321.72, 473.76, 0.9645
11: 1526.64, 866.57, 0.9634
12: 1333.21, 869.39, 0.9771
13: 1529.13, 1080.00, 0.2642
14: 1325.19, 1080.00, 0.3573
15: 1510.36, 1080.00, 0.0198
16: 1304.35, 1080.00, 0.0274

Frame: 222, Person: 0
0: 1444.80, 266.71, 0.9947
1: 1476.26, 239.89, 0.9883
2: 1421.67, 240.56, 0.9776
3: 1531.19, 261.09, 0.9233
4: 1397.36, 261.69, 0.6932
5: 1606.26, 421.04, 0.9904
6: 1318.09, 425.77, 0.9957
7: 1689.23, 607.77, 0.9446
8: 1188.95, 580.53, 0.9741
9: 1599.86, 695.83, 0.9349
10: 1327.33, 489.28, 0.9621
11: 1530.80, 861.80, 0.9675
12: 1337.63, 862.68, 0.9773
13: 1537.32, 1080.00, 0.3058
14: 1325.52, 1080.00, 0.3801
15: 1531.56, 1080.00, 0.0243
16: 1301.66, 1080.00, 0.0316

Frame: 223, Person: 0
0: 1441.36, 267.46, 0.9948
1: 1473.56, 240.80, 0.9889
2: 1418.74, 240.90, 0.9783
3: 1531.51, 261.69, 0.9281
4: 1396.42, 260.51, 0.6782
5: 1603.28, 424.20, 0.9896
6: 1322.62, 420.51, 0.9956
7: 1694.00, 604.84, 0.9403
8: 1185.87, 574.54, 0.9740
9: 1592.45, 660.40, 0.9379
10: 1335.32, 515.03, 0.9637
11: 1527.52, 860.50, 0.9646
12: 1337.88, 857.28, 0.9760
13: 1541.41, 1080.00, 0.2965
14: 1328.96, 1080.00, 0.3769
15: 1558.43, 1080.00, 0.0239
16: 1305.42, 1080.00, 0.0319

Frame: 224, Person: 0
0: 1436.56, 270.14, 0.9946
1: 1468.78, 243.78, 0.9893
2: 1415.45, 243.67, 0.9756
3: 1529.50, 263.28, 0.9371
4: 1397.04, 261.41, 0.6367
5: 1605.03, 425.18, 0.9897
6: 1322.94, 418.47, 0.9950
7: 1700.88, 603.45, 0.9427
8: 1184.52, 574.98, 0.9698
9: 1591.84, 634.22, 0.9422
10: 1333.61, 529.51, 0.9597
11: 1527.53, 857.49, 0.9655
12: 1336.17, 852.30, 0.9749
13: 1545.07, 1080.00, 0.3072
14: 1325.69, 1080.00, 0.3723
15: 1574.69, 1080.00, 0.0245
16: 1308.23, 1080.00, 0.0315

Frame: 225, Person: 0
0: 1434.12, 272.92, 0.9948
1: 1467.29, 246.04, 0.9899
2: 1412.67, 245.51, 0.9756
3: 1530.35, 264.37, 0.9405
4: 1394.63, 261.43, 0.6142
5: 1604.52, 427.11, 0.9900
6: 1325.97, 415.88, 0.9949
7: 1709.46, 605.83, 0.9452
8: 1184.44, 576.04, 0.9701
9: 1594.48, 608.05, 0.9476
10: 1336.16, 536.91, 0.9613
11: 1526.30, 861.82, 0.9670
12: 1337.27, 853.88, 0.9756
13: 1540.92, 1080.00, 0.3208
14: 1326.35, 1080.00, 0.3844
15: 1583.19, 1080.00, 0.0258
16: 1310.72, 1080.00, 0.0329

Frame: 226, Person: 0
0: 1431.99, 276.04, 0.9944
1: 1464.56, 249.06, 0.9896
2: 1410.83, 248.68, 0.9725
3: 1528.22, 265.76, 0.9445
4: 1394.39, 263.38, 0.5886
5: 1606.97, 427.57, 0.9902
6: 1329.18, 414.81, 0.9947
7: 1710.49, 611.49, 0.9453
8: 1185.52, 578.63, 0.9680
9: 1588.55, 598.35, 0.9483
10: 1335.72, 538.99, 0.9591
11: 1534.31, 855.24, 0.9679
12: 1347.10, 845.96, 0.9758
13: 1533.57, 1080.00, 0.3353
14: 1328.84, 1080.00, 0.3927
15: 1577.54, 1080.00, 0.0265
16: 1319.53, 1080.00, 0.0334

Frame: 227, Person: 0
0: 1429.07, 278.35, 0.9936
1: 1462.19, 251.96, 0.9893
2: 1409.40, 251.16, 0.9664
3: 1527.41, 269.02, 0.9511
4: 1395.88, 265.41, 0.5472
5: 1609.23, 428.81, 0.9913
6: 1327.09, 416.66, 0.9938
7: 1707.25, 605.37, 0.9523
8: 1188.94, 577.44, 0.9607
9: 1582.17, 599.19, 0.9505
10: 1331.59, 559.01, 0.9495
11: 1534.58, 860.58, 0.9702
12: 1344.12, 851.40, 0.9742
13: 1539.49, 1080.00, 0.3444
14: 1328.30, 1080.00, 0.3718
15: 1575.92, 1080.00, 0.0281
16: 1322.92, 1080.00, 0.0326

Frame: 228, Person: 0
0: 1422.74, 283.93, 0.9937
1: 1457.32, 257.11, 0.9904
2: 1404.37, 254.81, 0.9635
3: 1527.28, 271.27, 0.9562
4: 1393.64, 264.27, 0.4847
5: 1609.72, 431.63, 0.9914
6: 1327.23, 417.56, 0.9929
7: 1709.57, 603.08, 0.9554
8: 1194.86, 576.77, 0.9542
9: 1578.42, 597.98, 0.9555
10: 1322.78, 578.87, 0.9454
11: 1533.72, 862.72, 0.9714
12: 1343.21, 851.58, 0.9730
13: 1537.65, 1080.00, 0.3758
14: 1329.73, 1080.00, 0.3846
15: 1578.03, 1080.00, 0.0326
16: 1336.28, 1080.00, 0.0361

Frame: 229, Person: 0
0: 1419.82, 286.89, 0.9939
1: 1455.03, 260.14, 0.9907
2: 1402.03, 256.76, 0.9625
3: 1526.10, 273.45, 0.9581
4: 1392.25, 264.29, 0.4669
5: 1608.94, 432.55, 0.9917
6: 1325.51, 417.70, 0.9929
7: 1706.16, 607.47, 0.9580
8: 1196.50, 580.00, 0.9538
9: 1572.39, 594.60, 0.9579
10: 1311.99, 573.93, 0.9456
11: 1533.47, 863.12, 0.9739
12: 1341.74, 851.25, 0.9748
13: 1538.88, 1080.00, 0.4019
14: 1326.06, 1080.00, 0.4040
15: 1579.83, 1080.00, 0.0352
16: 1335.42, 1080.00, 0.0384

Frame: 230, Person: 0
0: 1418.83, 286.45, 0.9930
1: 1453.39, 259.82, 0.9900
2: 1401.19, 257.10, 0.9554
3: 1525.09, 273.47, 0.9583
4: 1393.56, 265.54, 0.4292
5: 1607.02, 433.03, 0.9915
6: 1329.88, 414.89, 0.9912
7: 1696.98, 610.93, 0.9588
8: 1197.96, 578.52, 0.9445
9: 1561.23, 563.40, 0.9580
10: 1325.94, 553.94, 0.9371
11: 1531.64, 866.61, 0.9713
12: 1343.37, 853.73, 0.9699
13: 1536.18, 1080.00, 0.3724
14: 1327.57, 1080.00, 0.3559
15: 1578.82, 1080.00, 0.0308
16: 1330.39, 1080.00, 0.0318

Frame: 231, Person: 0
0: 1418.83, 284.27, 0.9931
1: 1453.28, 257.41, 0.9899
2: 1400.86, 255.17, 0.9563
3: 1525.04, 271.87, 0.9575
4: 1393.67, 264.93, 0.4398
5: 1604.30, 432.02, 0.9914
6: 1333.56, 415.79, 0.9918
7: 1693.39, 607.45, 0.9573
8: 1193.12, 580.57, 0.9481
9: 1553.45, 541.30, 0.9579
10: 1327.16, 538.26, 0.9418
11: 1532.85, 868.87, 0.9709
12: 1349.54, 856.94, 0.9706
13: 1532.75, 1080.00, 0.3715
14: 1336.53, 1080.00, 0.3642
15: 1575.54, 1080.00, 0.0306
16: 1333.42, 1080.00, 0.0325

Frame: 232, Person: 0
0: 1419.06, 282.68, 0.9929
1: 1452.94, 255.42, 0.9899
2: 1400.56, 253.61, 0.9545
3: 1523.91, 268.09, 0.9573
4: 1391.92, 262.46, 0.4226
5: 1604.47, 427.91, 0.9912
6: 1331.87, 411.05, 0.9908
7: 1695.72, 600.46, 0.9578
8: 1189.50, 571.73, 0.9420
9: 1543.66, 537.83, 0.9598
10: 1324.75, 540.91, 0.9386
11: 1530.20, 860.73, 0.9694
12: 1346.93, 848.17, 0.9677
13: 1524.98, 1080.00, 0.3781
14: 1336.99, 1080.00, 0.3592
15: 1570.87, 1080.00, 0.0317
16: 1342.54, 1080.00, 0.0326

Frame: 233, Person: 0
0: 1419.52, 281.38, 0.9927
1: 1453.05, 254.18, 0.9897
2: 1400.98, 253.33, 0.9535
3: 1523.54, 267.59, 0.9575
4: 1392.40, 264.08, 0.4207
5: 1605.52, 426.16, 0.9912
6: 1330.73, 411.82, 0.9905
7: 1702.48, 594.20, 0.9585
8: 1185.57, 567.78, 0.9409
9: 1548.03, 538.52, 0.9598
10: 1322.30, 536.31, 0.9372
11: 1526.38, 860.20, 0.9681
12: 1342.06, 848.41, 0.9658
13: 1521.80, 1080.00, 0.3584
14: 1333.61, 1080.00, 0.3377
15: 1568.80, 1080.00, 0.0291
16: 1339.19, 1080.00, 0.0297

Frame: 234, Person: 0
0: 1419.27, 280.32, 0.9928
1: 1452.73, 253.22, 0.9899
2: 1400.48, 252.74, 0.9535
3: 1522.69, 266.48, 0.9576
4: 1390.97, 263.96, 0.4164
5: 1602.73, 420.22, 0.9918
6: 1329.57, 411.91, 0.9905
7: 1710.33, 579.80, 0.9624
8: 1181.68, 565.08, 0.9413
9: 1551.57, 536.42, 0.9634
10: 1326.69, 525.70, 0.9393
11: 1523.45, 857.85, 0.9726
12: 1340.74, 848.47, 0.9695
13: 1518.03, 1080.00, 0.4021
14: 1335.39, 1080.00, 0.3719
15: 1566.26, 1080.00, 0.0348
16: 1336.53, 1080.00, 0.0347

Frame: 235, Person: 0
0: 1419.32, 279.60, 0.9926
1: 1452.69, 252.39, 0.9899
2: 1400.11, 252.17, 0.9506
3: 1521.95, 265.56, 0.9586
4: 1389.20, 263.69, 0.4006
5: 1601.89, 418.54, 0.9923
6: 1327.96, 410.54, 0.9898
7: 1716.47, 571.75, 0.9657
8: 1173.23, 560.38, 0.9364
9: 1550.87, 524.46, 0.9665
10: 1323.49, 524.84, 0.9368
11: 1523.42, 857.05, 0.9745
12: 1340.62, 847.68, 0.9695
13: 1516.27, 1080.00, 0.4220
14: 1336.10, 1080.00, 0.3745
15: 1570.72, 1080.00, 0.0373
16: 1337.71, 1080.00, 0.0355

Frame: 236, Person: 0
0: 1418.62, 278.70, 0.9920
1: 1451.38, 252.02, 0.9892
2: 1400.06, 252.72, 0.9477
3: 1520.14, 265.58, 0.9607
4: 1390.63, 265.49, 0.4075
5: 1604.68, 415.62, 0.9924
6: 1327.29, 409.58, 0.9905
7: 1729.51, 555.73, 0.9649
8: 1167.17, 545.52, 0.9386
9: 1562.29, 516.34, 0.9654
10: 1323.46, 511.76, 0.9370
11: 1522.98, 853.91, 0.9746
12: 1340.41, 844.65, 0.9706
13: 1503.98, 1080.00, 0.4146
14: 1335.99, 1080.00, 0.3746
15: 1552.84, 1080.00, 0.0362
16: 1341.69, 1080.00, 0.0352

Frame: 237, Person: 0
0: 1418.47, 278.17, 0.9921
1: 1451.52, 251.41, 0.9892
2: 1399.64, 252.23, 0.9490
3: 1520.22, 265.24, 0.9610
4: 1389.59, 265.16, 0.4200
5: 1601.85, 412.69, 0.9923
6: 1329.72, 408.57, 0.9908
7: 1742.86, 537.90, 0.9642
8: 1161.00, 533.80, 0.9417
9: 1568.99, 504.49, 0.9658
10: 1331.67, 498.83, 0.9408
11: 1521.12, 856.54, 0.9738
12: 1342.04, 847.52, 0.9704
13: 1498.10, 1080.00, 0.3934
14: 1336.41, 1080.00, 0.3611
15: 1554.93, 1080.00, 0.0333
16: 1334.59, 1080.00, 0.0330

Frame: 238, Person: 0
0: 1417.67, 279.22, 0.9929
1: 1452.15, 252.01, 0.9907
2: 1399.27, 251.27, 0.9467
3: 1521.84, 266.08, 0.9570
4: 1387.67, 261.96, 0.3851
5: 1603.62, 413.83, 0.9937
6: 1322.11, 412.10, 0.9870
7: 1737.33, 512.14, 0.9745
8: 1174.49, 525.21, 0.9167
9: 1570.80, 488.02, 0.9738
10: 1327.32, 485.44, 0.9294
11: 1515.12, 864.12, 0.9742
12: 1328.97, 856.59, 0.9630
13: 1491.79, 1080.00, 0.4376
14: 1321.24, 1080.00, 0.3443
15: 1527.18, 1080.00, 0.0398
16: 1339.91, 1080.00, 0.0328

Frame: 239, Person: 0
0: 1417.31, 278.65, 0.9929
1: 1451.90, 251.69, 0.9907
2: 1399.19, 251.30, 0.9482
3: 1521.57, 266.35, 0.9571
4: 1387.86, 263.10, 0.3962
5: 1603.17, 409.97, 0.9934
6: 1322.43, 414.33, 0.9875
7: 1742.03, 490.69, 0.9739
8: 1178.24, 516.34, 0.9207
9: 1572.22, 475.73, 0.9739
10: 1335.10, 474.32, 0.9331
11: 1515.17, 856.92, 0.9757
12: 1329.26, 851.73, 0.9663
13: 1493.58, 1080.00, 0.4582
14: 1323.95, 1080.00, 0.3713
15: 1530.13, 1080.00, 0.0430
16: 1343.59, 1080.00, 0.0363

Frame: 240, Person: 0
0: 1417.66, 278.92, 0.9928
1: 1452.73, 252.32, 0.9904
2: 1399.60, 251.45, 0.9485
3: 1521.19, 268.15, 0.9550
4: 1386.96, 263.80, 0.3999
5: 1599.07, 409.59, 0.9934
6: 1321.86, 414.19, 0.9866
7: 1748.77, 477.90, 0.9744
8: 1179.13, 505.42, 0.9166
9: 1569.13, 461.50, 0.9747
10: 1336.14, 458.45, 0.9318
11: 1507.95, 859.31, 0.9758
12: 1324.02, 853.70, 0.9653
13: 1492.02, 1080.00, 0.4584
14: 1324.92, 1080.00, 0.3652
15: 1536.02, 1080.00, 0.0431
16: 1345.05, 1080.00, 0.0355

Frame: 241, Person: 0
0: 1418.75, 278.93, 0.9928
1: 1454.07, 252.51, 0.9900
2: 1400.14, 251.42, 0.9501
3: 1521.16, 269.32, 0.9500
4: 1385.65, 264.59, 0.4062
5: 1594.46, 408.16, 0.9929
6: 1323.47, 413.25, 0.9851
7: 1752.13, 468.45, 0.9736
8: 1178.69, 498.91, 0.9104
9: 1568.57, 444.66, 0.9741
10: 1332.83, 443.40, 0.9286
11: 1502.30, 860.12, 0.9723
12: 1322.83, 854.28, 0.9594
13: 1486.92, 1080.00, 0.4248
14: 1328.39, 1080.00, 0.3297
15: 1535.15, 1080.00, 0.0384
16: 1345.64, 1080.00, 0.0311

Frame: 242, Person: 0
0: 1418.93, 279.81, 0.9928
1: 1454.57, 252.72, 0.9900
2: 1399.88, 251.80, 0.9505
3: 1521.87, 268.72, 0.9484
4: 1384.45, 264.32, 0.4042
5: 1593.60, 408.10, 0.9923
6: 1321.92, 413.88, 0.9839
7: 1757.95, 463.21, 0.9720
8: 1174.06, 492.95, 0.9056
9: 1571.67, 439.57, 0.9731
10: 1327.87, 429.69, 0.9262
11: 1498.46, 869.56, 0.9676
12: 1318.05, 863.89, 0.9526
13: 1485.86, 1080.00, 0.3765
14: 1324.02, 1080.00, 0.2864
15: 1541.52, 1080.00, 0.0322
16: 1342.77, 1080.00, 0.0260

Frame: 243, Person: 0
0: 1419.22, 281.38, 0.9931
1: 1455.09, 254.07, 0.9900
2: 1399.94, 252.90, 0.9537
3: 1522.15, 268.68, 0.9459
4: 1383.65, 263.93, 0.4183
5: 1593.15, 404.75, 0.9919
6: 1321.28, 412.75, 0.9847
7: 1759.27, 457.28, 0.9703
8: 1173.74, 490.80, 0.9114
9: 1573.77, 436.29, 0.9721
10: 1323.18, 422.04, 0.9301
11: 1498.86, 865.74, 0.9657
12: 1319.00, 860.80, 0.9524
13: 1481.58, 1080.00, 0.3651
14: 1324.14, 1080.00, 0.2861
15: 1535.66, 1080.00, 0.0307
16: 1345.56, 1080.00, 0.0255

Frame: 244, Person: 0
0: 1422.68, 284.47, 0.9943
1: 1456.59, 254.34, 0.9919
2: 1400.88, 255.87, 0.9646
3: 1526.49, 263.08, 0.9545
4: 1383.65, 265.53, 0.4085
5: 1598.01, 396.52, 0.9888
6: 1343.13, 410.07, 0.9894
7: 1765.89, 453.31, 0.9541
8: 1157.11, 481.40, 0.9447
9: 1561.63, 434.72, 0.9665
10: 1338.17, 426.32, 0.9529
11: 1522.41, 862.21, 0.9626
12: 1352.08, 857.24, 0.9605
13: 1490.20, 1080.00, 0.2593
14: 1348.50, 1076.87, 0.2494
15: 1534.55, 1080.00, 0.0193
16: 1292.48, 1080.00, 0.0203

Frame: 245, Person: 0
0: 1421.88, 286.26, 0.9940
1: 1456.27, 256.31, 0.9916
2: 1400.46, 256.93, 0.9612
3: 1527.05, 263.28, 0.9549
4: 1383.57, 263.87, 0.3895
5: 1598.97, 394.30, 0.9892
6: 1338.24, 406.15, 0.9885
7: 1766.65, 449.96, 0.9570
8: 1152.91, 476.84, 0.9397
9: 1558.44, 422.99, 0.9677
10: 1333.75, 415.52, 0.9493
11: 1517.74, 861.67, 0.9646
12: 1342.95, 856.27, 0.9601
13: 1495.57, 1080.00, 0.2622
14: 1346.25, 1080.00, 0.2416
15: 1540.90, 1080.00, 0.0190
16: 1293.65, 1080.00, 0.0192

Frame: 246, Person: 0
0: 1418.70, 287.20, 0.9929
1: 1456.64, 258.33, 0.9901
2: 1400.03, 256.44, 0.9501
3: 1530.07, 270.49, 0.9492
4: 1387.27, 264.01, 0.3843
5: 1606.27, 410.96, 0.9910
6: 1321.01, 418.15, 0.9849
7: 1767.89, 453.89, 0.9670
8: 1170.21, 487.05, 0.9153
9: 1583.25, 401.71, 0.9706
10: 1312.09, 389.19, 0.9333
11: 1501.15, 879.63, 0.9610
12: 1312.49, 873.58, 0.9493
13: 1484.65, 1080.00, 0.3127
14: 1320.38, 1080.00, 0.2535
15: 1525.63, 1080.00, 0.0235
16: 1343.26, 1080.00, 0.0204

Frame: 247, Person: 0
0: 1418.71, 288.44, 0.9926
1: 1455.98, 258.41, 0.9910
2: 1401.04, 256.53, 0.9398
3: 1531.45, 267.49, 0.9591
4: 1390.51, 260.88, 0.3220
5: 1620.10, 420.34, 0.9924
6: 1311.94, 421.02, 0.9822
7: 1772.78, 475.60, 0.9707
8: 1159.28, 490.47, 0.8870
9: 1605.85, 379.21, 0.9710
10: 1289.54, 362.54, 0.9098
11: 1507.75, 905.84, 0.9606
12: 1304.10, 897.94, 0.9395
13: 1489.24, 1080.00, 0.3018
14: 1302.01, 1080.00, 0.2123
15: 1523.89, 1080.00, 0.0224
16: 1341.71, 1080.00, 0.0174

Frame: 248, Person: 0
0: 1423.18, 284.10, 0.9942
1: 1459.84, 255.61, 0.9903
2: 1401.86, 254.07, 0.9665
3: 1525.26, 268.78, 0.9438
4: 1380.56, 263.25, 0.5050
5: 1613.71, 419.79, 0.9919
6: 1301.27, 414.60, 0.9905
7: 1769.41, 481.03, 0.9550
8: 1147.49, 472.66, 0.9326
9: 1637.63, 358.12, 0.9524
10: 1233.36, 330.27, 0.9276
11: 1513.93, 896.13, 0.9643
12: 1311.37, 886.80, 0.9618
13: 1486.04, 1080.00, 0.3316
14: 1305.79, 1080.00, 0.3059
15: 1505.65, 1080.00, 0.0280
16: 1348.21, 1080.00, 0.0271

Frame: 249, Person: 0
0: 1424.06, 282.42, 0.9940
1: 1461.12, 255.15, 0.9899
2: 1404.17, 252.63, 0.9636
3: 1527.85, 271.06, 0.9449
4: 1387.72, 263.22, 0.4900
5: 1612.13, 419.66, 0.9920
6: 1311.57, 412.04, 0.9906
7: 1770.07, 479.88, 0.9569
8: 1150.46, 480.99, 0.9379
9: 1656.52, 313.11, 0.9537
10: 1236.27, 315.71, 0.9312
11: 1510.72, 893.04, 0.9596
12: 1317.10, 882.14, 0.9575
13: 1479.83, 1080.00, 0.2821
14: 1314.12, 1080.00, 0.2637
15: 1498.97, 1080.00, 0.0209
16: 1348.56, 1080.00, 0.0205

Frame: 250, Person: 0
0: 1426.41, 279.24, 0.9945
1: 1461.59, 251.06, 0.9916
2: 1406.32, 252.16, 0.9665
3: 1526.51, 267.99, 0.9534
4: 1391.78, 269.14, 0.4395
5: 1605.50, 413.62, 0.9885
6: 1329.95, 422.68, 0.9891
7: 1788.25, 463.84, 0.9466
8: 1153.87, 487.07, 0.9342
9: 1674.87, 305.35, 0.9538
10: 1219.60, 322.16, 0.9330
11: 1509.66, 899.54, 0.9385
12: 1331.84, 892.91, 0.9378
13: 1470.56, 1080.00, 0.1415
14: 1315.33, 1080.00, 0.1351
15: 1515.27, 1080.00, 0.0087
16: 1318.21, 1080.00, 0.0090

Frame: 251, Person: 0
0: 1427.92, 278.35, 0.9948
1: 1462.91, 250.18, 0.9915
2: 1406.45, 251.48, 0.9705
3: 1525.89, 267.93, 0.9483
4: 1388.92, 269.75, 0.4821
5: 1602.76, 413.21, 0.9878
6: 1328.67, 423.35, 0.9904
7: 1783.29, 466.11, 0.9418
8: 1151.72, 491.84, 0.9426
9: 1683.54, 313.47, 0.9503
10: 1215.22, 330.93, 0.9394
11: 1513.78, 893.75, 0.9370
12: 1337.23, 888.39, 0.9417
13: 1472.48, 1080.00, 0.1399
14: 1317.88, 1080.00, 0.1437
15: 1516.01, 1080.00, 0.0087
16: 1318.53, 1080.00, 0.0094

Frame: 252, Person: 0
0: 1429.01, 278.07, 0.9951
1: 1463.91, 249.83, 0.9914
2: 1406.77, 251.07, 0.9739
3: 1525.43, 267.96, 0.9441
4: 1387.31, 269.81, 0.5217
5: 1601.51, 412.65, 0.9875
6: 1326.60, 424.02, 0.9915
7: 1786.50, 467.91, 0.9377
8: 1150.76, 495.30, 0.9498
9: 1686.92, 314.89, 0.9476
10: 1218.77, 325.33, 0.9451
11: 1513.70, 895.37, 0.9338
12: 1336.50, 890.78, 0.9434
13: 1474.49, 1080.00, 0.1288
14: 1318.01, 1080.00, 0.1420
15: 1517.56, 1080.00, 0.0079
16: 1315.62, 1080.00, 0.0090

Frame: 253, Person: 0
0: 1430.79, 278.51, 0.9940
1: 1465.42, 250.66, 0.9883
2: 1408.07, 252.07, 0.9735
3: 1525.90, 268.52, 0.9342
4: 1387.72, 270.08, 0.5812
5: 1604.85, 415.92, 0.9854
6: 1322.36, 418.34, 0.9923
7: 1791.41, 474.31, 0.9189
8: 1145.37, 485.40, 0.9554
9: 1685.80, 311.90, 0.9277
10: 1228.71, 333.71, 0.9422
11: 1514.89, 898.62, 0.9196
12: 1334.19, 890.92, 0.9404
13: 1481.57, 1080.00, 0.1242
14: 1330.56, 1080.00, 0.1582
15: 1520.60, 1080.00, 0.0081
16: 1337.03, 1080.00, 0.0103

Frame: 254, Person: 0
0: 1431.47, 278.98, 0.9952
1: 1466.40, 250.69, 0.9911
2: 1408.45, 251.55, 0.9754
3: 1526.34, 268.57, 0.9399
4: 1386.12, 269.74, 0.5412
5: 1599.93, 414.24, 0.9875
6: 1324.71, 422.84, 0.9914
7: 1788.85, 464.71, 0.9385
8: 1154.00, 489.93, 0.9496
9: 1681.19, 318.44, 0.9497
10: 1228.40, 338.97, 0.9464
11: 1507.78, 897.06, 0.9362
12: 1330.10, 891.36, 0.9448
13: 1476.51, 1080.00, 0.1344
14: 1320.11, 1080.00, 0.1474
15: 1522.85, 1080.00, 0.0084
16: 1320.97, 1080.00, 0.0095

Frame: 255, Person: 0
0: 1429.71, 281.07, 0.9945
1: 1465.66, 253.63, 0.9893
2: 1407.38, 251.47, 0.9691
3: 1527.26, 270.21, 0.9297
4: 1384.20, 263.49, 0.5408
5: 1607.40, 419.42, 0.9924
6: 1311.20, 410.80, 0.9909
7: 1769.36, 485.17, 0.9586
8: 1149.83, 486.85, 0.9414
9: 1677.68, 310.22, 0.9547
10: 1225.94, 323.86, 0.9351
11: 1513.76, 891.56, 0.9602
12: 1323.54, 881.40, 0.9579
13: 1484.79, 1080.00, 0.2820
14: 1321.48, 1080.00, 0.2621
15: 1504.51, 1080.00, 0.0206
16: 1349.97, 1080.00, 0.0199

Frame: 256, Person: 0
0: 1430.03, 281.09, 0.9946
1: 1465.81, 253.61, 0.9893
2: 1407.25, 251.82, 0.9701
3: 1527.05, 270.37, 0.9288
4: 1383.46, 264.56, 0.5490
5: 1607.66, 420.04, 0.9924
6: 1311.30, 411.60, 0.9912
7: 1770.45, 489.72, 0.9577
8: 1151.00, 489.23, 0.9428
9: 1678.79, 317.06, 0.9541
10: 1227.73, 325.61, 0.9363
11: 1513.67, 890.93, 0.9603
12: 1323.99, 880.82, 0.9588
13: 1482.18, 1080.00, 0.2855
14: 1322.81, 1080.00, 0.2692
15: 1499.76, 1080.00, 0.0210
16: 1351.56, 1080.00, 0.0205

Frame: 257, Person: 0
0: 1430.13, 280.76, 0.9948
1: 1465.61, 253.05, 0.9895
2: 1407.06, 251.78, 0.9716
3: 1526.73, 269.76, 0.9291
4: 1383.33, 265.20, 0.5631
5: 1607.86, 419.82, 0.9921
6: 1312.52, 413.37, 0.9919
7: 1770.60, 490.44, 0.9548
8: 1152.04, 490.73, 0.9469
9: 1678.33, 322.80, 0.9519
10: 1228.77, 325.18, 0.9395
11: 1515.87, 891.55, 0.9596
12: 1326.94, 882.25, 0.9605
13: 1481.82, 1080.00, 0.2816
14: 1323.48, 1080.00, 0.2764
15: 1499.67, 1080.00, 0.0208
16: 1351.72, 1080.00, 0.0211

Frame: 258, Person: 0
0: 1430.23, 280.32, 0.9947
1: 1465.65, 252.75, 0.9892
2: 1407.36, 251.28, 0.9706
3: 1526.24, 269.50, 0.9282
4: 1383.24, 264.57, 0.5601
5: 1607.43, 418.95, 0.9925
6: 1310.78, 412.65, 0.9918
7: 1768.20, 492.75, 0.9578
8: 1152.04, 494.01, 0.9458
9: 1668.94, 325.45, 0.9542
10: 1229.16, 328.31, 0.9389
11: 1513.73, 887.41, 0.9622
12: 1323.69, 878.09, 0.9617
13: 1481.98, 1080.00, 0.3009
14: 1321.65, 1080.00, 0.2881
15: 1499.82, 1080.00, 0.0225
16: 1351.15, 1080.00, 0.0223

Frame: 259, Person: 0
0: 1430.47, 279.83, 0.9949
1: 1465.83, 252.04, 0.9894
2: 1406.72, 250.83, 0.9728
3: 1525.68, 269.19, 0.9250
4: 1380.62, 264.92, 0.5780
5: 1606.34, 420.20, 0.9922
6: 1308.42, 415.03, 0.9919
7: 1767.40, 498.46, 0.9546
8: 1153.06, 501.08, 0.9459
9: 1672.98, 338.45, 0.9514
10: 1234.08, 338.69, 0.9387
11: 1514.81, 889.95, 0.9610
12: 1324.04, 881.49, 0.9616
13: 1481.61, 1080.00, 0.2941
14: 1320.91, 1080.00, 0.2871
15: 1497.70, 1080.00, 0.0221
16: 1349.74, 1080.00, 0.0222

Frame: 260, Person: 0
0: 1431.60, 279.84, 0.9952
1: 1466.16, 251.88, 0.9892
2: 1406.97, 250.82, 0.9760
3: 1523.45, 268.76, 0.9148
4: 1377.63, 264.78, 0.6167
5: 1601.69, 421.30, 0.9921
6: 1304.58, 415.38, 0.9925
7: 1764.06, 512.03, 0.9533
8: 1153.39, 505.71, 0.9499
9: 1671.88, 372.33, 0.9509
10: 1240.61, 345.33, 0.9432
11: 1512.02, 886.79, 0.9625
12: 1321.53, 879.21, 0.9644
13: 1483.99, 1080.00, 0.3090
14: 1321.77, 1080.00, 0.3093
15: 1502.25, 1080.00, 0.0238
16: 1350.05, 1080.00, 0.0243

Frame: 261, Person: 0
0: 1432.33, 280.08, 0.9952
1: 1465.21, 251.61, 0.9888
2: 1407.03, 251.97, 0.9766
3: 1520.94, 267.98, 0.9115
4: 1377.42, 267.14, 0.6337
5: 1601.51, 426.04, 0.9924
6: 1304.71, 417.78, 0.9931
7: 1753.11, 536.99, 0.9536
8: 1162.27, 516.62, 0.9543
9: 1670.72, 401.97, 0.9513
10: 1255.00, 356.41, 0.9471
11: 1513.77, 886.75, 0.9651
12: 1323.25, 879.58, 0.9679
13: 1489.46, 1080.00, 0.3298
14: 1324.39, 1080.00, 0.3380
15: 1505.45, 1080.00, 0.0259
16: 1355.49, 1080.00, 0.0272

Frame: 262, Person: 0
0: 1435.11, 280.10, 0.9956
1: 1466.89, 251.42, 0.9885
2: 1407.97, 252.85, 0.9790
3: 1519.48, 268.20, 0.8941
4: 1375.30, 270.19, 0.6558
5: 1595.23, 422.58, 0.9929
6: 1313.34, 416.50, 0.9934
7: 1744.64, 559.65, 0.9595
8: 1183.27, 537.78, 0.9599
9: 1661.36, 441.33, 0.9575
10: 1265.02, 383.11, 0.9545
11: 1514.01, 881.16, 0.9677
12: 1333.21, 874.56, 0.9700
13: 1488.46, 1080.00, 0.3414
14: 1333.77, 1080.00, 0.3479
15: 1504.28, 1080.00, 0.0255
16: 1354.81, 1080.00, 0.0263

Frame: 263, Person: 0
0: 1436.96, 278.33, 0.9952
1: 1467.08, 249.36, 0.9871
2: 1409.85, 253.82, 0.9814
3: 1519.25, 265.61, 0.8982
4: 1381.12, 274.76, 0.7056
5: 1591.84, 418.91, 0.9883
6: 1320.84, 418.55, 0.9952
7: 1740.72, 582.34, 0.9310
8: 1175.98, 557.78, 0.9731
9: 1648.53, 489.15, 0.9373
10: 1285.79, 415.44, 0.9631
11: 1514.97, 870.38, 0.9520
12: 1340.46, 866.18, 0.9688
13: 1492.89, 1080.00, 0.2160
14: 1339.41, 1080.00, 0.2907
15: 1532.53, 1080.00, 0.0138
16: 1341.88, 1080.00, 0.0186

Frame: 264, Person: 0
0: 1438.56, 277.07, 0.9953
1: 1468.20, 248.32, 0.9867
2: 1411.08, 252.76, 0.9833
3: 1518.96, 265.88, 0.8879
4: 1380.67, 274.92, 0.7406
5: 1592.43, 421.48, 0.9878
6: 1317.95, 420.58, 0.9957
7: 1720.57, 595.64, 0.9251
8: 1190.49, 562.00, 0.9763
9: 1636.65, 522.99, 0.9303
10: 1303.69, 419.92, 0.9656
11: 1520.58, 863.53, 0.9530
12: 1340.97, 860.55, 0.9718
13: 1507.16, 1080.00, 0.2202
14: 1332.91, 1080.00, 0.3126
15: 1537.12, 1080.00, 0.0143
16: 1333.26, 1080.00, 0.0202

Frame: 265, Person: 0
0: 1438.69, 275.76, 0.9958
1: 1467.73, 246.08, 0.9868
2: 1409.58, 251.02, 0.9856
3: 1516.59, 263.91, 0.8768
4: 1375.96, 274.84, 0.7792
5: 1587.43, 421.08, 0.9883
6: 1317.91, 429.31, 0.9965
7: 1698.43, 597.80, 0.9256
8: 1203.83, 573.98, 0.9808
9: 1615.41, 569.89, 0.9291
10: 1311.74, 434.20, 0.9711
11: 1526.00, 863.96, 0.9592
12: 1347.88, 865.43, 0.9774
13: 1513.70, 1080.00, 0.2551
14: 1333.40, 1080.00, 0.3720
15: 1526.19, 1080.00, 0.0179
16: 1321.10, 1080.00, 0.0265

Frame: 266, Person: 0
0: 1440.35, 276.31, 0.9957
1: 1468.34, 245.84, 0.9853
2: 1410.25, 250.60, 0.9864
3: 1513.64, 262.96, 0.8389
4: 1371.08, 273.55, 0.8067
5: 1583.19, 422.85, 0.9875
6: 1307.01, 433.75, 0.9961
7: 1677.35, 612.66, 0.9240
8: 1210.08, 578.55, 0.9791
9: 1598.83, 647.57, 0.9219
10: 1325.99, 429.15, 0.9695
11: 1524.46, 856.98, 0.9557
12: 1339.34, 861.76, 0.9746
13: 1526.66, 1080.00, 0.2438
14: 1326.37, 1080.00, 0.3503
15: 1525.72, 1080.00, 0.0171
16: 1310.94, 1080.00, 0.0243

Frame: 267, Person: 0
0: 1441.82, 275.11, 0.9957
1: 1468.94, 245.37, 0.9841
2: 1411.38, 249.92, 0.9867
3: 1510.66, 263.75, 0.8140
4: 1369.22, 274.29, 0.8268
5: 1577.44, 418.22, 0.9885
6: 1305.04, 436.82, 0.9962
7: 1663.48, 606.35, 0.9306
8: 1220.81, 576.65, 0.9800
9: 1588.79, 707.96, 0.9194
10: 1336.66, 422.71, 0.9696
11: 1524.06, 854.11, 0.9612
12: 1341.34, 862.73, 0.9772
13: 1525.63, 1080.00, 0.2689
14: 1330.14, 1080.00, 0.3758
15: 1506.47, 1080.00, 0.0198
16: 1308.34, 1080.00, 0.0274

Frame: 268, Person: 0
0: 1442.47, 275.45, 0.9955
1: 1469.14, 247.29, 0.9830
2: 1411.50, 251.06, 0.9872
3: 1507.44, 269.09, 0.8040
4: 1366.12, 279.07, 0.8325
5: 1570.78, 420.60, 0.9875
6: 1305.11, 441.25, 0.9964
7: 1648.06, 612.76, 0.9247
8: 1233.07, 577.58, 0.9815
9: 1577.38, 775.18, 0.9017
10: 1341.30, 440.88, 0.9679
11: 1521.67, 851.59, 0.9586
12: 1342.74, 859.42, 0.9763
13: 1525.96, 1080.00, 0.2399
14: 1340.38, 1080.00, 0.3518
15: 1491.93, 1080.00, 0.0180
16: 1305.92, 1080.00, 0.0258

Frame: 269, Person: 0
0: 1444.55, 276.34, 0.9955
1: 1470.02, 247.22, 0.9821
2: 1413.04, 251.64, 0.9874
3: 1506.47, 266.98, 0.7818
4: 1366.58, 278.15, 0.8421
5: 1566.75, 422.03, 0.9872
6: 1306.05, 439.11, 0.9961
7: 1638.19, 619.84, 0.9235
8: 1236.16, 570.91, 0.9804
9: 1580.44, 800.43, 0.8933
10: 1344.46, 431.73, 0.9653
11: 1516.85, 857.65, 0.9526
12: 1340.35, 864.92, 0.9721
13: 1528.17, 1080.00, 0.2140
14: 1339.37, 1080.00, 0.3147
15: 1495.85, 1080.00, 0.0164
16: 1304.57, 1080.00, 0.0230

Frame: 270, Person: 0
0: 1446.41, 277.29, 0.9955
1: 1470.41, 246.20, 0.9815
2: 1413.16, 252.66, 0.9875
3: 1505.67, 263.60, 0.7501
4: 1364.07, 278.76, 0.8601
5: 1568.40, 426.61, 0.9883
6: 1302.02, 442.57, 0.9956
7: 1635.14, 631.24, 0.9271
8: 1238.71, 569.63, 0.9760
9: 1586.17, 811.31, 0.8949
10: 1344.65, 402.34, 0.9613
11: 1520.54, 865.58, 0.9495
12: 1340.98, 874.73, 0.9685
13: 1526.60, 1080.00, 0.2131
14: 1327.01, 1080.00, 0.2961
15: 1494.43, 1080.00, 0.0162
16: 1307.95, 1080.00, 0.0211

Frame: 271, Person: 0
0: 1448.24, 277.80, 0.9954
1: 1471.03, 246.18, 0.9812
2: 1414.36, 254.31, 0.9871
3: 1505.60, 262.17, 0.7504
4: 1365.45, 281.08, 0.8612
5: 1569.88, 425.75, 0.9885
6: 1303.94, 440.73, 0.9956
7: 1632.42, 634.85, 0.9273
8: 1238.63, 562.80, 0.9759
9: 1594.00, 831.61, 0.8887
10: 1344.02, 396.40, 0.9596
11: 1521.36, 860.55, 0.9493
12: 1342.99, 869.57, 0.9684
13: 1523.34, 1080.00, 0.2100
14: 1326.41, 1080.00, 0.2923
15: 1489.22, 1080.00, 0.0160
16: 1309.68, 1080.00, 0.0208

Frame: 272, Person: 0
0: 1449.66, 278.21, 0.9955
1: 1471.62, 246.50, 0.9800
2: 1416.09, 254.28, 0.9879
3: 1503.83, 261.21, 0.7149
4: 1365.30, 279.06, 0.8729
5: 1568.05, 423.55, 0.9888
6: 1302.39, 439.64, 0.9955
7: 1636.44, 630.07, 0.9289
8: 1238.70, 562.04, 0.9758
9: 1603.89, 831.92, 0.8899
10: 1343.59, 394.33, 0.9597
11: 1522.26, 860.90, 0.9510
12: 1344.61, 870.41, 0.9690
13: 1517.56, 1080.00, 0.2114
14: 1324.90, 1080.00, 0.2893
15: 1482.37, 1080.00, 0.0155
16: 1309.28, 1080.00, 0.0196

Frame: 273, Person: 0
0: 1449.44, 278.26, 0.9934
1: 1472.90, 246.36, 0.9735
2: 1416.41, 253.60, 0.9824
3: 1508.07, 258.22, 0.7005
4: 1368.07, 273.82, 0.8378
5: 1561.08, 416.24, 0.9847
6: 1309.02, 434.92, 0.9942
7: 1633.75, 644.65, 0.9173
8: 1253.16, 561.50, 0.9729
9: 1606.76, 832.17, 0.8846
10: 1353.92, 418.04, 0.9491
11: 1515.32, 860.82, 0.9207
12: 1347.36, 874.52, 0.9476
13: 1505.53, 1077.74, 0.2176
14: 1344.14, 1080.00, 0.2977
15: 1471.30, 1080.00, 0.0182
16: 1332.58, 1080.00, 0.0237

Frame: 274, Person: 0
0: 1453.76, 280.79, 0.9956
1: 1474.93, 249.16, 0.9779
2: 1420.93, 256.68, 0.9887
3: 1504.94, 262.61, 0.6665
4: 1369.14, 279.12, 0.8871
5: 1572.59, 422.85, 0.9892
6: 1302.39, 437.13, 0.9955
7: 1647.89, 631.26, 0.9286
8: 1239.37, 562.65, 0.9754
9: 1618.53, 825.85, 0.8867
10: 1341.61, 395.24, 0.9586
11: 1524.72, 860.60, 0.9487
12: 1345.40, 869.06, 0.9670
13: 1516.32, 1080.00, 0.1927
14: 1327.92, 1080.00, 0.2642
15: 1471.11, 1080.00, 0.0132
16: 1310.39, 1080.00, 0.0164

Frame: 275, Person: 0
0: 1455.02, 282.82, 0.9958
1: 1475.98, 250.35, 0.9774
2: 1421.64, 258.08, 0.9894
3: 1505.29, 262.39, 0.6370
4: 1367.85, 279.24, 0.8927
5: 1573.41, 422.77, 0.9896
6: 1301.81, 437.89, 0.9954
7: 1652.87, 631.80, 0.9306
8: 1242.57, 564.68, 0.9748
9: 1621.45, 826.13, 0.8894
10: 1338.83, 396.70, 0.9584
11: 1525.12, 862.42, 0.9485
12: 1344.57, 870.91, 0.9660
13: 1518.47, 1080.00, 0.1927
14: 1326.88, 1080.00, 0.2590
15: 1471.43, 1080.00, 0.0131
16: 1307.43, 1080.00, 0.0158

Frame: 276, Person: 0
0: 1454.47, 283.14, 0.9957
1: 1475.46, 250.77, 0.9777
2: 1420.48, 259.16, 0.9890
3: 1505.11, 263.76, 0.6505
4: 1366.87, 282.47, 0.8901
5: 1573.88, 423.37, 0.9896
6: 1301.76, 440.72, 0.9954
7: 1653.10, 632.00, 0.9306
8: 1243.29, 567.09, 0.9745
9: 1621.47, 826.46, 0.8877
10: 1339.01, 395.69, 0.9573
11: 1524.69, 863.65, 0.9482
12: 1344.15, 872.91, 0.9657
13: 1516.94, 1080.00, 0.1870
14: 1326.30, 1080.00, 0.2521
15: 1467.38, 1080.00, 0.0126
16: 1305.87, 1080.00, 0.0153

Frame: 277, Person: 0
0: 1452.99, 284.54, 0.9958
1: 1474.78, 251.81, 0.9779
2: 1419.27, 259.41, 0.9893
3: 1505.07, 263.75, 0.6449
4: 1364.97, 280.41, 0.8911
5: 1573.15, 423.18, 0.9897
6: 1298.97, 441.17, 0.9955
7: 1653.21, 631.04, 0.9308
8: 1242.13, 569.72, 0.9748
9: 1620.06, 825.47, 0.8904
10: 1337.34, 396.48, 0.9586
11: 1526.39, 863.70, 0.9503
12: 1344.44, 873.34, 0.9672
13: 1518.44, 1080.00, 0.2007
14: 1327.21, 1080.00, 0.2689
15: 1468.73, 1080.00, 0.0138
16: 1309.37, 1080.00, 0.0168

Frame: 278, Person: 0
0: 1452.11, 285.54, 0.9958
1: 1474.45, 252.99, 0.9788
2: 1418.71, 260.32, 0.9891
3: 1505.93, 265.30, 0.6671
4: 1365.80, 281.46, 0.8860
5: 1573.54, 424.40, 0.9896
6: 1300.53, 442.69, 0.9955
7: 1652.55, 631.63, 0.9309
8: 1240.99, 571.59, 0.9753
9: 1617.06, 828.05, 0.8911
10: 1334.79, 398.87, 0.9593
11: 1525.80, 863.76, 0.9508
12: 1344.31, 873.37, 0.9679
13: 1520.97, 1080.00, 0.2029
14: 1328.85, 1080.00, 0.2739
15: 1473.01, 1080.00, 0.0141
16: 1309.09, 1080.00, 0.0173

Frame: 279, Person: 0
0: 1453.96, 286.30, 0.9958
1: 1474.71, 253.50, 0.9775
2: 1421.16, 261.63, 0.9894
3: 1504.62, 264.54, 0.6433
4: 1368.46, 282.24, 0.8914
5: 1575.63, 423.54, 0.9894
6: 1300.50, 442.48, 0.9955
7: 1658.17, 631.63, 0.9291
8: 1236.76, 571.33, 0.9750
9: 1607.55, 820.98, 0.8893
10: 1333.62, 397.91, 0.9592
11: 1528.34, 868.60, 0.9455
12: 1344.48, 878.48, 0.9644
13: 1529.28, 1080.00, 0.1789
14: 1329.32, 1080.00, 0.2443
15: 1484.21, 1080.00, 0.0120
16: 1306.06, 1080.00, 0.0147

Frame: 280, Person: 0
0: 1455.65, 285.50, 0.9959
1: 1476.14, 253.62, 0.9769
2: 1423.47, 261.53, 0.9900
3: 1505.40, 265.62, 0.6353
4: 1370.73, 282.88, 0.8970
5: 1577.74, 421.00, 0.9898
6: 1301.58, 440.71, 0.9959
7: 1668.43, 623.45, 0.9302
8: 1232.40, 572.60, 0.9774
9: 1597.85, 781.14, 0.9024
10: 1336.68, 404.40, 0.9645
11: 1527.80, 857.74, 0.9551
12: 1344.45, 866.94, 0.9716
13: 1518.06, 1080.00, 0.2232
14: 1327.28, 1080.00, 0.3032
15: 1474.54, 1080.00, 0.0148
16: 1302.75, 1080.00, 0.0184

Frame: 281, Person: 0
0: 1458.26, 288.06, 0.9965
1: 1478.98, 254.61, 0.9772
2: 1424.98, 262.88, 0.9918
3: 1508.57, 263.51, 0.5919
4: 1369.11, 281.42, 0.9095
5: 1578.45, 417.37, 0.9900
6: 1297.31, 438.94, 0.9963
7: 1678.93, 611.44, 0.9323
8: 1221.57, 580.09, 0.9801
9: 1592.40, 713.65, 0.9201
10: 1330.98, 423.27, 0.9717
11: 1526.29, 858.45, 0.9612
12: 1338.96, 868.71, 0.9761
13: 1524.32, 1080.00, 0.2643
14: 1326.80, 1080.00, 0.3570
15: 1492.62, 1080.00, 0.0177
16: 1303.25, 1080.00, 0.0221

Frame: 282, Person: 0
0: 1463.18, 288.80, 0.9965
1: 1482.85, 255.37, 0.9767
2: 1429.69, 265.08, 0.9921
3: 1513.02, 263.40, 0.5942
4: 1375.29, 284.64, 0.9111
5: 1581.38, 416.83, 0.9896
6: 1306.05, 434.89, 0.9964
7: 1687.79, 608.10, 0.9286
8: 1214.51, 579.98, 0.9812
9: 1581.26, 664.86, 0.9243
10: 1330.88, 443.09, 0.9740
11: 1524.49, 849.00, 0.9606
12: 1340.44, 857.11, 0.9767
13: 1529.91, 1080.00, 0.2673
14: 1332.51, 1080.00, 0.3702
15: 1517.25, 1080.00, 0.0177
16: 1303.83, 1080.00, 0.0229

Frame: 283, Person: 0
0: 1465.48, 289.74, 0.9965
1: 1486.26, 256.82, 0.9759
2: 1432.57, 265.37, 0.9923
3: 1517.28, 264.89, 0.5916
4: 1378.72, 283.08, 0.9112
5: 1583.61, 418.33, 0.9896
6: 1310.93, 427.38, 0.9965
7: 1691.88, 613.73, 0.9262
8: 1219.62, 587.58, 0.9816
9: 1575.47, 598.04, 0.9294
10: 1338.15, 463.03, 0.9751
11: 1524.23, 845.29, 0.9630
12: 1342.62, 848.27, 0.9786
13: 1519.14, 1080.00, 0.2974
14: 1330.21, 1080.00, 0.4089
15: 1518.42, 1080.00, 0.0199
16: 1310.57, 1080.00, 0.0259

Frame: 284, Person: 0
0: 1464.71, 290.78, 0.9964
1: 1485.99, 257.96, 0.9751
2: 1431.87, 265.67, 0.9922
3: 1517.07, 266.33, 0.5821
4: 1377.69, 282.48, 0.9086
5: 1582.28, 421.56, 0.9893
6: 1311.68, 425.75, 0.9962
7: 1691.62, 614.13, 0.9235
8: 1225.06, 590.93, 0.9798
9: 1569.57, 561.76, 0.9287
10: 1343.79, 478.46, 0.9731
11: 1523.51, 855.42, 0.9575
12: 1343.07, 855.77, 0.9748
13: 1518.12, 1080.00, 0.2655
14: 1331.98, 1080.00, 0.3666
15: 1522.46, 1080.00, 0.0175
16: 1318.38, 1080.00, 0.0224

Frame: 285, Person: 0
0: 1464.61, 293.01, 0.9959
1: 1485.20, 260.00, 0.9720
2: 1432.11, 267.33, 0.9913
3: 1516.42, 266.52, 0.5208
4: 1378.59, 280.90, 0.8944
5: 1580.37, 415.85, 0.9849
6: 1321.98, 414.46, 0.9932
7: 1687.94, 606.13, 0.9042
8: 1230.32, 580.72, 0.9685
9: 1563.98, 535.01, 0.9131
10: 1356.49, 481.35, 0.9626
11: 1536.01, 834.20, 0.9102
12: 1362.52, 832.83, 0.9410
13: 1534.14, 1080.00, 0.1428
14: 1354.09, 1080.00, 0.1981
15: 1538.00, 1080.00, 0.0086
16: 1325.04, 1080.00, 0.0104

Frame: 286, Person: 0
0: 1463.63, 293.50, 0.9957
1: 1484.28, 261.50, 0.9723
2: 1432.10, 268.50, 0.9907
3: 1515.96, 268.56, 0.5434
4: 1380.83, 282.23, 0.8865
5: 1581.51, 412.80, 0.9850
6: 1324.12, 412.78, 0.9933
7: 1687.90, 596.28, 0.9068
8: 1232.79, 577.42, 0.9698
9: 1563.03, 521.35, 0.9149
10: 1365.29, 479.89, 0.9633
11: 1539.98, 833.81, 0.9173
12: 1367.39, 832.82, 0.9462
13: 1533.64, 1080.00, 0.1528
14: 1357.32, 1080.00, 0.2125
15: 1534.56, 1080.00, 0.0093
16: 1327.93, 1080.00, 0.0114

Frame: 287, Person: 0
0: 1463.38, 293.69, 0.9958
1: 1484.18, 262.03, 0.9722
2: 1432.13, 268.60, 0.9908
3: 1515.61, 269.28, 0.5369
4: 1380.89, 281.78, 0.8875
5: 1579.23, 412.12, 0.9851
6: 1324.57, 411.51, 0.9932
7: 1689.85, 592.71, 0.9079
8: 1230.21, 576.47, 0.9694
9: 1568.97, 518.46, 0.9153
10: 1361.77, 484.01, 0.9629
11: 1538.53, 835.14, 0.9154
12: 1367.91, 833.99, 0.9443
13: 1534.30, 1080.00, 0.1475
14: 1360.69, 1080.00, 0.2041
15: 1538.55, 1080.00, 0.0090
16: 1330.36, 1080.00, 0.0109

Frame: 288, Person: 0
0: 1463.93, 292.86, 0.9960
1: 1485.00, 261.16, 0.9733
2: 1432.67, 267.62, 0.9913
3: 1516.58, 268.53, 0.5412
4: 1380.97, 280.94, 0.8881
5: 1580.10, 411.79, 0.9852
6: 1324.93, 410.60, 0.9935
7: 1697.83, 589.55, 0.9089
8: 1221.09, 572.94, 0.9708
9: 1570.54, 513.39, 0.9186
10: 1340.47, 485.88, 0.9650
11: 1537.16, 834.24, 0.9174
12: 1366.62, 831.90, 0.9465
13: 1529.97, 1080.00, 0.1531
14: 1356.32, 1077.16, 0.2129
15: 1540.98, 1080.00, 0.0093
16: 1326.23, 1080.00, 0.0114

Frame: 289, Person: 0
0: 1465.71, 294.15, 0.9972
1: 1486.86, 260.72, 0.9831
2: 1432.90, 266.98, 0.9930
3: 1519.54, 266.74, 0.6506
4: 1381.15, 279.85, 0.8945
5: 1586.93, 422.03, 0.9911
6: 1321.73, 420.56, 0.9957
7: 1710.67, 594.05, 0.9310
8: 1206.71, 579.41, 0.9726
9: 1593.85, 518.02, 0.9378
10: 1320.40, 489.01, 0.9694
11: 1536.25, 849.48, 0.9481
12: 1359.61, 848.13, 0.9631
13: 1563.63, 1037.81, 0.2161
14: 1364.86, 1022.91, 0.2750
15: 1579.94, 1080.00, 0.0164
16: 1331.05, 1080.00, 0.0194

Frame: 290, Person: 0
0: 1467.00, 294.03, 0.9974
1: 1487.62, 260.73, 0.9827
2: 1434.36, 267.22, 0.9939
3: 1518.62, 266.50, 0.6131
4: 1380.65, 279.81, 0.9098
5: 1590.38, 419.25, 0.9917
6: 1314.95, 421.28, 0.9961
7: 1724.41, 587.12, 0.9333
8: 1195.81, 581.23, 0.9744
9: 1614.06, 516.94, 0.9378
10: 1296.83, 498.09, 0.9703
11: 1539.60, 848.61, 0.9508
12: 1357.50, 848.65, 0.9654
13: 1564.90, 1040.72, 0.2128
14: 1361.69, 1027.60, 0.2718
15: 1576.42, 1080.00, 0.0153
16: 1330.56, 1080.00, 0.0180

Frame: 291, Person: 0
0: 1467.16, 293.98, 0.9974
1: 1487.83, 260.16, 0.9837
2: 1434.13, 267.51, 0.9937
3: 1519.95, 264.83, 0.6398
4: 1380.76, 280.26, 0.9051
5: 1595.80, 416.59, 0.9916
6: 1311.24, 421.15, 0.9960
7: 1738.00, 578.19, 0.9329
8: 1180.02, 575.36, 0.9736
9: 1627.46, 521.27, 0.9364
10: 1283.29, 499.62, 0.9689
11: 1540.46, 855.30, 0.9474
12: 1353.24, 855.98, 0.9628
13: 1560.10, 1043.19, 0.1879
14: 1352.30, 1031.00, 0.2408
15: 1569.40, 1080.00, 0.0132
16: 1320.29, 1080.00, 0.0155

Frame: 292, Person: 0
0: 1467.67, 293.77, 0.9975
1: 1488.46, 260.74, 0.9832
2: 1435.32, 267.41, 0.9940
3: 1519.81, 266.19, 0.6180
4: 1380.89, 279.83, 0.9094
5: 1594.67, 414.62, 0.9913
6: 1307.90, 421.48, 0.9959
7: 1750.94, 565.83, 0.9314
8: 1169.15, 571.66, 0.9732
9: 1627.72, 508.42, 0.9367
10: 1281.28, 489.99, 0.9693
11: 1537.52, 858.34, 0.9444
12: 1349.53, 859.70, 0.9606
13: 1557.01, 1048.02, 0.1713
14: 1355.62, 1034.23, 0.2208
15: 1571.18, 1080.00, 0.0116
16: 1323.99, 1080.00, 0.0136

Frame: 293, Person: 0
0: 1468.97, 294.35, 0.9975
1: 1489.39, 261.32, 0.9830
2: 1437.06, 267.47, 0.9943
3: 1519.62, 266.55, 0.5973
4: 1381.07, 278.94, 0.9121
5: 1597.24, 414.16, 0.9914
6: 1304.14, 423.01, 0.9957
7: 1768.64, 554.92, 0.9319
8: 1159.09, 565.88, 0.9713
9: 1631.80, 504.89, 0.9380
10: 1275.42, 481.09, 0.9685
11: 1537.37, 864.84, 0.9383
12: 1345.87, 866.46, 0.9548
13: 1555.60, 1041.18, 0.1547
14: 1355.08, 1026.19, 0.1956
15: 1569.29, 1080.00, 0.0105
16: 1323.64, 1080.00, 0.0119

Frame: 294, Person: 0
0: 1470.37, 294.63, 0.9975
1: 1490.20, 261.27, 0.9831
2: 1438.37, 267.40, 0.9942
3: 1519.83, 265.40, 0.5858
4: 1381.16, 277.81, 0.9107
5: 1596.41, 412.12, 0.9911
6: 1304.69, 423.27, 0.9952
7: 1775.38, 538.66, 0.9328
8: 1152.85, 555.66, 0.9687
9: 1631.46, 498.30, 0.9404
10: 1277.61, 474.87, 0.9677
11: 1539.63, 869.26, 0.9381
12: 1348.67, 872.07, 0.9528
13: 1557.56, 1048.31, 0.1520
14: 1359.55, 1033.82, 0.1854
15: 1577.07, 1080.00, 0.0102
16: 1326.31, 1080.00, 0.0112

Frame: 295, Person: 0
0: 1471.65, 293.58, 0.9975
1: 1491.21, 260.09, 0.9831
2: 1439.36, 266.20, 0.9943
3: 1520.39, 264.39, 0.5775
4: 1381.24, 276.86, 0.9100
5: 1594.81, 411.95, 0.9909
6: 1305.59, 422.50, 0.9948
7: 1781.25, 533.46, 0.9337
8: 1150.26, 550.64, 0.9667
9: 1631.26, 494.34, 0.9426
10: 1281.80, 473.09, 0.9673
11: 1536.04, 871.06, 0.9343
12: 1346.44, 873.70, 0.9483
13: 1559.33, 1045.20, 0.1451
14: 1363.12, 1029.06, 0.1734
15: 1586.78, 1080.00, 0.0098
16: 1329.42, 1080.00, 0.0105

Frame: 296, Person: 0
0: 1471.90, 293.42, 0.9976
1: 1491.28, 260.33, 0.9826
2: 1440.03, 266.27, 0.9946
3: 1519.91, 264.48, 0.5605
4: 1381.66, 276.41, 0.9179
5: 1592.55, 410.45, 0.9909
6: 1304.55, 421.69, 0.9951
7: 1776.55, 529.10, 0.9324
8: 1149.82, 550.23, 0.9688
9: 1626.98, 495.88, 0.9414
10: 1280.22, 485.28, 0.9684
11: 1534.77, 865.17, 0.9387
12: 1345.43, 868.46, 0.9531
13: 1561.97, 1047.44, 0.1561
14: 1363.45, 1031.86, 0.1901
15: 1592.51, 1080.00, 0.0106
16: 1331.32, 1080.00, 0.0116

Frame: 297, Person: 0
0: 1471.26, 294.69, 0.9975
1: 1490.95, 261.98, 0.9819
2: 1440.49, 267.39, 0.9945
3: 1519.31, 265.89, 0.5465
4: 1382.39, 276.50, 0.9178
5: 1591.91, 406.88, 0.9912
6: 1304.69, 424.47, 0.9951
7: 1776.93, 522.21, 0.9356
8: 1155.97, 557.04, 0.9678
9: 1622.71, 502.42, 0.9429
10: 1277.58, 488.32, 0.9677
11: 1535.61, 853.51, 0.9440
12: 1346.75, 859.01, 0.9558
13: 1563.68, 1041.94, 0.1775
14: 1366.86, 1030.05, 0.2093
15: 1589.09, 1080.00, 0.0122
16: 1333.33, 1080.00, 0.0130

Frame: 298, Person: 0
0: 1472.44, 295.62, 0.9976
1: 1491.76, 262.47, 0.9810
2: 1441.23, 267.50, 0.9950
3: 1518.64, 266.19, 0.5120
4: 1381.00, 275.71, 0.9261
5: 1591.37, 413.32, 0.9912
6: 1302.97, 423.82, 0.9952
7: 1774.28, 538.53, 0.9309
8: 1157.72, 561.31, 0.9679
9: 1622.26, 501.43, 0.9400
10: 1274.66, 501.59, 0.9673
11: 1533.54, 857.55, 0.9375
12: 1344.72, 859.78, 0.9519
13: 1552.72, 1034.99, 0.1706
14: 1358.37, 1017.82, 0.2048
15: 1578.41, 1080.00, 0.0121
16: 1332.82, 1080.00, 0.0129

Frame: 299, Person: 0
0: 1468.32, 295.30, 0.9974
1: 1488.64, 261.78, 0.9828
2: 1436.42, 267.91, 0.9939
3: 1519.26, 266.05, 0.6059
4: 1380.23, 278.58, 0.9074
5: 1595.62, 415.80, 0.9911
6: 1306.39, 424.51, 0.9954
7: 1766.70, 553.01, 0.9304
8: 1163.52, 566.72, 0.9685
9: 1617.59, 509.83, 0.9397
10: 1286.02, 506.17, 0.9670
11: 1536.88, 853.43, 0.9387
12: 1348.36, 854.87, 0.9540
13: 1553.15, 1033.20, 0.1788
14: 1361.18, 1016.09, 0.2194
15: 1572.87, 1080.00, 0.0131
16: 1337.27, 1080.00, 0.0146

Frame: 300, Person: 0
0: 1460.74, 296.40, 0.9971
1: 1481.60, 261.94, 0.9843
2: 1428.81, 269.20, 0.9924
3: 1516.00, 264.28, 0.6838
4: 1377.52, 279.59, 0.8814
5: 1594.26, 416.17, 0.9914
6: 1308.02, 425.09, 0.9952
7: 1749.60, 562.16, 0.9350
8: 1174.82, 570.70, 0.9671
9: 1615.69, 518.80, 0.9418
10: 1297.31, 504.17, 0.9652
11: 1536.07, 848.90, 0.9464
12: 1348.41, 851.16, 0.9584
13: 1560.10, 1029.67, 0.2135
14: 1361.17, 1017.16, 0.2548
15: 1577.94, 1080.00, 0.0168
16: 1339.17, 1080.00, 0.0188

Frame: 301, Person: 0
0: 1450.97, 297.00, 0.9969
1: 1473.48, 262.41, 0.9856
2: 1419.68, 268.94, 0.9911
3: 1511.68, 263.65, 0.7358
4: 1372.18, 277.34, 0.8562
5: 1591.01, 412.52, 0.9917
6: 1309.83, 425.16, 0.9952
7: 1739.83, 564.93, 0.9392
8: 1181.74, 578.82, 0.9674
9: 1607.59, 540.92, 0.9419
10: 1302.61, 503.07, 0.9642
11: 1540.62, 854.37, 0.9516
12: 1355.20, 857.48, 0.9620
13: 1559.38, 1042.71, 0.2178
14: 1360.74, 1032.82, 0.2574
15: 1570.04, 1080.00, 0.0169
16: 1328.42, 1080.00, 0.0190

Frame: 302, Person: 0
0: 1437.84, 296.51, 0.9964
1: 1461.01, 261.78, 0.9881
2: 1406.77, 269.40, 0.9871
3: 1505.43, 263.64, 0.8379
4: 1368.45, 280.56, 0.7821
5: 1589.17, 415.18, 0.9918
6: 1319.44, 426.24, 0.9947
7: 1723.62, 575.48, 0.9431
8: 1193.46, 572.99, 0.9637
9: 1610.64, 577.42, 0.9416
10: 1311.19, 486.72, 0.9599
11: 1540.85, 848.63, 0.9531
12: 1362.25, 850.85, 0.9613
13: 1563.93, 1028.79, 0.2413
14: 1366.10, 1022.94, 0.2777
15: 1568.75, 1080.00, 0.0210
16: 1323.46, 1080.00, 0.0239

Frame: 303, Person: 0
0: 1421.53, 296.20, 0.9957
1: 1447.03, 262.55, 0.9896
2: 1393.42, 268.88, 0.9817
3: 1498.89, 264.91, 0.8985
4: 1364.72, 278.82, 0.6905
5: 1589.91, 416.15, 0.9914
6: 1319.23, 426.68, 0.9941
7: 1710.79, 590.71, 0.9413
8: 1201.29, 581.16, 0.9581
9: 1587.77, 619.60, 0.9336
10: 1319.72, 489.19, 0.9505
11: 1543.60, 846.20, 0.9451
12: 1363.40, 846.98, 0.9537
13: 1567.36, 1019.34, 0.2123
14: 1365.63, 1013.80, 0.2443
15: 1565.85, 1080.00, 0.0192
16: 1325.49, 1077.69, 0.0224

Frame: 304, Person: 0
0: 1410.74, 296.99, 0.9949
1: 1437.84, 263.84, 0.9899
2: 1383.76, 269.58, 0.9748
3: 1494.08, 266.15, 0.9181
4: 1359.50, 278.93, 0.6130
5: 1582.58, 412.01, 0.9919
6: 1319.21, 429.13, 0.9924
7: 1692.38, 590.84, 0.9485
8: 1213.62, 588.10, 0.9445
9: 1579.01, 670.55, 0.9321
10: 1326.90, 478.38, 0.9357
11: 1538.03, 835.07, 0.9452
12: 1361.89, 838.34, 0.9464
13: 1564.73, 1010.34, 0.2160
14: 1367.53, 1014.60, 0.2233
15: 1554.04, 1080.00, 0.0200
16: 1323.34, 1073.78, 0.0214

Frame: 305, Person: 0
0: 1396.33, 296.31, 0.9940
1: 1424.32, 263.63, 0.9910
2: 1371.68, 270.31, 0.9640
3: 1487.27, 266.45, 0.9457
4: 1356.20, 281.42, 0.4991
5: 1581.37, 413.27, 0.9919
6: 1319.28, 435.81, 0.9909
7: 1681.20, 603.89, 0.9511
8: 1222.03, 600.58, 0.9290
9: 1563.47, 719.33, 0.9289
10: 1330.58, 473.49, 0.9176
11: 1534.00, 836.74, 0.9425
12: 1358.25, 840.69, 0.9383
13: 1554.26, 1016.11, 0.2068
14: 1357.39, 1026.87, 0.1988
15: 1544.77, 1080.00, 0.0192
16: 1320.56, 1080.00, 0.0196

Frame: 306, Person: 0
0: 1388.16, 296.85, 0.9936
1: 1417.00, 263.79, 0.9912
2: 1364.45, 270.70, 0.9592
3: 1484.76, 265.95, 0.9517
4: 1354.15, 280.76, 0.4602
5: 1580.43, 415.82, 0.9914
6: 1321.37, 435.35, 0.9903
7: 1670.47, 618.86, 0.9478
8: 1228.04, 601.93, 0.9249
9: 1565.18, 762.67, 0.9189
10: 1334.16, 469.79, 0.9098
11: 1532.81, 840.70, 0.9312
12: 1358.63, 843.36, 0.9269
13: 1558.79, 1007.63, 0.1752
14: 1361.70, 1021.12, 0.1719
15: 1544.49, 1079.93, 0.0166
16: 1323.66, 1072.32, 0.0174

Frame: 307, Person: 0
0: 1380.90, 299.13, 0.9933
1: 1410.61, 265.79, 0.9909
2: 1357.73, 272.32, 0.9551
3: 1481.30, 267.08, 0.9519
4: 1350.20, 280.54, 0.4355
5: 1576.82, 417.15, 0.9910
6: 1320.79, 434.01, 0.9897
7: 1659.23, 623.59, 0.9459
8: 1235.14, 600.72, 0.9221
9: 1571.12, 777.73, 0.9123
10: 1335.65, 470.81, 0.9039
11: 1528.14, 842.94, 0.9219
12: 1356.15, 844.37, 0.9174
13: 1551.78, 996.55, 0.1558
14: 1359.10, 1011.34, 0.1542
15: 1529.08, 1064.59, 0.0151
16: 1323.15, 1060.44, 0.0159

Frame: 308, Person: 0
0: 1376.25, 299.44, 0.9912
1: 1405.36, 268.18, 0.9862
2: 1353.64, 272.30, 0.9465
3: 1478.62, 267.36, 0.9315
4: 1348.33, 276.69, 0.4408
5: 1574.29, 403.81, 0.9858
6: 1310.09, 430.21, 0.9891
7: 1652.10, 633.17, 0.9340
8: 1245.20, 604.69, 0.9437
9: 1590.33, 805.23, 0.9026
10: 1346.42, 487.73, 0.9131
11: 1524.77, 843.04, 0.9123
12: 1348.96, 851.99, 0.9213
13: 1522.80, 1080.00, 0.1555
14: 1356.74, 1080.00, 0.1792
15: 1487.48, 1080.00, 0.0112
16: 1343.92, 1080.00, 0.0135

Frame: 309, Person: 0
0: 1373.63, 298.20, 0.9930
1: 1403.41, 265.06, 0.9908
2: 1351.57, 271.75, 0.9519
3: 1475.95, 267.35, 0.9544
4: 1347.24, 280.31, 0.4182
5: 1576.26, 422.83, 0.9913
6: 1316.85, 433.71, 0.9899
7: 1650.73, 641.92, 0.9456
8: 1234.91, 603.39, 0.9228
9: 1568.41, 801.38, 0.9064
10: 1332.64, 479.13, 0.8999
11: 1529.97, 856.94, 0.9201
12: 1355.56, 856.14, 0.9165
13: 1557.26, 1004.11, 0.1440
14: 1359.93, 1017.46, 0.1446
15: 1532.35, 1067.56, 0.0139
16: 1329.85, 1066.43, 0.0148

Frame: 310, Person: 0
0: 1371.37, 297.02, 0.9929
1: 1401.56, 264.34, 0.9909
2: 1349.86, 270.95, 0.9505
3: 1474.95, 267.54, 0.9562
4: 1346.45, 280.02, 0.4135
5: 1576.97, 422.82, 0.9917
6: 1313.15, 433.85, 0.9897
7: 1650.00, 640.82, 0.9478
8: 1233.73, 603.37, 0.9197
9: 1576.14, 809.93, 0.9059
10: 1330.93, 486.72, 0.8938
11: 1529.95, 855.20, 0.9246
12: 1352.88, 854.78, 0.9186
13: 1559.59, 1007.50, 0.1477
14: 1359.42, 1022.48, 0.1446
15: 1531.74, 1071.09, 0.0141
16: 1333.36, 1071.85, 0.0148

Frame: 311, Person: 0
0: 1370.52, 295.94, 0.9926
1: 1400.87, 263.32, 0.9909
2: 1349.23, 269.98, 0.9474
3: 1474.53, 267.09, 0.9572
4: 1345.90, 279.49, 0.4005
5: 1577.45, 422.55, 0.9920
6: 1310.86, 434.93, 0.9888
7: 1650.40, 637.09, 0.9509
8: 1233.31, 605.11, 0.9104
9: 1585.06, 807.46, 0.9081
10: 1329.08, 497.16, 0.8829
11: 1532.00, 853.05, 0.9261
12: 1353.26, 853.67, 0.9148
13: 1562.25, 1003.10, 0.1524
14: 1359.70, 1019.74, 0.1405
15: 1535.05, 1066.07, 0.0147
16: 1339.06, 1069.10, 0.0147

Frame: 312, Person: 0
0: 1370.83, 295.37, 0.9927
1: 1400.83, 262.48, 0.9909
2: 1349.17, 269.68, 0.9478
3: 1474.26, 265.78, 0.9573
4: 1345.66, 279.49, 0.4028
5: 1577.72, 421.35, 0.9921
6: 1311.58, 435.03, 0.9887
7: 1653.12, 634.23, 0.9513
8: 1234.54, 604.44, 0.9092
9: 1590.58, 807.01, 0.9080
10: 1330.22, 500.42, 0.8808
11: 1532.00, 853.42, 0.9267
12: 1353.56, 854.66, 0.9146
13: 1564.07, 1006.11, 0.1501
14: 1361.69, 1023.63, 0.1373
15: 1537.45, 1066.79, 0.0144
16: 1340.13, 1071.72, 0.0143

Frame: 313, Person: 0
0: 1371.65, 295.64, 0.9929
1: 1401.59, 262.69, 0.9910
2: 1349.56, 269.76, 0.9506
3: 1474.28, 265.51, 0.9562
4: 1345.02, 279.19, 0.4162
5: 1576.72, 419.96, 0.9920
6: 1311.73, 435.16, 0.9894
7: 1654.25, 632.57, 0.9509
8: 1235.47, 606.05, 0.9153
9: 1591.56, 806.26, 0.9081
10: 1328.28, 501.14, 0.8873
11: 1533.86, 854.92, 0.9308
12: 1355.91, 856.92, 0.9217
13: 1567.86, 1015.09, 0.1543
14: 1364.71, 1032.98, 0.1448
15: 1543.93, 1076.76, 0.0145
16: 1342.59, 1080.00, 0.0147

Frame: 314, Person: 0
0: 1371.07, 296.20, 0.9928
1: 1401.05, 263.44, 0.9910
2: 1349.05, 270.46, 0.9495
3: 1473.66, 266.26, 0.9564
4: 1344.60, 279.90, 0.4111
5: 1576.21, 418.95, 0.9921
6: 1311.60, 435.01, 0.9891
7: 1655.86, 631.20, 0.9515
8: 1235.65, 606.28, 0.9129
9: 1592.53, 806.45, 0.9082
10: 1327.65, 498.95, 0.8844
11: 1532.82, 852.57, 0.9302
12: 1355.48, 854.66, 0.9198
13: 1564.67, 1012.34, 0.1537
14: 1363.95, 1030.33, 0.1425
15: 1539.61, 1074.27, 0.0144
16: 1341.55, 1076.95, 0.0145

Frame: 315, Person: 0
0: 1371.23, 298.13, 0.9929
1: 1400.87, 265.03, 0.9910
2: 1348.80, 272.33, 0.9507
3: 1473.37, 266.67, 0.9563
4: 1344.14, 281.13, 0.4129
5: 1576.42, 418.93, 0.9918
6: 1313.44, 433.95, 0.9893
7: 1657.66, 632.02, 0.9498
8: 1234.85, 604.09, 0.9158
9: 1583.44, 802.55, 0.9081
10: 1328.25, 498.98, 0.8888
11: 1532.81, 855.10, 0.9280
12: 1356.62, 856.33, 0.9195
13: 1562.85, 1015.89, 0.1481
14: 1365.26, 1031.42, 0.1406
15: 1538.99, 1077.18, 0.0138
16: 1340.51, 1078.40, 0.0141

Frame: 316, Person: 0
0: 1370.01, 299.33, 0.9928
1: 1399.43, 266.15, 0.9913
2: 1347.76, 273.38, 0.9478
3: 1472.40, 266.40, 0.9582
4: 1343.05, 281.11, 0.3904
5: 1576.53, 415.41, 0.9920
6: 1311.84, 435.14, 0.9882
7: 1660.55, 619.40, 0.9531
8: 1233.22, 602.38, 0.9072
9: 1577.89, 782.01, 0.9166
10: 1331.31, 487.36, 0.8850
11: 1532.92, 849.30, 0.9339
12: 1355.27, 852.23, 0.9212
13: 1557.85, 1019.81, 0.1634
14: 1360.13, 1037.24, 0.1459
15: 1533.61, 1080.00, 0.0149
16: 1334.09, 1080.00, 0.0145

Frame: 317, Person: 0
0: 1369.05, 301.53, 0.9931
1: 1398.70, 268.69, 0.9915
2: 1347.76, 274.54, 0.9485
3: 1472.31, 268.09, 0.9593
4: 1344.18, 280.24, 0.3802
5: 1575.85, 413.62, 0.9920
6: 1315.55, 434.29, 0.9890
7: 1663.54, 606.08, 0.9543
8: 1233.30, 599.57, 0.9165
9: 1561.82, 746.00, 0.9274
10: 1320.66, 499.89, 0.8998
11: 1532.89, 838.66, 0.9436
12: 1357.94, 840.82, 0.9350
13: 1551.15, 1022.00, 0.2017
14: 1357.84, 1033.70, 0.1847
15: 1530.42, 1080.00, 0.0184
16: 1330.58, 1080.00, 0.0184

Frame: 318, Person: 0
0: 1368.73, 304.09, 0.9928
1: 1398.67, 271.87, 0.9914
2: 1348.41, 275.80, 0.9458
3: 1472.52, 269.84, 0.9592
4: 1345.69, 277.91, 0.3580
5: 1574.72, 412.04, 0.9917
6: 1316.12, 430.43, 0.9878
7: 1664.74, 596.12, 0.9548
8: 1234.89, 594.73, 0.9100
9: 1553.25, 700.44, 0.9337
10: 1322.66, 498.77, 0.8977
11: 1532.42, 841.81, 0.9469
12: 1358.42, 842.87, 0.9363
13: 1546.85, 1036.23, 0.2128
14: 1357.76, 1041.98, 0.1879
15: 1527.53, 1080.00, 0.0189
16: 1332.40, 1080.00, 0.0184

Frame: 319, Person: 0
0: 1370.29, 305.15, 0.9928
1: 1399.41, 272.83, 0.9914
2: 1350.02, 277.19, 0.9460
3: 1472.89, 270.02, 0.9590
4: 1348.40, 278.87, 0.3514
5: 1574.06, 410.90, 0.9919
6: 1320.40, 427.20, 0.9872
7: 1664.69, 584.95, 0.9586
8: 1235.12, 585.26, 0.9099
9: 1556.13, 653.55, 0.9432
10: 1323.52, 504.14, 0.9029
11: 1535.28, 837.86, 0.9534
12: 1363.73, 839.68, 0.9413
13: 1567.34, 1024.88, 0.2579
14: 1375.63, 1027.78, 0.2223
15: 1559.25, 1080.00, 0.0248
16: 1351.73, 1080.00, 0.0237

Frame: 320, Person: 0
0: 1371.57, 308.49, 0.9928
1: 1400.28, 275.45, 0.9916
2: 1350.56, 279.66, 0.9453
3: 1473.76, 269.66, 0.9598
4: 1347.50, 278.70, 0.3336
5: 1574.80, 412.22, 0.9915
6: 1321.57, 426.06, 0.9858
7: 1674.83, 586.45, 0.9579
8: 1233.53, 585.47, 0.8994
9: 1545.45, 627.80, 0.9475
10: 1329.18, 510.36, 0.8988
11: 1534.18, 843.88, 0.9524
12: 1362.88, 844.01, 0.9375
13: 1561.12, 1040.17, 0.2607
14: 1373.37, 1036.01, 0.2162
15: 1568.76, 1080.00, 0.0249
16: 1356.48, 1080.00, 0.0230

Frame: 321, Person: 0
0: 1372.23, 309.63, 0.9929
1: 1400.68, 276.39, 0.9918
2: 1351.30, 280.80, 0.9455
3: 1475.08, 269.72, 0.9614
4: 1348.28, 279.25, 0.3254
5: 1576.18, 411.15, 0.9917
6: 1323.25, 425.28, 0.9861
7: 1677.96, 569.80, 0.9606
8: 1230.14, 575.75, 0.9051
9: 1538.16, 596.22, 0.9546
10: 1334.59, 526.32, 0.9074
11: 1537.91, 837.59, 0.9611
12: 1365.41, 838.31, 0.9486
13: 1568.29, 1042.28, 0.3176
14: 1375.01, 1035.37, 0.2649
15: 1588.33, 1080.00, 0.0323
16: 1360.65, 1080.00, 0.0299

Frame: 322, Person: 0
0: 1375.20, 310.38, 0.9931
1: 1402.95, 277.05, 0.9921
2: 1354.11, 281.07, 0.9469
3: 1476.40, 268.75, 0.9613
4: 1350.22, 277.63, 0.3233
5: 1574.59, 408.70, 0.9916
6: 1325.24, 421.09, 0.9852
7: 1683.54, 553.50, 0.9623
8: 1222.38, 566.57, 0.9024
9: 1534.66, 554.28, 0.9604
10: 1343.42, 537.05, 0.9103
11: 1535.75, 837.07, 0.9633
12: 1365.09, 837.63, 0.9497
13: 1565.86, 1045.66, 0.3420
14: 1375.38, 1033.58, 0.2784
15: 1599.74, 1080.00, 0.0358
16: 1361.74, 1080.00, 0.0322

Frame: 323, Person: 0
0: 1377.59, 310.39, 0.9935
1: 1405.51, 277.61, 0.9921
2: 1356.45, 281.11, 0.9523
3: 1478.82, 269.61, 0.9598
4: 1352.40, 277.15, 0.3549
5: 1574.00, 406.03, 0.9915
6: 1327.42, 417.43, 0.9877
7: 1682.67, 539.62, 0.9608
8: 1217.13, 560.76, 0.9207
9: 1539.47, 520.87, 0.9612
10: 1350.09, 547.32, 0.9242
11: 1538.97, 827.10, 0.9664
12: 1370.19, 828.20, 0.9581
13: 1569.45, 1039.34, 0.3673
14: 1381.87, 1024.92, 0.3218
15: 1604.64, 1080.00, 0.0400
16: 1364.24, 1080.00, 0.0385

Frame: 324, Person: 0
0: 1378.30, 310.21, 0.9934
1: 1406.93, 277.33, 0.9922
2: 1357.62, 280.37, 0.9498
3: 1480.90, 271.18, 0.9609
4: 1354.29, 276.90, 0.3335
5: 1575.50, 412.04, 0.9915
6: 1328.31, 416.20, 0.9861
7: 1684.15, 539.95, 0.9627
8: 1215.92, 553.91, 0.9140
9: 1549.81, 495.34, 0.9641
10: 1352.17, 556.24, 0.9199
11: 1537.29, 841.62, 0.9650
12: 1368.12, 839.89, 0.9539
13: 1563.45, 1046.03, 0.3486
14: 1375.93, 1025.97, 0.2921
15: 1602.46, 1080.00, 0.0367
16: 1363.12, 1080.00, 0.0339

Frame: 325, Person: 0
0: 1379.13, 309.88, 0.9935
1: 1407.87, 277.47, 0.9923
2: 1358.57, 280.60, 0.9501
3: 1481.65, 272.35, 0.9615
4: 1355.51, 278.26, 0.3336
5: 1574.33, 409.95, 0.9917
6: 1329.88, 416.45, 0.9865
7: 1688.19, 532.71, 0.9640
8: 1210.34, 556.18, 0.9165
9: 1556.40, 475.24, 0.9659
10: 1351.27, 552.33, 0.9228
11: 1536.44, 837.51, 0.9665
12: 1369.62, 836.59, 0.9558
13: 1556.89, 1043.56, 0.3617
14: 1374.00, 1023.18, 0.3030
15: 1599.91, 1080.00, 0.0382
16: 1357.77, 1080.00, 0.0353

Frame: 326, Person: 0
0: 1380.71, 309.90, 0.9938
1: 1409.05, 277.56, 0.9924
2: 1359.76, 280.58, 0.9543
3: 1481.86, 271.64, 0.9608
4: 1355.56, 277.54, 0.3530
5: 1573.76, 409.38, 0.9916
6: 1330.76, 413.89, 0.9877
7: 1692.50, 530.49, 0.9629
8: 1208.06, 549.96, 0.9246
9: 1560.87, 470.12, 0.9656
10: 1348.40, 547.15, 0.9290
11: 1535.94, 835.73, 0.9678
12: 1369.53, 833.80, 0.9597
13: 1558.04, 1047.24, 0.3661
14: 1371.97, 1024.38, 0.3177
15: 1607.97, 1080.00, 0.0387
16: 1354.42, 1080.00, 0.0369

Frame: 327, Person: 0
0: 1381.34, 310.22, 0.9940
1: 1409.43, 277.66, 0.9925
2: 1359.70, 281.15, 0.9564
3: 1481.65, 270.37, 0.9604
4: 1354.60, 277.58, 0.3636
5: 1573.17, 406.89, 0.9916
6: 1332.35, 412.36, 0.9883
7: 1698.71, 529.62, 0.9625
8: 1208.77, 542.85, 0.9280
9: 1567.86, 484.49, 0.9647
10: 1341.58, 524.76, 0.9323
11: 1535.06, 839.28, 0.9697
12: 1370.82, 837.20, 0.9629
13: 1556.51, 1057.78, 0.3686
14: 1376.48, 1035.84, 0.3258
15: 1608.32, 1080.00, 0.0383
16: 1358.37, 1080.00, 0.0371

Frame: 328, Person: 0
0: 1380.92, 310.25, 0.9934
1: 1409.30, 277.25, 0.9925
2: 1359.72, 280.87, 0.9500
3: 1481.21, 270.64, 0.9614
4: 1353.88, 278.10, 0.3268
5: 1575.79, 409.01, 0.9911
6: 1327.02, 420.17, 0.9842
7: 1706.74, 527.42, 0.9617
8: 1203.46, 543.00, 0.8989
9: 1567.51, 491.53, 0.9629
10: 1329.82, 485.27, 0.9137
11: 1536.71, 853.81, 0.9616
12: 1367.56, 853.59, 0.9468
13: 1554.71, 1059.87, 0.3085
14: 1371.73, 1043.04, 0.2440
15: 1602.51, 1080.00, 0.0299
16: 1357.27, 1080.00, 0.0264

Frame: 329, Person: 0
0: 1380.04, 310.83, 0.9936
1: 1408.34, 277.49, 0.9928
2: 1358.38, 281.57, 0.9497
3: 1481.55, 270.20, 0.9628
4: 1353.46, 278.78, 0.3167
5: 1576.42, 407.57, 0.9916
6: 1330.59, 418.57, 0.9850
7: 1713.44, 533.62, 0.9637
8: 1195.94, 544.67, 0.9050
9: 1570.19, 498.70, 0.9652
10: 1327.19, 466.45, 0.9212
11: 1535.95, 854.57, 0.9634
12: 1369.62, 853.57, 0.9494
13: 1548.52, 1058.93, 0.3206
14: 1372.96, 1041.22, 0.2564
15: 1595.92, 1080.00, 0.0310
16: 1347.07, 1080.00, 0.0276

Frame: 330, Person: 0
0: 1379.94, 310.93, 0.9936
1: 1408.17, 277.81, 0.9928
2: 1358.67, 281.86, 0.9478
3: 1481.79, 270.02, 0.9634
4: 1354.53, 278.64, 0.3055
5: 1578.26, 406.26, 0.9921
6: 1329.78, 417.59, 0.9847
7: 1715.76, 536.41, 0.9667
8: 1198.16, 539.84, 0.9035
9: 1574.24, 519.33, 0.9660
10: 1321.01, 446.05, 0.9197
11: 1532.91, 856.37, 0.9659
12: 1363.99, 855.36, 0.9508
13: 1556.12, 1059.20, 0.3248
14: 1371.85, 1044.28, 0.2535
15: 1598.92, 1080.00, 0.0310
16: 1341.16, 1080.00, 0.0270

Frame: 331, Person: 0
0: 1379.65, 310.14, 0.9934
1: 1408.40, 277.41, 0.9930
2: 1359.00, 281.21, 0.9447
3: 1482.58, 270.81, 0.9653
4: 1355.26, 278.74, 0.2903
5: 1582.87, 406.65, 0.9923
6: 1325.52, 419.50, 0.9837
7: 1721.17, 537.50, 0.9676
8: 1193.45, 541.51, 0.8945
9: 1578.77, 522.50, 0.9655
10: 1311.65, 435.43, 0.9120
11: 1535.08, 858.89, 0.9645
12: 1360.35, 858.10, 0.9464
13: 1555.57, 1058.78, 0.3066
14: 1362.60, 1045.35, 0.2290
15: 1592.45, 1080.00, 0.0283
16: 1332.21, 1080.00, 0.0238

Frame: 332, Person: 0
0: 1380.90, 309.39, 0.9937
1: 1409.40, 276.73, 0.9931
2: 1360.04, 280.94, 0.9479
3: 1483.79, 270.06, 0.9657
4: 1356.90, 278.82, 0.3028
5: 1585.28, 406.03, 0.9923
6: 1326.47, 418.06, 0.9856
7: 1725.57, 540.73, 0.9664
8: 1187.56, 543.57, 0.9058
9: 1586.08, 510.64, 0.9651
10: 1312.73, 428.51, 0.9196
11: 1538.03, 862.12, 0.9655
12: 1363.12, 861.20, 0.9510
13: 1555.12, 1066.11, 0.3053
14: 1365.03, 1051.78, 0.2391
15: 1594.42, 1080.00, 0.0275
16: 1333.95, 1080.00, 0.0241

Frame: 333, Person: 0
0: 1383.48, 307.62, 0.9939
1: 1412.31, 275.71, 0.9930
2: 1363.00, 278.66, 0.9526
3: 1485.70, 269.90, 0.9645
4: 1359.17, 275.74, 0.3314
5: 1588.45, 407.17, 0.9919
6: 1324.82, 414.38, 0.9869
7: 1731.33, 543.14, 0.9614
8: 1185.08, 543.35, 0.9118
9: 1598.52, 503.08, 0.9608
10: 1308.87, 445.71, 0.9204
11: 1540.73, 856.62, 0.9605
12: 1364.06, 853.55, 0.9484
13: 1550.25, 1060.13, 0.2789
14: 1362.04, 1040.83, 0.2303
15: 1586.26, 1080.00, 0.0248
16: 1337.92, 1080.00, 0.0230

Frame: 334, Person: 0
0: 1386.66, 306.53, 0.9943
1: 1416.32, 274.61, 0.9929
2: 1365.86, 276.88, 0.9592
3: 1487.94, 269.72, 0.9618
4: 1359.68, 274.17, 0.3803
5: 1591.79, 408.06, 0.9917
6: 1315.23, 418.42, 0.9888
7: 1736.70, 544.75, 0.9570
8: 1181.55, 559.58, 0.9191
9: 1616.31, 489.79, 0.9564
10: 1296.55, 467.21, 0.9211
11: 1540.24, 865.36, 0.9576
12: 1355.91, 864.08, 0.9489
13: 1551.67, 1065.20, 0.2556
14: 1352.72, 1047.80, 0.2222
15: 1582.25, 1080.00, 0.0222
16: 1339.08, 1080.00, 0.0214

Frame: 335, Person: 0
0: 1389.41, 304.37, 0.9942
1: 1418.29, 272.70, 0.9928
2: 1369.11, 275.43, 0.9578
3: 1489.31, 269.01, 0.9625
4: 1364.11, 274.07, 0.3746
5: 1595.06, 410.47, 0.9920
6: 1319.86, 416.33, 0.9887
7: 1740.81, 545.38, 0.9586
8: 1186.64, 553.18, 0.9187
9: 1629.16, 479.60, 0.9576
10: 1303.37, 473.84, 0.9197
11: 1543.14, 865.08, 0.9587
12: 1359.93, 862.14, 0.9492
13: 1554.74, 1057.76, 0.2646
14: 1356.06, 1037.64, 0.2278
15: 1587.25, 1080.00, 0.0237
16: 1345.21, 1080.00, 0.0226

Frame: 336, Person: 0
0: 1391.10, 303.20, 0.9947
1: 1420.32, 271.62, 0.9928
2: 1370.45, 273.97, 0.9642
3: 1490.11, 267.93, 0.9599
4: 1363.75, 272.56, 0.4191
5: 1594.61, 406.80, 0.9917
6: 1318.53, 417.40, 0.9905
7: 1748.97, 535.77, 0.9544
8: 1185.61, 556.38, 0.9303
9: 1635.45, 473.13, 0.9540
10: 1292.67, 479.99, 0.9268
11: 1541.60, 863.28, 0.9581
12: 1358.13, 861.72, 0.9533
13: 1554.30, 1060.43, 0.2533
14: 1355.16, 1040.68, 0.2352
15: 1585.22, 1080.00, 0.0223
16: 1342.20, 1080.00, 0.0227

Frame: 337, Person: 0
0: 1391.88, 301.80, 0.9946
1: 1421.30, 270.11, 0.9930
2: 1371.59, 272.67, 0.9617
3: 1491.13, 266.72, 0.9611
4: 1364.79, 271.95, 0.3998
5: 1595.40, 404.12, 0.9922
6: 1316.55, 421.49, 0.9896
7: 1751.71, 527.12, 0.9596
8: 1183.60, 557.36, 0.9232
9: 1635.81, 487.77, 0.9570
10: 1283.71, 472.05, 0.9217
11: 1539.87, 871.09, 0.9610
12: 1353.98, 872.11, 0.9526
13: 1555.28, 1064.11, 0.2568
14: 1350.51, 1049.93, 0.2226
15: 1583.13, 1080.00, 0.0223
16: 1334.99, 1080.00, 0.0213

Frame: 338, Person: 0
0: 1393.25, 298.30, 0.9948
1: 1422.91, 266.56, 0.9928
2: 1372.14, 269.88, 0.9651
3: 1491.13, 264.94, 0.9589
4: 1363.16, 272.02, 0.4305
5: 1592.93, 401.00, 0.9921
6: 1316.36, 423.38, 0.9904
7: 1753.33, 521.94, 0.9587
8: 1184.94, 558.30, 0.9293
9: 1633.52, 499.31, 0.9558
10: 1277.02, 474.49, 0.9263
11: 1538.07, 864.23, 0.9604
12: 1354.24, 867.26, 0.9539
13: 1557.40, 1059.38, 0.2499
14: 1357.46, 1048.03, 0.2237
15: 1586.25, 1080.00, 0.0214
16: 1342.41, 1080.00, 0.0210

Frame: 339, Person: 0
0: 1394.50, 296.39, 0.9946
1: 1424.26, 265.02, 0.9927
2: 1373.73, 268.40, 0.9636
3: 1491.74, 265.76, 0.9591
4: 1364.91, 272.68, 0.4224
5: 1595.52, 404.34, 0.9922
6: 1315.17, 424.32, 0.9896
7: 1753.90, 529.00, 0.9584
8: 1185.43, 563.04, 0.9212
9: 1638.46, 490.28, 0.9541
10: 1271.59, 484.06, 0.9168
11: 1539.22, 866.59, 0.9562
12: 1353.28, 868.67, 0.9468
13: 1557.69, 1051.17, 0.2345
14: 1353.55, 1038.11, 0.2025
15: 1584.25, 1080.00, 0.0203
16: 1342.32, 1080.00, 0.0193

Frame: 340, Person: 0
0: 1394.98, 292.03, 0.9945
1: 1424.80, 260.71, 0.9926
2: 1374.20, 265.04, 0.9636
3: 1492.49, 264.07, 0.9603
4: 1366.16, 272.60, 0.4318
5: 1598.73, 407.13, 0.9921
6: 1314.10, 425.90, 0.9900
7: 1752.40, 534.64, 0.9560
8: 1182.68, 563.56, 0.9221
9: 1645.85, 495.19, 0.9505
10: 1269.54, 487.01, 0.9148
11: 1541.43, 868.65, 0.9524
12: 1353.55, 870.76, 0.9439
13: 1559.53, 1045.03, 0.2163
14: 1354.80, 1033.60, 0.1910
15: 1581.34, 1080.00, 0.0187
16: 1346.46, 1080.00, 0.0183

Frame: 341, Person: 0
0: 1395.86, 290.25, 0.9943
1: 1425.49, 258.51, 0.9925
2: 1375.16, 263.12, 0.9616
3: 1493.46, 261.34, 0.9609
4: 1367.63, 270.59, 0.4160
5: 1600.45, 408.02, 0.9921
6: 1314.32, 424.99, 0.9892
7: 1752.53, 539.71, 0.9563
8: 1185.73, 565.27, 0.9145
9: 1646.88, 490.27, 0.9514
10: 1267.42, 492.85, 0.9084
11: 1537.42, 868.92, 0.9485
12: 1348.65, 870.04, 0.9369
13: 1555.61, 1042.01, 0.2067
14: 1349.28, 1029.49, 0.1760
15: 1580.92, 1080.00, 0.0177
16: 1348.08, 1080.00, 0.0168

Frame: 342, Person: 0
0: 1398.61, 287.69, 0.9944
1: 1428.08, 256.26, 0.9923
2: 1377.96, 260.91, 0.9632
3: 1495.23, 260.69, 0.9592
4: 1370.57, 269.87, 0.4367
5: 1601.30, 408.46, 0.9919
6: 1317.37, 424.88, 0.9900
7: 1750.80, 543.16, 0.9538
8: 1188.39, 566.75, 0.9214
9: 1649.48, 489.53, 0.9491
10: 1272.18, 484.57, 0.9140
11: 1539.64, 867.93, 0.9461
12: 1352.48, 869.07, 0.9375
13: 1557.84, 1037.11, 0.1979
14: 1353.30, 1025.26, 0.1766
15: 1580.25, 1080.00, 0.0169
16: 1348.49, 1080.00, 0.0166

Frame: 343, Person: 0
0: 1399.92, 286.76, 0.9944
1: 1429.92, 255.43, 0.9923
2: 1379.42, 259.90, 0.9624
3: 1497.58, 261.39, 0.9600
4: 1372.46, 269.98, 0.4258
5: 1603.41, 410.89, 0.9920
6: 1320.78, 425.50, 0.9899
7: 1751.57, 548.28, 0.9548
8: 1193.26, 568.72, 0.9214
9: 1650.04, 481.48, 0.9510
10: 1271.40, 482.09, 0.9151
11: 1542.08, 869.36, 0.9461
12: 1355.88, 869.38, 0.9369
13: 1557.75, 1036.81, 0.1989
14: 1354.68, 1022.91, 0.1761
15: 1580.40, 1080.00, 0.0167
16: 1350.27, 1079.71, 0.0164

Frame: 344, Person: 0
0: 1401.33, 286.13, 0.9945
1: 1431.38, 255.02, 0.9922
2: 1380.85, 258.95, 0.9651
3: 1497.97, 261.10, 0.9580
4: 1373.09, 268.66, 0.4496
5: 1601.43, 410.78, 0.9916
6: 1321.17, 424.67, 0.9906
7: 1747.89, 547.62, 0.9514
8: 1196.33, 570.82, 0.9265
9: 1646.93, 477.80, 0.9479
10: 1268.17, 499.68, 0.9170
11: 1540.25, 866.63, 0.9429
12: 1355.34, 866.32, 0.9367
13: 1556.75, 1032.75, 0.1918
14: 1352.82, 1017.05, 0.1770
15: 1582.07, 1080.00, 0.0164
16: 1351.93, 1073.39, 0.0166

Frame: 345, Person: 0
0: 1402.20, 284.85, 0.9943
1: 1432.49, 254.10, 0.9921
2: 1381.64, 257.58, 0.9632
3: 1498.40, 260.71, 0.9582
4: 1372.39, 267.35, 0.4326
5: 1601.94, 409.38, 0.9919
6: 1320.27, 423.07, 0.9895
7: 1749.01, 545.17, 0.9537
8: 1196.76, 568.39, 0.9174
9: 1640.23, 475.84, 0.9491
10: 1269.52, 496.99, 0.9091
11: 1542.72, 865.12, 0.9454
12: 1356.94, 864.44, 0.9354
13: 1555.11, 1038.54, 0.1972
14: 1352.69, 1021.46, 0.1717
15: 1579.02, 1080.00, 0.0167
16: 1351.93, 1074.15, 0.0161

Frame: 346, Person: 0
0: 1402.54, 284.51, 0.9945
1: 1433.43, 253.55, 0.9922
2: 1381.74, 256.69, 0.9647
3: 1499.39, 260.75, 0.9569
4: 1371.93, 266.73, 0.4441
5: 1599.88, 409.60, 0.9919
6: 1320.09, 425.88, 0.9900
7: 1746.84, 546.74, 0.9537
8: 1197.00, 576.16, 0.9207
9: 1642.98, 482.64, 0.9494
10: 1264.87, 501.15, 0.9130
11: 1541.31, 864.94, 0.9436
12: 1356.83, 865.64, 0.9343
13: 1557.35, 1032.96, 0.1949
14: 1355.60, 1018.17, 0.1721
15: 1580.49, 1080.00, 0.0165
16: 1353.19, 1070.41, 0.0162

Frame: 347, Person: 0
0: 1403.17, 284.54, 0.9949
1: 1433.53, 253.31, 0.9924
2: 1382.03, 257.13, 0.9677
3: 1500.09, 260.16, 0.9560
4: 1373.35, 267.63, 0.4683
5: 1596.82, 407.79, 0.9917
6: 1325.63, 426.21, 0.9915
7: 1744.08, 547.72, 0.9535
8: 1195.08, 583.76, 0.9357
9: 1643.16, 487.88, 0.9519
10: 1279.12, 510.72, 0.9290
11: 1542.81, 859.22, 0.9476
12: 1363.02, 861.76, 0.9438
13: 1567.27, 1032.08, 0.2125
14: 1366.02, 1019.14, 0.2024
15: 1599.90, 1080.00, 0.0183
16: 1353.26, 1075.70, 0.0190

Frame: 348, Person: 0
0: 1402.59, 283.94, 0.9946
1: 1433.72, 252.63, 0.9923
2: 1382.05, 256.22, 0.9640
3: 1501.53, 261.53, 0.9581
4: 1374.68, 268.15, 0.4389
5: 1599.65, 411.81, 0.9920
6: 1325.33, 429.57, 0.9907
7: 1744.93, 558.15, 0.9557
8: 1197.23, 593.96, 0.9285
9: 1646.47, 497.70, 0.9543
10: 1285.25, 518.08, 0.9241
11: 1541.75, 856.58, 0.9446
12: 1360.77, 858.61, 0.9370
13: 1561.29, 1014.97, 0.2239
14: 1361.08, 1002.44, 0.2038
15: 1588.64, 1080.00, 0.0203
16: 1350.54, 1068.79, 0.0203

Frame: 349, Person: 0
0: 1399.68, 282.54, 0.9941
1: 1431.43, 251.81, 0.9922
2: 1380.66, 255.23, 0.9576
3: 1501.90, 261.10, 0.9616
4: 1376.84, 267.36, 0.3959
5: 1605.23, 409.54, 0.9923
6: 1325.55, 430.90, 0.9899
7: 1733.71, 569.52, 0.9576
8: 1207.91, 603.72, 0.9192
9: 1634.11, 532.81, 0.9516
10: 1274.51, 519.39, 0.9119
11: 1547.42, 847.91, 0.9473
12: 1362.50, 850.62, 0.9363
13: 1564.37, 1017.70, 0.2313
14: 1356.17, 1010.60, 0.2000
15: 1577.50, 1080.00, 0.0203
16: 1346.86, 1080.00, 0.0196

Frame: 350, Person: 0
0: 1399.60, 281.60, 0.9939
1: 1431.04, 251.09, 0.9920
2: 1381.69, 254.05, 0.9563
3: 1501.48, 260.34, 0.9614
4: 1379.72, 265.68, 0.3947
5: 1603.84, 412.58, 0.9921
6: 1326.29, 433.51, 0.9897
7: 1718.20, 580.79, 0.9562
8: 1218.11, 611.08, 0.9149
9: 1615.58, 553.20, 0.9476
10: 1272.23, 527.95, 0.9046
11: 1543.51, 853.38, 0.9438
12: 1358.74, 855.87, 0.9317
13: 1567.40, 1020.03, 0.2178
14: 1353.04, 1014.72, 0.1866
15: 1576.30, 1080.00, 0.0192
16: 1346.50, 1080.00, 0.0184

Frame: 351, Person: 0
0: 1398.36, 280.10, 0.9936
1: 1430.30, 250.04, 0.9920
2: 1381.49, 252.42, 0.9520
3: 1501.91, 260.38, 0.9634
4: 1381.25, 264.24, 0.3729
5: 1604.53, 417.79, 0.9924
6: 1326.55, 434.23, 0.9891
7: 1705.17, 604.01, 0.9567
8: 1226.20, 618.15, 0.9055
9: 1603.80, 594.82, 0.9428
10: 1264.67, 530.69, 0.8906
11: 1540.74, 855.28, 0.9420
12: 1355.13, 855.23, 0.9264
13: 1564.83, 1022.65, 0.2112
14: 1345.04, 1017.34, 0.1742
15: 1570.18, 1080.00, 0.0186
16: 1343.18, 1080.00, 0.0173

Frame: 352, Person: 0
0: 1397.93, 279.17, 0.9934
1: 1430.85, 249.29, 0.9917
2: 1381.56, 251.12, 0.9511
3: 1503.48, 260.85, 0.9624
4: 1382.17, 263.49, 0.3742
5: 1605.99, 418.43, 0.9920
6: 1327.15, 438.71, 0.9893
7: 1695.60, 619.73, 0.9516
8: 1235.64, 636.91, 0.9042
9: 1593.70, 629.48, 0.9314
10: 1260.02, 532.36, 0.8822
11: 1544.97, 858.16, 0.9299
12: 1358.16, 858.89, 0.9151
13: 1565.26, 1015.22, 0.1772
14: 1338.79, 1014.16, 0.1503
15: 1559.20, 1080.00, 0.0156
16: 1333.07, 1072.42, 0.0149

Frame: 353, Person: 0
0: 1397.05, 278.81, 0.9932
1: 1430.55, 249.34, 0.9914
2: 1381.62, 250.96, 0.9480
3: 1504.80, 262.09, 0.9618
4: 1384.67, 263.86, 0.3693
5: 1605.93, 420.22, 0.9921
6: 1329.49, 440.67, 0.9897
7: 1682.74, 632.32, 0.9512
8: 1244.03, 646.79, 0.9066
9: 1594.87, 658.21, 0.9256
10: 1259.72, 531.86, 0.8794
11: 1544.25, 857.45, 0.9285
12: 1359.05, 858.08, 0.9149
13: 1561.27, 1008.83, 0.1736
14: 1335.07, 1011.92, 0.1499
15: 1545.77, 1080.00, 0.0154
16: 1328.16, 1070.00, 0.0149

Frame: 354, Person: 0
0: 1397.90, 279.72, 0.9931
1: 1431.88, 250.28, 0.9910
2: 1382.61, 251.57, 0.9475
3: 1506.54, 262.58, 0.9589
4: 1385.84, 263.69, 0.3785
5: 1604.66, 416.56, 0.9916
6: 1331.73, 443.63, 0.9902
7: 1675.47, 629.55, 0.9482
8: 1249.49, 655.09, 0.9117
9: 1596.39, 676.90, 0.9190
10: 1258.93, 523.33, 0.8834
11: 1549.00, 853.05, 0.9227
12: 1366.70, 856.57, 0.9126
13: 1560.85, 1000.31, 0.1605
14: 1341.78, 1010.33, 0.1444
15: 1536.12, 1080.00, 0.0141
16: 1332.74, 1062.51, 0.0141

Frame: 355, Person: 0
0: 1399.62, 280.39, 0.9932
1: 1433.66, 250.88, 0.9910
2: 1383.76, 252.20, 0.9498
3: 1507.86, 262.55, 0.9579
4: 1385.79, 263.96, 0.3936
5: 1605.42, 416.44, 0.9912
6: 1332.17, 442.87, 0.9908
7: 1672.14, 634.13, 0.9442
8: 1250.46, 653.91, 0.9161
9: 1590.66, 692.86, 0.9114
10: 1259.19, 512.95, 0.8858
11: 1548.44, 856.49, 0.9170
12: 1366.03, 859.21, 0.9111
13: 1553.83, 1004.12, 0.1433
14: 1336.42, 1014.98, 0.1347
15: 1525.02, 1080.00, 0.0124
16: 1325.81, 1064.17, 0.0127

Frame: 356, Person: 0
0: 1402.16, 281.75, 0.9931
1: 1435.63, 252.39, 0.9909
2: 1385.74, 253.95, 0.9490
3: 1508.85, 263.20, 0.9579
4: 1386.79, 265.35, 0.3922
5: 1604.58, 417.44, 0.9912
6: 1334.50, 441.11, 0.9901
7: 1668.73, 636.30, 0.9447
8: 1251.62, 648.45, 0.9104
9: 1586.42, 696.23, 0.9108
10: 1260.91, 509.19, 0.8797
11: 1546.45, 856.59, 0.9220
12: 1366.13, 858.46, 0.9137
13: 1554.52, 1018.92, 0.1473
14: 1341.42, 1028.97, 0.1346
15: 1527.49, 1080.00, 0.0124
16: 1329.24, 1076.38, 0.0125

Frame: 357, Person: 0
0: 1404.14, 282.27, 0.9930
1: 1437.25, 253.15, 0.9909
2: 1388.06, 254.24, 0.9491
3: 1510.07, 263.17, 0.9571
4: 1389.41, 264.36, 0.3963
5: 1604.59, 416.33, 0.9913
6: 1334.14, 439.86, 0.9901
7: 1668.11, 634.35, 0.9456
8: 1249.69, 647.00, 0.9100
9: 1589.64, 694.13, 0.9119
10: 1265.25, 498.34, 0.8810
11: 1545.94, 855.89, 0.9243
12: 1364.63, 858.43, 0.9152
13: 1561.99, 1021.16, 0.1501
14: 1343.50, 1032.62, 0.1363
15: 1535.68, 1080.00, 0.0126
16: 1327.96, 1079.43, 0.0126

Frame: 358, Person: 0
0: 1406.60, 282.76, 0.9932
1: 1439.59, 253.71, 0.9909
2: 1390.22, 254.63, 0.9515
3: 1511.84, 263.74, 0.9559
4: 1391.12, 264.62, 0.4092
5: 1604.77, 416.94, 0.9912
6: 1337.84, 438.96, 0.9907
7: 1668.97, 631.82, 0.9447
8: 1250.07, 642.08, 0.9176
9: 1597.58, 685.10, 0.9132
10: 1263.81, 490.95, 0.8908
11: 1547.01, 852.18, 0.9291
12: 1368.55, 854.18, 0.9236
13: 1560.17, 1023.31, 0.1618
14: 1347.37, 1033.78, 0.1520
15: 1533.38, 1080.00, 0.0136
16: 1328.99, 1080.00, 0.0139

Frame: 359, Person: 0
0: 1410.74, 284.94, 0.9938
1: 1443.71, 255.22, 0.9910
2: 1393.02, 256.07, 0.9577
3: 1514.37, 264.94, 0.9533
4: 1391.29, 265.82, 0.4417
5: 1604.37, 420.18, 0.9911
6: 1339.04, 439.42, 0.9917
7: 1671.76, 631.82, 0.9436
8: 1247.26, 639.46, 0.9273
9: 1606.30, 662.67, 0.9184
10: 1266.20, 484.93, 0.9060
11: 1545.12, 852.08, 0.9309
12: 1367.70, 853.75, 0.9290
13: 1564.19, 1016.84, 0.1769
14: 1351.32, 1025.29, 0.1740
15: 1542.69, 1080.00, 0.0154
16: 1330.91, 1078.74, 0.0163

Frame: 360, Person: 0
0: 1412.75, 285.84, 0.9938
1: 1444.85, 256.17, 0.9914
2: 1394.72, 257.55, 0.9583
3: 1514.30, 265.36, 0.9552
4: 1392.01, 267.54, 0.4316
5: 1605.35, 422.27, 0.9906
6: 1339.84, 436.89, 0.9907
7: 1675.44, 627.74, 0.9420
8: 1237.58, 621.07, 0.9202
9: 1589.72, 634.30, 0.9216
10: 1258.01, 457.31, 0.9042
11: 1544.87, 859.47, 0.9312
12: 1366.77, 859.17, 0.9274
13: 1565.97, 1040.17, 0.1691
14: 1353.11, 1043.51, 0.1613
15: 1555.37, 1080.00, 0.0139
16: 1332.60, 1080.00, 0.0144

Frame: 361, Person: 0
0: 1414.43, 288.84, 0.9937
1: 1447.03, 258.71, 0.9913
2: 1395.61, 259.68, 0.9579
3: 1516.76, 267.24, 0.9544
4: 1392.20, 268.02, 0.4250
5: 1608.21, 427.57, 0.9902
6: 1336.73, 434.24, 0.9898
7: 1682.59, 634.03, 0.9390
8: 1226.66, 617.98, 0.9118
9: 1620.09, 587.49, 0.9224
10: 1252.29, 443.25, 0.8985
11: 1545.02, 869.73, 0.9291
12: 1364.44, 867.41, 0.9230
13: 1564.25, 1048.87, 0.1697
14: 1352.37, 1047.55, 0.1578
15: 1558.29, 1080.00, 0.0140
16: 1337.74, 1080.00, 0.0142

Frame: 362, Person: 0
0: 1416.61, 291.95, 0.9941
1: 1448.84, 260.42, 0.9916
2: 1396.03, 262.15, 0.9611
3: 1518.65, 267.19, 0.9524
4: 1391.21, 269.16, 0.4433
5: 1609.68, 432.24, 0.9902
6: 1337.06, 429.47, 0.9900
7: 1701.69, 630.81, 0.9398
8: 1212.41, 600.60, 0.9179
9: 1685.34, 567.59, 0.9286
10: 1251.51, 432.49, 0.9083
11: 1537.52, 867.73, 0.9253
12: 1358.17, 862.61, 0.9203
13: 1552.32, 1040.57, 0.1657
14: 1345.49, 1036.52, 0.1574
15: 1555.64, 1080.00, 0.0135
16: 1331.74, 1080.00, 0.0139

Frame: 363, Person: 0
0: 1418.12, 294.40, 0.9943
1: 1450.50, 262.93, 0.9919
2: 1397.24, 264.27, 0.9633
3: 1519.21, 268.12, 0.9526
4: 1390.04, 269.56, 0.4541
5: 1610.52, 428.80, 0.9903
6: 1329.07, 430.81, 0.9899
7: 1712.25, 608.14, 0.9410
8: 1201.19, 593.23, 0.9159
9: 1686.45, 502.66, 0.9355
10: 1243.88, 406.65, 0.9108
11: 1538.62, 873.47, 0.9287
12: 1353.71, 871.22, 0.9224
13: 1555.69, 1054.40, 0.1595
14: 1347.35, 1050.96, 0.1480
15: 1563.29, 1080.00, 0.0120
16: 1341.68, 1080.00, 0.0122

Frame: 364, Person: 0
0: 1418.62, 297.91, 0.9946
1: 1450.78, 265.49, 0.9918
2: 1396.84, 266.39, 0.9679
3: 1517.60, 268.14, 0.9477
4: 1386.12, 268.74, 0.4910
5: 1606.06, 428.40, 0.9888
6: 1323.96, 429.16, 0.9902
7: 1724.53, 581.58, 0.9318
8: 1188.29, 575.35, 0.9213
9: 1692.93, 447.27, 0.9360
10: 1245.81, 398.36, 0.9205
11: 1534.24, 876.24, 0.9121
12: 1349.94, 873.83, 0.9122
13: 1545.98, 1041.44, 0.1372
14: 1347.25, 1033.06, 0.1364
15: 1566.06, 1080.00, 0.0107
16: 1354.23, 1080.00, 0.0113

Frame: 365, Person: 0
0: 1417.92, 300.22, 0.9949
1: 1450.65, 267.41, 0.9923
2: 1395.86, 268.18, 0.9692
3: 1518.05, 269.24, 0.9493
4: 1383.75, 269.50, 0.4902
5: 1606.26, 423.55, 0.9888
6: 1320.97, 429.59, 0.9902
7: 1741.47, 551.62, 0.9360
8: 1174.09, 562.93, 0.9252
9: 1705.87, 420.68, 0.9419
10: 1245.29, 388.08, 0.9265
11: 1536.98, 883.55, 0.9175
12: 1349.53, 883.20, 0.9173
13: 1547.63, 1046.95, 0.1353
14: 1341.93, 1039.08, 0.1337
15: 1573.86, 1080.00, 0.0103
16: 1341.03, 1080.00, 0.0109

Frame: 366, Person: 0
0: 1418.75, 302.21, 0.9951
1: 1451.30, 269.26, 0.9925
2: 1396.74, 269.93, 0.9716
3: 1517.60, 270.38, 0.9480
4: 1383.42, 270.52, 0.5053
5: 1603.55, 420.42, 0.9886
6: 1320.77, 430.48, 0.9906
7: 1758.89, 526.22, 0.9373
8: 1166.51, 548.84, 0.9313
9: 1708.89, 393.90, 0.9470
10: 1245.92, 369.18, 0.9354
11: 1534.68, 888.76, 0.9200
12: 1348.66, 889.89, 0.9217
13: 1551.59, 1047.15, 0.1375
14: 1349.16, 1037.77, 0.1392
15: 1589.57, 1080.00, 0.0105
16: 1347.77, 1080.00, 0.0113

Frame: 367, Person: 0
0: 1420.22, 304.66, 0.9955
1: 1453.19, 271.50, 0.9926
2: 1396.87, 272.45, 0.9754
3: 1518.99, 272.18, 0.9451
4: 1380.99, 273.03, 0.5349
5: 1600.90, 415.67, 0.9878
6: 1324.44, 425.43, 0.9914
7: 1770.27, 506.97, 0.9353
8: 1162.03, 531.07, 0.9430
9: 1698.54, 371.60, 0.9489
10: 1254.03, 358.59, 0.9464
11: 1532.83, 888.35, 0.9206
12: 1350.16, 888.58, 0.9284
13: 1552.01, 1052.67, 0.1286
14: 1354.32, 1037.56, 0.1406
15: 1599.98, 1080.00, 0.0096
16: 1342.75, 1080.00, 0.0110

Frame: 368, Person: 0
0: 1421.19, 305.35, 0.9956
1: 1454.24, 272.87, 0.9925
2: 1398.34, 272.93, 0.9761
3: 1518.45, 274.79, 0.9424
4: 1380.95, 273.80, 0.5291
5: 1594.12, 414.28, 0.9875
6: 1329.60, 424.05, 0.9908
7: 1776.95, 485.51, 0.9389
8: 1162.59, 515.71, 0.9439
9: 1669.05, 339.73, 0.9554
10: 1263.02, 346.95, 0.9512
11: 1527.35, 888.45, 0.9255
12: 1351.20, 887.48, 0.9314
13: 1550.65, 1059.93, 0.1368
14: 1362.55, 1036.87, 0.1467
15: 1615.43, 1080.00, 0.0101
16: 1347.06, 1080.00, 0.0114

Frame: 369, Person: 0
0: 1421.93, 305.94, 0.9953
1: 1454.25, 273.29, 0.9924
2: 1398.89, 274.39, 0.9746
3: 1517.93, 274.70, 0.9418
4: 1380.76, 276.31, 0.5043
5: 1592.83, 411.39, 0.9870
6: 1332.39, 424.75, 0.9888
7: 1783.20, 473.65, 0.9416
8: 1164.68, 506.24, 0.9340
9: 1647.23, 342.69, 0.9579
10: 1270.84, 342.57, 0.9467
11: 1523.58, 885.77, 0.9220
12: 1349.57, 885.53, 0.9220
13: 1551.40, 1063.11, 0.1292
14: 1368.68, 1039.26, 0.1289
15: 1624.87, 1080.00, 0.0094
16: 1352.79, 1080.00, 0.0099

Frame: 370, Person: 0
0: 1423.72, 306.92, 0.9951
1: 1454.54, 273.75, 0.9914
2: 1397.96, 276.84, 0.9750
3: 1513.68, 275.93, 0.9291
4: 1373.83, 282.20, 0.5314
5: 1583.87, 409.11, 0.9870
6: 1332.54, 423.99, 0.9875
7: 1780.07, 466.19, 0.9448
8: 1167.37, 498.73, 0.9310
9: 1634.91, 343.86, 0.9608
10: 1293.99, 342.51, 0.9477
11: 1521.00, 874.38, 0.9258
12: 1353.40, 875.59, 0.9223
13: 1547.73, 1052.79, 0.1445
14: 1378.58, 1029.84, 0.1387
15: 1626.32, 1080.00, 0.0108
16: 1359.12, 1076.73, 0.0110

Frame: 371, Person: 0
0: 1421.53, 309.07, 0.9945
1: 1454.22, 274.59, 0.9916
2: 1395.01, 276.26, 0.9685
3: 1516.37, 272.87, 0.9343
4: 1369.56, 276.09, 0.4601
5: 1583.34, 402.33, 0.9885
6: 1332.01, 418.41, 0.9830
7: 1773.28, 465.09, 0.9558
8: 1170.65, 504.33, 0.9056
9: 1616.61, 354.31, 0.9667
10: 1306.11, 354.07, 0.9350
11: 1526.23, 874.07, 0.9370
12: 1357.58, 876.17, 0.9182
13: 1554.04, 1059.98, 0.1742
14: 1385.31, 1037.36, 0.1388
15: 1630.76, 1080.00, 0.0132
16: 1361.96, 1080.00, 0.0117

Frame: 372, Person: 0
0: 1423.07, 291.11, 0.9936
1: 1457.13, 258.84, 0.9913
2: 1400.15, 257.80, 0.9580
3: 1523.63, 258.39, 0.9394
4: 1379.32, 255.47, 0.3712
5: 1588.93, 385.93, 0.9889
6: 1332.59, 403.95, 0.9800
7: 1766.10, 450.78, 0.9622
8: 1171.53, 500.93, 0.8914
9: 1587.10, 356.59, 0.9699
10: 1320.91, 355.59, 0.9269
11: 1529.69, 866.92, 0.9519
12: 1356.34, 869.50, 0.9297
13: 1557.75, 1080.00, 0.2044
14: 1387.19, 1058.99, 0.1480
15: 1634.81, 1080.00, 0.0147
16: 1367.96, 1080.00, 0.0121

Frame: 373, Person: 0
0: 1423.21, 305.77, 0.9936
1: 1458.95, 273.19, 0.9923
2: 1398.79, 273.63, 0.9568
3: 1527.92, 275.79, 0.9527
4: 1378.40, 275.95, 0.3610
5: 1592.42, 399.33, 0.9902
6: 1338.39, 417.40, 0.9798
7: 1759.82, 458.39, 0.9674
8: 1175.12, 506.94, 0.8906
9: 1579.52, 372.58, 0.9736
10: 1328.67, 380.50, 0.9278
11: 1530.76, 865.30, 0.9587
12: 1357.87, 867.99, 0.9354
13: 1565.47, 1067.92, 0.2505
14: 1387.84, 1046.23, 0.1764
15: 1639.30, 1080.00, 0.0200
16: 1356.86, 1080.00, 0.0160

Frame: 374, Person: 0
0: 1421.86, 309.88, 0.9941
1: 1452.92, 277.67, 0.9914
2: 1400.11, 275.40, 0.9640
3: 1517.64, 269.23, 0.9359
4: 1381.04, 264.52, 0.4278
5: 1582.39, 389.84, 0.9888
6: 1335.19, 410.25, 0.9831
7: 1752.01, 444.94, 0.9600
8: 1177.16, 505.04, 0.9071
9: 1559.33, 397.41, 0.9685
10: 1348.19, 399.55, 0.9354
11: 1526.15, 865.48, 0.9545
12: 1356.42, 869.60, 0.9385
13: 1562.89, 1079.85, 0.2247
14: 1389.03, 1058.73, 0.1759
15: 1633.04, 1080.00, 0.0177
16: 1357.58, 1080.00, 0.0153

Frame: 375, Person: 0
0: 1422.48, 308.05, 0.9941
1: 1452.56, 276.41, 0.9918
2: 1400.65, 275.45, 0.9631
3: 1515.84, 271.08, 0.9398
4: 1382.06, 269.29, 0.4220
5: 1580.02, 388.44, 0.9897
6: 1340.93, 412.86, 0.9833
7: 1747.19, 443.42, 0.9643
8: 1173.17, 511.82, 0.9100
9: 1546.76, 414.49, 0.9710
10: 1355.41, 422.75, 0.9374
11: 1529.92, 857.06, 0.9597
12: 1365.11, 862.65, 0.9438
13: 1558.43, 1073.30, 0.2541
14: 1386.93, 1053.74, 0.1948
15: 1627.96, 1080.00, 0.0207
16: 1338.81, 1080.00, 0.0175

Frame: 376, Person: 0
0: 1424.75, 307.87, 0.9945
1: 1453.20, 276.08, 0.9915
2: 1402.16, 276.38, 0.9678
3: 1513.97, 269.95, 0.9345
4: 1382.06, 271.23, 0.4719
5: 1582.62, 388.71, 0.9896
6: 1339.47, 413.48, 0.9861
7: 1740.26, 455.57, 0.9609
8: 1172.90, 518.67, 0.9234
9: 1538.64, 434.52, 0.9677
10: 1351.17, 437.50, 0.9427
11: 1535.16, 853.27, 0.9601
12: 1367.63, 859.28, 0.9496
13: 1562.11, 1072.81, 0.2541
14: 1383.78, 1055.58, 0.2105
15: 1623.49, 1080.00, 0.0207
16: 1332.73, 1080.00, 0.0186

Frame: 377, Person: 0
0: 1423.60, 306.42, 0.9943
1: 1452.36, 274.67, 0.9916
2: 1401.26, 275.44, 0.9664
3: 1514.23, 270.62, 0.9407
4: 1382.46, 273.05, 0.4632
5: 1587.23, 394.36, 0.9899
6: 1337.91, 420.16, 0.9868
7: 1736.36, 469.96, 0.9599
8: 1176.71, 532.08, 0.9223
9: 1536.96, 449.58, 0.9667
10: 1346.53, 453.21, 0.9407
11: 1537.49, 845.38, 0.9602
12: 1366.79, 851.74, 0.9503
13: 1563.40, 1064.92, 0.2723
14: 1382.63, 1050.09, 0.2281
15: 1616.41, 1080.00, 0.0231
16: 1337.27, 1080.00, 0.0211

Frame: 378, Person: 0
0: 1423.81, 305.92, 0.9946
1: 1452.31, 274.04, 0.9917
2: 1401.35, 275.15, 0.9691
3: 1514.12, 270.05, 0.9406
4: 1383.10, 273.52, 0.4890
5: 1588.46, 396.10, 0.9897
6: 1338.99, 423.12, 0.9887
7: 1737.96, 478.13, 0.9564
8: 1180.93, 542.33, 0.9312
9: 1542.69, 454.35, 0.9649
10: 1344.97, 463.32, 0.9454
11: 1536.34, 839.96, 0.9602
12: 1366.46, 846.39, 0.9543
13: 1558.97, 1062.69, 0.2834
14: 1381.06, 1048.38, 0.2537
15: 1610.29, 1080.00, 0.0245
16: 1338.63, 1080.00, 0.0237

Frame: 379, Person: 0
0: 1423.42, 305.63, 0.9946
1: 1451.87, 273.65, 0.9916
2: 1400.80, 275.03, 0.9700
3: 1513.88, 269.98, 0.9405
4: 1382.39, 273.98, 0.4987
5: 1590.70, 399.72, 0.9895
6: 1338.86, 425.14, 0.9892
7: 1737.13, 488.13, 0.9526
8: 1185.53, 546.06, 0.9320
9: 1538.32, 463.91, 0.9621
10: 1346.82, 469.96, 0.9447
11: 1539.07, 838.98, 0.9580
12: 1368.24, 844.50, 0.9536
13: 1559.91, 1067.14, 0.2705
14: 1384.56, 1051.81, 0.2490
15: 1606.89, 1080.00, 0.0230
16: 1345.56, 1080.00, 0.0229

Frame: 380, Person: 0
0: 1423.31, 305.13, 0.9948
1: 1451.48, 272.89, 0.9915
2: 1400.50, 275.08, 0.9723
3: 1513.49, 269.60, 0.9402
4: 1382.49, 275.36, 0.5291
5: 1596.21, 403.59, 0.9897
6: 1334.82, 429.61, 0.9910
7: 1735.85, 505.40, 0.9486
8: 1191.07, 557.09, 0.9406
9: 1546.17, 484.62, 0.9580
10: 1346.25, 470.62, 0.9482
11: 1542.07, 841.98, 0.9572
12: 1365.52, 848.06, 0.9567
13: 1566.89, 1059.34, 0.2706
14: 1383.04, 1048.16, 0.2672
15: 1600.99, 1080.00, 0.0238
16: 1348.12, 1080.00, 0.0251

Frame: 381, Person: 0
0: 1423.74, 305.16, 0.9949
1: 1451.55, 272.74, 0.9911
2: 1400.21, 275.23, 0.9722
3: 1512.76, 268.68, 0.9362
4: 1381.58, 275.22, 0.5324
5: 1594.11, 405.09, 0.9903
6: 1335.80, 425.40, 0.9913
7: 1725.04, 532.33, 0.9500
8: 1197.91, 566.33, 0.9413
9: 1544.28, 501.59, 0.9577
10: 1341.34, 466.23, 0.9479
11: 1537.55, 834.09, 0.9580
12: 1363.54, 838.02, 0.9571
13: 1565.40, 1046.03, 0.2972
14: 1382.58, 1034.01, 0.2927
15: 1601.44, 1080.00, 0.0274
16: 1352.01, 1080.00, 0.0289

Frame: 382, Person: 0
0: 1424.55, 303.95, 0.9951
1: 1452.01, 271.13, 0.9913
2: 1400.54, 274.43, 0.9732
3: 1513.34, 267.32, 0.9369
4: 1382.56, 275.65, 0.5455
5: 1598.00, 409.63, 0.9909
6: 1334.45, 426.22, 0.9926
7: 1711.58, 563.42, 0.9490
8: 1198.02, 578.67, 0.9471
9: 1540.14, 535.80, 0.9538
10: 1329.07, 458.31, 0.9498
11: 1538.66, 841.58, 0.9583
12: 1360.87, 844.19, 0.9594
13: 1568.58, 1042.78, 0.2993
14: 1373.08, 1033.97, 0.3057
15: 1593.68, 1080.00, 0.0282
16: 1337.56, 1080.00, 0.0306

Frame: 383, Person: 0
0: 1425.42, 304.15, 0.9951
1: 1452.98, 270.56, 0.9912
2: 1400.23, 274.69, 0.9737
3: 1513.27, 267.80, 0.9324
4: 1380.04, 277.75, 0.5499
5: 1597.47, 412.73, 0.9900
6: 1336.51, 428.32, 0.9921
7: 1707.66, 580.07, 0.9430
8: 1198.25, 581.71, 0.9450
9: 1530.09, 560.74, 0.9459
10: 1322.42, 434.66, 0.9469
11: 1544.16, 858.52, 0.9425
12: 1367.67, 859.85, 0.9460
13: 1561.73, 1039.87, 0.2150
14: 1365.68, 1031.41, 0.2247
15: 1584.24, 1080.00, 0.0187
16: 1323.26, 1080.00, 0.0207

Frame: 384, Person: 0
0: 1426.54, 303.26, 0.9951
1: 1454.50, 269.91, 0.9907
2: 1400.81, 273.88, 0.9746
3: 1513.02, 268.03, 0.9236
4: 1377.83, 277.33, 0.5596
5: 1594.62, 414.58, 0.9899
6: 1336.16, 422.27, 0.9915
7: 1703.96, 603.18, 0.9423
8: 1206.21, 577.70, 0.9415
9: 1517.97, 599.87, 0.9402
10: 1314.65, 418.01, 0.9418
11: 1536.33, 862.82, 0.9354
12: 1360.66, 859.59, 0.9382
13: 1556.34, 1048.30, 0.1790
14: 1356.52, 1035.55, 0.1847
15: 1582.61, 1080.00, 0.0146
16: 1313.98, 1080.00, 0.0157

Frame: 385, Person: 0
0: 1427.24, 300.99, 0.9951
1: 1455.55, 268.09, 0.9899
2: 1401.47, 272.40, 0.9768
3: 1512.52, 268.36, 0.9160
4: 1378.08, 278.39, 0.6168
5: 1597.16, 416.35, 0.9893
6: 1329.28, 429.64, 0.9927
7: 1689.23, 613.53, 0.9312
8: 1213.27, 591.00, 0.9457
9: 1535.79, 642.94, 0.9192
10: 1290.92, 417.94, 0.9380
11: 1538.11, 861.32, 0.9235
12: 1357.55, 861.01, 0.9339
13: 1561.97, 1042.02, 0.1417
14: 1354.44, 1041.38, 0.1607
15: 1557.25, 1080.00, 0.0113
16: 1312.62, 1080.00, 0.0130

Frame: 386, Person: 0
0: 1429.29, 300.43, 0.9950
1: 1456.99, 267.48, 0.9896
2: 1403.64, 272.53, 0.9768
3: 1513.38, 266.82, 0.9150
4: 1380.97, 278.74, 0.6343
5: 1600.55, 417.62, 0.9886
6: 1329.66, 431.99, 0.9931
7: 1674.49, 622.95, 0.9223
8: 1223.21, 586.98, 0.9469
9: 1543.45, 690.74, 0.8980
10: 1269.83, 401.34, 0.9326
11: 1538.69, 862.18, 0.9137
12: 1356.43, 862.11, 0.9301
13: 1557.91, 1043.41, 0.1160
14: 1345.01, 1051.76, 0.1396
15: 1535.76, 1080.00, 0.0090
16: 1307.65, 1080.00, 0.0108

Frame: 387, Person: 0
0: 1430.30, 301.67, 0.9951
1: 1458.58, 268.48, 0.9897
2: 1404.55, 272.96, 0.9772
3: 1515.70, 266.59, 0.9173
4: 1381.67, 277.41, 0.6492
5: 1601.25, 419.79, 0.9886
6: 1331.26, 432.14, 0.9942
7: 1661.41, 632.68, 0.9175
8: 1227.35, 586.88, 0.9534
9: 1544.49, 737.41, 0.8847
10: 1257.90, 408.91, 0.9352
11: 1541.18, 857.66, 0.9125
12: 1360.23, 856.50, 0.9349
13: 1550.72, 1033.69, 0.1164
14: 1340.86, 1045.20, 0.1501
15: 1521.01, 1080.00, 0.0095
16: 1310.13, 1080.00, 0.0119

Frame: 388, Person: 0
0: 1432.42, 301.47, 0.9950
1: 1460.45, 268.09, 0.9892
2: 1406.12, 273.02, 0.9773
3: 1516.43, 266.57, 0.9123
4: 1382.47, 278.37, 0.6632
5: 1599.47, 421.85, 0.9883
6: 1333.84, 431.62, 0.9942
7: 1654.97, 644.86, 0.9123
8: 1229.88, 585.12, 0.9537
9: 1553.67, 777.89, 0.8673
10: 1251.66, 398.07, 0.9319
11: 1536.11, 852.42, 0.8949
12: 1358.66, 850.03, 0.9236
13: 1544.44, 1010.55, 0.0994
14: 1337.16, 1024.79, 0.1328
15: 1508.47, 1067.73, 0.0085
16: 1302.72, 1063.49, 0.0110

Frame: 389, Person: 0
0: 1434.16, 302.49, 0.9950
1: 1461.46, 269.53, 0.9888
2: 1408.38, 274.14, 0.9779
3: 1515.58, 267.26, 0.9052
4: 1384.66, 278.00, 0.6806
5: 1598.72, 422.85, 0.9893
6: 1332.15, 430.93, 0.9944
7: 1653.65, 648.49, 0.9190
8: 1232.06, 584.76, 0.9539
9: 1573.67, 798.64, 0.8656
10: 1245.60, 404.29, 0.9291
11: 1536.87, 861.21, 0.9076
12: 1359.20, 859.32, 0.9305
13: 1556.31, 1021.97, 0.1057
14: 1347.60, 1038.79, 0.1372
15: 1518.00, 1078.17, 0.0090
16: 1317.56, 1077.38, 0.0112

Frame: 390, Person: 0
0: 1434.86, 303.18, 0.9952
1: 1461.96, 270.11, 0.9887
2: 1408.86, 274.75, 0.9785
3: 1515.47, 267.55, 0.9017
4: 1384.82, 278.12, 0.6903
5: 1598.15, 424.83, 0.9898
6: 1332.79, 429.69, 0.9947
7: 1651.11, 655.70, 0.9224
8: 1236.72, 581.49, 0.9573
9: 1584.95, 816.78, 0.8648
10: 1248.30, 397.72, 0.9318
11: 1536.70, 869.91, 0.9166
12: 1359.74, 867.02, 0.9382
13: 1557.35, 1030.95, 0.1121
14: 1347.86, 1048.55, 0.1471
15: 1518.21, 1080.00, 0.0095
16: 1318.98, 1080.00, 0.0119

Frame: 391, Person: 0
0: 1434.52, 302.35, 0.9949
1: 1461.03, 269.81, 0.9881
2: 1408.48, 274.63, 0.9783
3: 1512.52, 269.22, 0.8916
4: 1382.91, 279.67, 0.7006
5: 1596.12, 427.75, 0.9896
6: 1327.38, 433.50, 0.9937
7: 1653.07, 659.17, 0.9180
8: 1230.87, 591.15, 0.9460
9: 1595.65, 815.54, 0.8519
10: 1256.00, 402.16, 0.9166
11: 1537.43, 872.87, 0.9064
12: 1359.01, 871.43, 0.9250
13: 1560.33, 1048.89, 0.0932
14: 1353.81, 1068.54, 0.1154
15: 1516.54, 1080.00, 0.0075
16: 1321.08, 1080.00, 0.0089

Frame: 392, Person: 0
0: 1432.57, 301.82, 0.9949
1: 1458.96, 268.93, 0.9879
2: 1405.48, 274.20, 0.9779
3: 1510.38, 268.62, 0.8884
4: 1378.18, 279.92, 0.6996
5: 1592.16, 426.99, 0.9904
6: 1326.27, 431.79, 0.9934
7: 1652.02, 654.89, 0.9255
8: 1232.90, 591.16, 0.9444
9: 1598.54, 819.77, 0.8645
10: 1280.82, 425.00, 0.9171
11: 1536.95, 863.15, 0.9175
12: 1360.79, 862.12, 0.9304
13: 1562.01, 1036.89, 0.1163
14: 1362.45, 1055.92, 0.1374
15: 1517.90, 1080.00, 0.0099
16: 1327.74, 1080.00, 0.0114

Frame: 393, Person: 0
0: 1429.92, 300.41, 0.9946
1: 1456.74, 267.08, 0.9873
2: 1401.89, 272.24, 0.9767
3: 1508.13, 266.59, 0.8785
4: 1372.18, 277.09, 0.6914
5: 1587.39, 419.67, 0.9910
6: 1323.89, 425.07, 0.9928
7: 1655.12, 642.19, 0.9353
8: 1243.37, 577.09, 0.9451
9: 1599.72, 819.22, 0.8800
10: 1332.43, 395.50, 0.9219
11: 1540.70, 859.17, 0.9229
12: 1364.76, 859.96, 0.9308
13: 1574.37, 1019.75, 0.1245
14: 1376.98, 1041.12, 0.1414
15: 1530.36, 1075.35, 0.0109
16: 1338.15, 1078.92, 0.0121

Frame: 394, Person: 0
0: 1429.40, 301.07, 0.9945
1: 1455.28, 267.09, 0.9872
2: 1400.91, 273.45, 0.9766
3: 1506.52, 265.36, 0.8769
4: 1370.77, 278.98, 0.6946
5: 1586.90, 417.80, 0.9910
6: 1321.64, 431.10, 0.9927
7: 1656.45, 638.30, 0.9358
8: 1244.92, 592.67, 0.9423
9: 1598.85, 812.34, 0.8836
10: 1340.88, 416.60, 0.9203
11: 1543.68, 849.52, 0.9244
12: 1365.67, 854.29, 0.9305
13: 1585.93, 1010.39, 0.1380
14: 1379.92, 1036.45, 0.1533
15: 1548.47, 1065.94, 0.0125
16: 1343.01, 1073.71, 0.0137

Frame: 395, Person: 0
0: 1429.23, 299.63, 0.9946
1: 1454.61, 265.78, 0.9873
2: 1400.99, 272.53, 0.9767
3: 1505.57, 264.65, 0.8793
4: 1371.41, 279.25, 0.6938
5: 1586.51, 417.18, 0.9912
6: 1321.66, 432.48, 0.9929
7: 1658.34, 635.70, 0.9378
8: 1243.05, 596.09, 0.9438
9: 1593.54, 807.75, 0.8890
10: 1345.20, 424.45, 0.9231
11: 1543.86, 852.04, 0.9278
12: 1365.65, 857.65, 0.9335
13: 1588.88, 1011.54, 0.1448
14: 1380.53, 1037.54, 0.1603
15: 1556.16, 1070.52, 0.0132
16: 1342.73, 1077.67, 0.0144

Frame: 396, Person: 0
0: 1428.28, 297.69, 0.9947
1: 1454.07, 264.51, 0.9875
2: 1400.52, 271.13, 0.9773
3: 1505.66, 264.47, 0.8859
4: 1372.43, 278.87, 0.6990
5: 1587.52, 415.72, 0.9914
6: 1322.23, 431.04, 0.9936
7: 1658.85, 637.62, 0.9368
8: 1243.82, 600.95, 0.9490
9: 1592.22, 806.86, 0.8876
10: 1341.48, 438.77, 0.9267
11: 1541.66, 845.41, 0.9308
12: 1363.82, 850.35, 0.9392
13: 1584.67, 1008.10, 0.1523
14: 1378.18, 1032.24, 0.1754
15: 1550.47, 1068.52, 0.0140
16: 1341.56, 1074.53, 0.0159

Frame: 397, Person: 0
0: 1426.02, 296.75, 0.9946
1: 1452.40, 263.99, 0.9881
2: 1398.92, 270.36, 0.9759
3: 1505.69, 265.10, 0.8994
4: 1373.36, 279.07, 0.6771
5: 1588.46, 416.83, 0.9914
6: 1323.00, 431.86, 0.9937
7: 1657.62, 641.40, 0.9372
8: 1239.06, 607.86, 0.9484
9: 1586.16, 802.21, 0.8890
10: 1333.44, 452.69, 0.9253
11: 1540.01, 846.29, 0.9286
12: 1362.23, 850.63, 0.9372
13: 1582.01, 1005.19, 0.1498
14: 1375.03, 1027.24, 0.1725
15: 1549.09, 1066.89, 0.0139
16: 1337.64, 1071.60, 0.0159

Frame: 398, Person: 0
0: 1426.25, 296.07, 0.9947
1: 1452.72, 263.42, 0.9881
2: 1399.37, 269.44, 0.9761
3: 1505.76, 265.11, 0.8995
4: 1374.04, 278.46, 0.6791
5: 1588.36, 417.60, 0.9914
6: 1322.11, 433.85, 0.9937
7: 1657.10, 642.05, 0.9364
8: 1233.50, 616.97, 0.9476
9: 1584.54, 792.49, 0.8901
10: 1324.79, 467.46, 0.9247
11: 1537.25, 847.29, 0.9258
12: 1359.87, 851.78, 0.9348
13: 1572.31, 1006.62, 0.1459
14: 1369.52, 1027.88, 0.1674
15: 1535.76, 1070.79, 0.0133
16: 1330.86, 1074.78, 0.0151

Frame: 399, Person: 0
0: 1426.68, 295.51, 0.9947
1: 1453.12, 262.96, 0.9882
2: 1399.87, 269.02, 0.9759
3: 1505.93, 265.10, 0.9015
4: 1374.28, 278.65, 0.6789
5: 1589.11, 418.28, 0.9916
6: 1320.14, 435.53, 0.9938
7: 1656.44, 641.91, 0.9369
8: 1230.18, 619.74, 0.9472
9: 1581.94, 788.29, 0.8915
10: 1321.28, 469.72, 0.9242
11: 1536.64, 848.14, 0.9277
12: 1357.53, 852.91, 0.9363
13: 1567.46, 1009.19, 0.1498
14: 1362.55, 1030.91, 0.1702
15: 1530.40, 1074.38, 0.0136
16: 1325.32, 1078.79, 0.0153

Frame: 400, Person: 0
0: 1426.71, 294.34, 0.9946
1: 1453.14, 261.95, 0.9883
2: 1400.25, 267.94, 0.9753
3: 1506.01, 265.00, 0.9043
4: 1375.28, 278.46, 0.6734
5: 1589.44, 419.59, 0.9915
6: 1319.34, 437.03, 0.9937
7: 1656.36, 642.87, 0.9366
8: 1225.48, 624.04, 0.9457
9: 1579.12, 782.28, 0.8920
10: 1314.72, 478.69, 0.9223
11: 1534.57, 848.75, 0.9236
12: 1354.51, 853.47, 0.9321
13: 1565.92, 1006.14, 0.1426
14: 1357.46, 1027.04, 0.1608
15: 1531.40, 1071.64, 0.0129
16: 1320.47, 1075.91, 0.0145

Frame: 401, Person: 0
0: 1426.15, 292.87, 0.9945
1: 1453.22, 261.11, 0.9885
2: 1400.39, 266.52, 0.9741
3: 1507.16, 265.63, 0.9111
4: 1377.10, 277.81, 0.6561
5: 1590.46, 421.61, 0.9911
6: 1322.72, 436.24, 0.9933
7: 1655.22, 643.87, 0.9333
8: 1228.64, 620.03, 0.9429
9: 1578.99, 779.51, 0.8867
10: 1306.99, 480.07, 0.9176
11: 1532.57, 846.85, 0.9148
12: 1354.54, 849.52, 0.9247
13: 1557.62, 1004.51, 0.1266
14: 1354.09, 1022.45, 0.1435
15: 1522.13, 1065.97, 0.0113
16: 1319.82, 1068.44, 0.0128

Frame: 402, Person: 0
0: 1426.32, 290.65, 0.9941
1: 1453.81, 259.74, 0.9883
2: 1401.51, 264.20, 0.9723
3: 1507.79, 265.77, 0.9149
4: 1378.66, 275.52, 0.6460
5: 1592.65, 423.61, 0.9912
6: 1318.44, 436.15, 0.9928
7: 1654.77, 645.44, 0.9337
8: 1221.59, 622.03, 0.9348
9: 1577.69, 777.35, 0.8850
10: 1301.96, 492.21, 0.9068
11: 1535.25, 848.08, 0.9167
12: 1353.70, 850.49, 0.9223
13: 1560.64, 1014.99, 0.1276
14: 1356.97, 1031.64, 0.1375
15: 1523.26, 1076.19, 0.0112
16: 1329.04, 1077.20, 0.0122

Frame: 403, Person: 0
0: 1427.62, 289.50, 0.9944
1: 1455.72, 258.70, 0.9883
2: 1402.92, 262.60, 0.9747
3: 1509.31, 265.38, 0.9114
4: 1379.23, 273.92, 0.6676
5: 1593.38, 424.30, 0.9911
6: 1314.37, 435.93, 0.9933
7: 1654.60, 647.54, 0.9314
8: 1218.09, 626.80, 0.9393
9: 1572.42, 769.71, 0.8838
10: 1290.95, 508.85, 0.9104
11: 1529.92, 851.33, 0.9126
12: 1344.84, 853.14, 0.9218
13: 1559.29, 1017.32, 0.1179
14: 1347.85, 1031.69, 0.1314
15: 1523.32, 1080.00, 0.0102
16: 1323.86, 1079.75, 0.0113

Frame: 404, Person: 0
0: 1427.35, 287.05, 0.9943
1: 1456.36, 257.02, 0.9887
2: 1403.34, 260.44, 0.9734
3: 1510.92, 266.24, 0.9206
4: 1381.24, 273.87, 0.6453
5: 1595.36, 426.09, 0.9910
6: 1316.45, 436.72, 0.9932
7: 1652.14, 646.53, 0.9314
8: 1220.53, 628.49, 0.9373
9: 1561.55, 741.68, 0.8880
10: 1275.56, 525.94, 0.9065
11: 1528.44, 852.67, 0.9150
12: 1343.75, 852.99, 0.9233
13: 1548.33, 1023.69, 0.1219
14: 1338.38, 1033.45, 0.1334
15: 1513.43, 1080.00, 0.0103
16: 1320.23, 1080.00, 0.0114

Frame: 405, Person: 0
0: 1428.65, 286.72, 0.9943
1: 1457.57, 256.53, 0.9887
2: 1404.43, 260.16, 0.9733
3: 1511.90, 266.07, 0.9211
4: 1381.75, 274.31, 0.6373
5: 1595.50, 428.03, 0.9909
6: 1317.99, 438.10, 0.9929
7: 1647.68, 645.76, 0.9326
8: 1224.39, 628.36, 0.9343
9: 1549.09, 718.37, 0.8941
10: 1268.58, 537.26, 0.9041
11: 1528.97, 853.69, 0.9206
12: 1344.19, 853.80, 0.9264
13: 1551.45, 1027.50, 0.1361
14: 1336.42, 1034.94, 0.1442
15: 1522.21, 1080.00, 0.0117
16: 1321.32, 1080.00, 0.0127

Frame: 406, Person: 0
0: 1430.13, 285.15, 0.9944
1: 1459.38, 255.34, 0.9888
2: 1406.38, 258.05, 0.9740
3: 1512.97, 266.07, 0.9202
4: 1383.43, 272.20, 0.6366
5: 1595.84, 429.64, 0.9912
6: 1317.08, 437.31, 0.9929
7: 1645.53, 646.89, 0.9353
8: 1225.25, 632.13, 0.9347
9: 1542.03, 681.63, 0.9039
10: 1261.87, 551.78, 0.9063
11: 1530.51, 856.97, 0.9274
12: 1344.65, 856.57, 0.9314
13: 1555.46, 1033.08, 0.1536
14: 1337.72, 1035.99, 0.1587
15: 1532.18, 1080.00, 0.0132
16: 1330.43, 1080.00, 0.0140

Frame: 407, Person: 0
0: 1432.41, 282.98, 0.9942
1: 1461.18, 253.41, 0.9886
2: 1408.46, 256.35, 0.9728
3: 1513.52, 265.20, 0.9190
4: 1384.68, 271.81, 0.6281
5: 1594.51, 430.53, 0.9910
6: 1317.06, 436.05, 0.9920
7: 1641.57, 646.79, 0.9360
8: 1222.15, 631.14, 0.9253
9: 1540.91, 662.38, 0.9062
10: 1261.55, 560.28, 0.8966
11: 1531.14, 855.52, 0.9268
12: 1345.88, 855.24, 0.9265
13: 1558.43, 1034.77, 0.1584
14: 1339.17, 1036.21, 0.1544
15: 1544.83, 1080.00, 0.0138
16: 1336.86, 1080.00, 0.0140

Frame: 408, Person: 0
0: 1433.84, 281.51, 0.9945
1: 1463.04, 251.86, 0.9886
2: 1409.22, 254.42, 0.9752
3: 1514.42, 264.99, 0.9151
4: 1384.06, 270.89, 0.6441
5: 1591.62, 432.03, 0.9907
6: 1318.48, 434.02, 0.9922
7: 1640.92, 645.33, 0.9351
8: 1226.42, 627.32, 0.9302
9: 1547.24, 635.82, 0.9119
10: 1258.71, 564.39, 0.9048
11: 1524.42, 852.33, 0.9294
12: 1342.00, 850.51, 0.9310
13: 1551.24, 1033.78, 0.1738
14: 1333.83, 1031.19, 0.1729
15: 1545.44, 1080.00, 0.0153
16: 1336.05, 1080.00, 0.0157

Frame: 409, Person: 0
0: 1435.62, 280.77, 0.9947
1: 1465.03, 251.20, 0.9884
2: 1410.70, 253.20, 0.9766
3: 1515.26, 265.14, 0.9093
4: 1384.10, 269.56, 0.6553
5: 1589.77, 434.53, 0.9909
6: 1318.47, 429.33, 0.9921
7: 1636.50, 648.74, 0.9384
8: 1230.78, 620.02, 0.9322
9: 1544.58, 619.42, 0.9186
10: 1256.02, 576.61, 0.9081
11: 1520.73, 854.86, 0.9352
12: 1338.50, 850.67, 0.9356
13: 1557.68, 1040.42, 0.1878
14: 1334.79, 1032.44, 0.1843
15: 1559.93, 1080.00, 0.0164
16: 1342.06, 1080.00, 0.0166

Frame: 410, Person: 0
0: 1436.27, 279.07, 0.9944
1: 1465.94, 249.67, 0.9884
2: 1411.19, 251.67, 0.9750
3: 1516.41, 264.83, 0.9125
4: 1384.71, 269.27, 0.6390
5: 1588.91, 434.99, 0.9910
6: 1319.42, 428.79, 0.9915
7: 1633.39, 645.60, 0.9419
8: 1231.84, 616.48, 0.9272
9: 1544.49, 608.15, 0.9251
10: 1260.98, 575.63, 0.9061
11: 1519.54, 851.18, 0.9392
12: 1339.01, 847.30, 0.9363
13: 1559.52, 1039.03, 0.2076
14: 1342.59, 1031.13, 0.1954
15: 1564.87, 1080.00, 0.0184
16: 1354.73, 1080.00, 0.0181

Frame: 411, Person: 0
0: 1437.43, 278.76, 0.9944
1: 1467.35, 248.89, 0.9883
2: 1412.09, 250.75, 0.9751
3: 1517.85, 263.96, 0.9109
4: 1385.22, 268.18, 0.6425
5: 1589.51, 436.24, 0.9906
6: 1318.65, 430.95, 0.9913
7: 1633.03, 646.95, 0.9390
8: 1232.01, 621.30, 0.9255
9: 1547.24, 601.39, 0.9239
10: 1262.86, 574.82, 0.9058
11: 1518.70, 854.18, 0.9341
12: 1337.58, 850.93, 0.9317
13: 1557.60, 1035.55, 0.2008
14: 1341.26, 1028.65, 0.1902
15: 1561.98, 1080.00, 0.0180
16: 1355.90, 1080.00, 0.0178

Frame: 412, Person: 0
0: 1438.24, 277.30, 0.9943
1: 1468.20, 248.04, 0.9880
2: 1413.31, 249.28, 0.9745
3: 1518.03, 264.35, 0.9087
4: 1386.43, 267.04, 0.6368
5: 1589.07, 436.76, 0.9907
6: 1319.02, 429.19, 0.9908
7: 1633.30, 647.60, 0.9404
8: 1232.99, 619.97, 0.9212
9: 1548.99, 594.50, 0.9250
10: 1263.06, 575.70, 0.9014
11: 1518.18, 854.73, 0.9334
12: 1337.65, 850.64, 0.9285
13: 1558.01, 1036.58, 0.1971
14: 1342.88, 1027.60, 0.1815
15: 1563.00, 1080.00, 0.0175
16: 1358.06, 1080.00, 0.0169

Frame: 413, Person: 0
0: 1438.52, 276.26, 0.9941
1: 1468.53, 247.22, 0.9880
2: 1413.33, 248.72, 0.9736
3: 1518.43, 265.00, 0.9111
4: 1386.52, 268.38, 0.6277
5: 1589.67, 438.15, 0.9907
6: 1320.04, 430.71, 0.9903
7: 1634.19, 649.06, 0.9407
8: 1232.96, 621.66, 0.9171
9: 1551.60, 589.80, 0.9255
10: 1264.23, 573.16, 0.8979
11: 1518.04, 852.94, 0.9310
12: 1338.21, 848.84, 0.9243
13: 1555.98, 1034.42, 0.1922
14: 1343.40, 1025.46, 0.1737
15: 1560.04, 1080.00, 0.0169
16: 1357.10, 1080.00, 0.0161

Frame: 414, Person: 0
0: 1439.67, 272.21, 0.9933
1: 1467.81, 245.92, 0.9806
2: 1416.37, 245.65, 0.9729
3: 1514.29, 265.61, 0.8540
4: 1388.55, 265.09, 0.6763
5: 1585.03, 426.89, 0.9899
6: 1326.07, 417.74, 0.9918
7: 1633.61, 644.53, 0.9476
8: 1244.14, 617.54, 0.9556
9: 1551.47, 579.57, 0.9330
10: 1259.45, 572.61, 0.9369
11: 1525.46, 837.99, 0.9455
12: 1350.89, 831.72, 0.9511
13: 1535.55, 1080.00, 0.2704
14: 1341.75, 1080.00, 0.2856
15: 1535.91, 1080.00, 0.0191
16: 1354.10, 1080.00, 0.0203

Frame: 415, Person: 0
0: 1439.60, 273.89, 0.9944
1: 1469.79, 245.10, 0.9879
2: 1414.07, 246.18, 0.9747
3: 1518.21, 264.72, 0.9041
4: 1385.47, 267.55, 0.6376
5: 1588.48, 435.40, 0.9908
6: 1320.17, 434.30, 0.9905
7: 1639.26, 647.58, 0.9417
8: 1235.02, 636.86, 0.9184
9: 1545.32, 568.95, 0.9292
10: 1263.01, 570.30, 0.9021
11: 1521.37, 853.95, 0.9298
12: 1342.41, 851.95, 0.9228
13: 1554.86, 1033.45, 0.1919
14: 1344.22, 1024.93, 0.1724
15: 1559.31, 1080.00, 0.0163
16: 1353.39, 1080.00, 0.0155

Frame: 416, Person: 0
0: 1440.31, 272.49, 0.9946
1: 1469.62, 243.38, 0.9880
2: 1414.12, 245.48, 0.9760
3: 1517.82, 262.93, 0.9027
4: 1385.76, 268.22, 0.6491
5: 1587.42, 434.64, 0.9904
6: 1324.21, 433.70, 0.9911
7: 1639.90, 645.90, 0.9385
8: 1233.25, 633.54, 0.9250
9: 1544.23, 560.25, 0.9293
10: 1269.07, 557.50, 0.9117
11: 1520.49, 851.16, 0.9278
12: 1344.90, 849.17, 0.9249
13: 1552.79, 1032.22, 0.1895
14: 1346.95, 1023.66, 0.1785
15: 1560.40, 1080.00, 0.0160
16: 1349.64, 1080.00, 0.0158

Frame: 417, Person: 0
0: 1439.93, 271.35, 0.9947
1: 1469.50, 242.35, 0.9879
2: 1413.71, 244.60, 0.9771
3: 1517.88, 261.97, 0.9019
4: 1385.92, 267.63, 0.6598
5: 1586.34, 431.12, 0.9901
6: 1325.14, 432.32, 0.9917
7: 1638.81, 640.58, 0.9363
8: 1236.24, 632.30, 0.9321
9: 1546.99, 542.25, 0.9288
10: 1270.13, 539.37, 0.9194
11: 1519.96, 850.77, 0.9289
12: 1345.38, 849.60, 0.9298
13: 1553.34, 1033.59, 0.1867
14: 1347.18, 1026.29, 0.1841
15: 1561.59, 1080.00, 0.0154
16: 1348.35, 1080.00, 0.0157

Frame: 418, Person: 0
0: 1439.55, 270.95, 0.9947
1: 1469.20, 242.09, 0.9880
2: 1413.35, 244.31, 0.9774
3: 1517.92, 261.75, 0.9019
4: 1386.28, 267.34, 0.6617
5: 1584.13, 429.55, 0.9896
6: 1328.27, 430.71, 0.9918
7: 1638.15, 633.65, 0.9342
8: 1238.45, 626.07, 0.9353
9: 1551.21, 534.16, 0.9279
10: 1272.90, 532.19, 0.9229
11: 1518.59, 851.08, 0.9276
12: 1347.41, 849.87, 0.9308
13: 1551.43, 1037.91, 0.1767
14: 1350.25, 1030.34, 0.1792
15: 1562.93, 1080.00, 0.0142
16: 1350.23, 1080.00, 0.0149

Frame: 419, Person: 0
0: 1440.31, 270.11, 0.9949
1: 1469.70, 241.26, 0.9879
2: 1414.08, 243.56, 0.9787
3: 1518.22, 260.55, 0.8984
4: 1387.05, 266.25, 0.6736
5: 1584.04, 427.75, 0.9894
6: 1330.58, 426.81, 0.9924
7: 1639.36, 633.81, 0.9324
8: 1239.54, 620.85, 0.9413
9: 1554.82, 533.44, 0.9264
10: 1274.20, 522.80, 0.9285
11: 1517.18, 846.29, 0.9272
12: 1346.86, 843.78, 0.9338
13: 1549.57, 1035.82, 0.1726
14: 1344.84, 1026.77, 0.1824
15: 1563.16, 1080.00, 0.0136
16: 1339.43, 1080.00, 0.0147

Frame: 420, Person: 0
0: 1441.63, 269.47, 0.9952
1: 1470.54, 240.74, 0.9879
2: 1415.14, 243.25, 0.9808
3: 1518.04, 259.83, 0.8938
4: 1387.53, 266.03, 0.7020
5: 1582.99, 426.35, 0.9891
6: 1330.11, 425.51, 0.9934
7: 1636.74, 629.22, 0.9286
8: 1236.81, 618.42, 0.9501
9: 1555.91, 516.40, 0.9255
10: 1277.40, 518.28, 0.9376
11: 1519.23, 845.28, 0.9319
12: 1349.25, 843.39, 0.9431
13: 1550.48, 1042.40, 0.1796
14: 1346.10, 1033.49, 0.2027
15: 1566.80, 1080.00, 0.0140
16: 1341.52, 1080.00, 0.0159

Frame: 421, Person: 0
0: 1442.92, 268.96, 0.9953
1: 1471.42, 240.28, 0.9877
2: 1416.16, 243.06, 0.9813
3: 1518.08, 259.18, 0.8890
4: 1388.11, 266.01, 0.7090
5: 1580.70, 424.04, 0.9892
6: 1331.23, 423.60, 0.9936
7: 1634.66, 624.48, 0.9299
8: 1235.90, 617.43, 0.9524
9: 1555.42, 494.57, 0.9292
10: 1284.79, 508.83, 0.9417
11: 1517.96, 844.29, 0.9370
12: 1350.26, 842.97, 0.9478
13: 1547.73, 1048.66, 0.1907
14: 1347.94, 1039.70, 0.2161
15: 1567.34, 1080.00, 0.0145
16: 1341.37, 1080.00, 0.0166

Frame: 422, Person: 0
0: 1442.88, 268.44, 0.9952
1: 1471.92, 239.78, 0.9880
2: 1415.99, 242.31, 0.9806
3: 1519.53, 259.48, 0.8943
4: 1387.78, 265.57, 0.6962
5: 1582.96, 425.91, 0.9892
6: 1330.19, 422.35, 0.9933
7: 1639.62, 627.10, 0.9307
8: 1231.92, 614.64, 0.9504
9: 1556.87, 489.97, 0.9315
10: 1292.68, 501.70, 0.9411
11: 1518.91, 845.40, 0.9357
12: 1349.14, 842.81, 0.9456
13: 1547.77, 1047.19, 0.1899
14: 1347.16, 1035.69, 0.2120
15: 1570.33, 1080.00, 0.0145
16: 1341.74, 1080.00, 0.0164

Frame: 423, Person: 0
0: 1443.91, 267.95, 0.9953
1: 1472.64, 239.70, 0.9876
2: 1417.01, 241.90, 0.9815
3: 1518.84, 259.68, 0.8865
4: 1387.81, 265.05, 0.7122
5: 1580.39, 424.64, 0.9890
6: 1329.99, 421.13, 0.9934
7: 1638.71, 622.87, 0.9292
8: 1232.73, 611.61, 0.9513
9: 1562.94, 481.27, 0.9306
10: 1291.62, 493.88, 0.9424
11: 1519.95, 842.24, 0.9356
12: 1351.74, 840.20, 0.9463
13: 1550.64, 1046.82, 0.1896
14: 1351.50, 1035.85, 0.2138
15: 1576.05, 1080.00, 0.0144
16: 1347.81, 1080.00, 0.0163

Frame: 424, Person: 0
0: 1444.63, 268.12, 0.9953
1: 1473.99, 239.79, 0.9871
2: 1417.74, 241.32, 0.9819
3: 1519.70, 258.28, 0.8737
4: 1387.22, 261.92, 0.7196
5: 1577.93, 416.69, 0.9892
6: 1329.21, 415.98, 0.9932
7: 1636.30, 612.27, 0.9322
8: 1235.85, 612.23, 0.9518
9: 1557.22, 458.24, 0.9333
10: 1295.97, 487.39, 0.9435
11: 1521.42, 839.19, 0.9400
12: 1353.68, 838.65, 0.9491
13: 1554.45, 1050.79, 0.1944
14: 1355.98, 1040.47, 0.2159
15: 1579.08, 1080.00, 0.0141
16: 1349.59, 1080.00, 0.0158

Frame: 425, Person: 0
0: 1443.42, 268.42, 0.9954
1: 1472.68, 240.08, 0.9875
2: 1416.72, 241.91, 0.9818
3: 1519.60, 256.67, 0.8773
4: 1388.10, 260.80, 0.7140
5: 1576.57, 408.40, 0.9896
6: 1334.36, 408.85, 0.9937
7: 1633.12, 600.09, 0.9370
8: 1237.57, 604.88, 0.9578
9: 1561.31, 444.13, 0.9376
10: 1303.13, 480.86, 0.9494
11: 1525.72, 831.76, 0.9515
12: 1361.88, 831.99, 0.9598
13: 1556.24, 1057.69, 0.2258
14: 1361.96, 1048.28, 0.2544
15: 1582.08, 1080.00, 0.0162
16: 1348.48, 1080.00, 0.0185

Frame: 426, Person: 0
0: 1442.56, 268.13, 0.9954
1: 1471.80, 239.76, 0.9877
2: 1415.75, 241.50, 0.9813
3: 1518.85, 256.55, 0.8806
4: 1387.10, 260.38, 0.7079
5: 1575.05, 408.83, 0.9901
6: 1333.55, 408.49, 0.9937
7: 1632.38, 601.89, 0.9410
8: 1236.82, 605.69, 0.9575
9: 1566.81, 441.78, 0.9426
10: 1315.40, 470.74, 0.9511
11: 1525.96, 829.23, 0.9576
12: 1362.43, 829.75, 0.9638
13: 1556.58, 1060.25, 0.2647
14: 1362.07, 1051.84, 0.2902
15: 1585.46, 1080.00, 0.0197
16: 1347.27, 1080.00, 0.0221

Frame: 427, Person: 0
0: 1441.25, 267.26, 0.9950
1: 1470.86, 239.34, 0.9878
2: 1414.93, 240.89, 0.9789
3: 1518.80, 257.56, 0.8900
4: 1386.80, 260.89, 0.6812
5: 1577.04, 411.65, 0.9901
6: 1328.84, 412.46, 0.9927
7: 1635.88, 602.06, 0.9422
8: 1235.49, 610.80, 0.9486
9: 1568.99, 443.78, 0.9429
10: 1327.96, 479.02, 0.9427
11: 1527.11, 831.48, 0.9542
12: 1359.46, 833.02, 0.9576
13: 1559.45, 1057.99, 0.2522
14: 1363.17, 1050.75, 0.2615
15: 1590.38, 1080.00, 0.0190
16: 1357.97, 1080.00, 0.0203

Frame: 428, Person: 0
0: 1437.61, 267.00, 0.9942
1: 1468.24, 239.37, 0.9885
2: 1412.28, 240.90, 0.9723
3: 1519.76, 259.37, 0.9144
4: 1387.65, 262.47, 0.6008
5: 1578.92, 418.22, 0.9903
6: 1328.90, 416.77, 0.9903
7: 1635.35, 602.59, 0.9478
8: 1234.92, 606.14, 0.9305
9: 1570.23, 449.24, 0.9469
10: 1331.46, 483.15, 0.9273
11: 1522.60, 841.37, 0.9529
12: 1353.65, 841.93, 0.9491
13: 1555.67, 1061.28, 0.2493
14: 1359.60, 1053.55, 0.2300
15: 1592.06, 1080.00, 0.0194
16: 1363.48, 1080.00, 0.0188

Frame: 429, Person: 0
0: 1434.70, 267.03, 0.9940
1: 1465.74, 239.67, 0.9889
2: 1410.69, 240.38, 0.9701
3: 1518.90, 260.29, 0.9225
4: 1388.35, 261.13, 0.5725
5: 1582.77, 422.59, 0.9904
6: 1328.54, 417.33, 0.9899
7: 1642.36, 611.72, 0.9475
8: 1235.49, 608.08, 0.9252
9: 1566.00, 466.43, 0.9463
10: 1339.34, 495.95, 0.9220
11: 1525.76, 848.95, 0.9488
12: 1354.55, 847.23, 0.9434
13: 1555.19, 1059.65, 0.2352
14: 1360.55, 1047.47, 0.2134
15: 1588.92, 1080.00, 0.0186
16: 1368.22, 1080.00, 0.0180

Frame: 430, Person: 0
0: 1432.56, 266.45, 0.9941
1: 1463.82, 239.72, 0.9890
2: 1408.97, 240.24, 0.9716
3: 1517.34, 262.09, 0.9261
4: 1387.08, 262.49, 0.5912
5: 1585.65, 426.51, 0.9904
6: 1324.52, 420.62, 0.9910
7: 1646.55, 619.10, 0.9435
8: 1235.34, 610.41, 0.9301
9: 1564.96, 497.23, 0.9406
10: 1339.93, 509.31, 0.9224
11: 1525.52, 848.04, 0.9478
12: 1350.57, 845.40, 0.9457
13: 1553.26, 1057.66, 0.2334
14: 1356.79, 1045.08, 0.2226
15: 1579.08, 1080.00, 0.0191
16: 1367.88, 1080.00, 0.0193

Frame: 431, Person: 0
0: 1429.73, 265.25, 0.9937
1: 1461.34, 239.02, 0.9889
2: 1406.93, 239.87, 0.9688
3: 1516.41, 262.47, 0.9327
4: 1387.09, 263.55, 0.5734
5: 1589.74, 425.33, 0.9909
6: 1322.28, 423.85, 0.9912
7: 1645.19, 624.22, 0.9441
8: 1238.47, 617.16, 0.9284
9: 1554.14, 530.03, 0.9367
10: 1345.08, 508.78, 0.9175
11: 1530.63, 846.15, 0.9498
12: 1352.09, 845.00, 0.9473
13: 1558.78, 1050.44, 0.2432
14: 1361.42, 1042.40, 0.2318
15: 1570.90, 1080.00, 0.0208
16: 1371.69, 1080.00, 0.0210

Frame: 432, Person: 0
0: 1427.08, 265.23, 0.9934
1: 1458.65, 238.94, 0.9886
2: 1405.05, 239.80, 0.9670
3: 1514.45, 262.49, 0.9347
4: 1386.85, 263.30, 0.5636
5: 1590.74, 430.26, 0.9906
6: 1320.90, 426.28, 0.9907
7: 1646.02, 641.93, 0.9382
8: 1242.28, 620.62, 0.9206
9: 1550.26, 565.63, 0.9265
10: 1347.58, 492.85, 0.9074
11: 1526.82, 852.43, 0.9396
12: 1347.28, 849.43, 0.9368
13: 1555.57, 1051.10, 0.2058
14: 1360.07, 1043.35, 0.1974
15: 1561.18, 1080.00, 0.0174
16: 1371.75, 1080.00, 0.0177

Frame: 433, Person: 0
0: 1424.62, 264.92, 0.9930
1: 1455.14, 238.35, 0.9879
2: 1402.25, 240.54, 0.9639
3: 1510.72, 261.15, 0.9342
4: 1384.73, 264.98, 0.5583
5: 1587.00, 428.64, 0.9911
6: 1322.67, 425.09, 0.9911
7: 1637.09, 645.68, 0.9424
8: 1244.65, 613.21, 0.9258
9: 1547.40, 607.73, 0.9252
10: 1351.84, 474.26, 0.9107
11: 1523.02, 849.86, 0.9406
12: 1347.12, 846.97, 0.9381
13: 1550.60, 1035.32, 0.2031
14: 1359.73, 1032.97, 0.1968
15: 1550.40, 1080.00, 0.0174
16: 1365.80, 1080.00, 0.0179

Frame: 434, Person: 0
0: 1422.06, 264.36, 0.9933
1: 1452.90, 237.85, 0.9886
2: 1399.68, 240.67, 0.9650
3: 1509.71, 260.15, 0.9360
4: 1382.23, 265.53, 0.5581
5: 1584.59, 420.58, 0.9909
6: 1325.66, 424.89, 0.9917
7: 1639.79, 635.92, 0.9430
8: 1245.25, 601.25, 0.9343
9: 1537.35, 671.89, 0.9189
10: 1350.44, 436.21, 0.9174
11: 1524.31, 848.42, 0.9417
12: 1350.31, 847.30, 0.9423
13: 1549.85, 1038.81, 0.1858
14: 1356.00, 1043.95, 0.1883
15: 1545.00, 1080.00, 0.0155
16: 1343.28, 1080.00, 0.0164

Frame: 435, Person: 0
0: 1420.14, 265.94, 0.9934
1: 1451.63, 239.04, 0.9890
2: 1397.61, 241.88, 0.9644
3: 1509.79, 259.37, 0.9366
4: 1379.57, 264.87, 0.5514
5: 1583.73, 415.05, 0.9911
6: 1324.53, 424.51, 0.9919
7: 1635.49, 631.16, 0.9456
8: 1244.53, 597.81, 0.9361
9: 1531.94, 715.06, 0.9154
10: 1343.18, 421.94, 0.9172
11: 1526.61, 845.07, 0.9464
12: 1351.48, 845.65, 0.9469
13: 1551.03, 1043.86, 0.1881
14: 1352.43, 1055.51, 0.1902
15: 1537.96, 1080.00, 0.0154
16: 1330.23, 1080.00, 0.0163

Frame: 436, Person: 0
0: 1420.41, 265.31, 0.9935
1: 1451.71, 238.19, 0.9894
2: 1397.29, 241.50, 0.9631
3: 1510.42, 259.14, 0.9385
4: 1379.35, 265.59, 0.5437
5: 1580.56, 416.40, 0.9916
6: 1326.73, 423.36, 0.9918
7: 1629.77, 628.49, 0.9506
8: 1229.90, 587.99, 0.9376
9: 1539.92, 741.61, 0.9189
10: 1336.38, 417.55, 0.9198
11: 1520.22, 847.95, 0.9501
12: 1348.74, 847.89, 0.9491
13: 1542.29, 1041.95, 0.1967
14: 1347.80, 1055.75, 0.1948
15: 1527.05, 1080.00, 0.0165
16: 1311.60, 1080.00, 0.0171

Frame: 437, Person: 0
0: 1421.48, 265.17, 0.9936
1: 1451.28, 237.83, 0.9892
2: 1398.82, 243.12, 0.9655
3: 1510.95, 258.07, 0.9414
4: 1385.10, 268.23, 0.5806
5: 1583.60, 422.07, 0.9910
6: 1331.85, 419.45, 0.9934
7: 1623.32, 648.18, 0.9399
8: 1217.99, 578.50, 0.9493
9: 1543.75, 777.51, 0.8987
10: 1330.32, 415.44, 0.9262
11: 1514.07, 851.43, 0.9375
12: 1344.95, 847.24, 0.9459
13: 1533.27, 1030.22, 0.1570
14: 1340.59, 1042.13, 0.1795
15: 1517.67, 1080.00, 0.0136
16: 1300.93, 1080.00, 0.0158

Frame: 438, Person: 0
0: 1424.60, 265.72, 0.9934
1: 1454.00, 237.40, 0.9880
2: 1401.68, 242.54, 0.9670
3: 1512.63, 257.68, 0.9308
4: 1387.51, 267.47, 0.5838
5: 1581.17, 427.97, 0.9887
6: 1336.86, 415.78, 0.9928
7: 1620.45, 656.78, 0.9312
8: 1195.87, 566.72, 0.9523
9: 1552.26, 794.25, 0.8848
10: 1305.49, 436.24, 0.9277
11: 1501.42, 866.95, 0.9237
12: 1336.62, 857.70, 0.9354
13: 1527.12, 1059.70, 0.1071
14: 1340.03, 1061.49, 0.1286
15: 1516.02, 1080.00, 0.0084
16: 1275.83, 1080.00, 0.0102

Frame: 439, Person: 0
0: 1426.50, 266.31, 0.9932
1: 1456.17, 237.60, 0.9879
2: 1403.56, 242.68, 0.9677
3: 1515.44, 257.70, 0.9320
4: 1389.55, 266.84, 0.6010
5: 1585.37, 432.77, 0.9884
6: 1332.45, 415.27, 0.9930
7: 1627.15, 665.69, 0.9251
8: 1177.72, 562.36, 0.9512
9: 1560.00, 809.91, 0.8742
10: 1301.62, 429.43, 0.9253
11: 1499.00, 876.94, 0.9136
12: 1329.37, 866.29, 0.9283
13: 1531.22, 1062.04, 0.0928
14: 1341.10, 1062.57, 0.1147
15: 1517.22, 1080.00, 0.0075
16: 1274.31, 1080.00, 0.0092

Frame: 440, Person: 0
0: 1428.59, 267.40, 0.9938
1: 1459.01, 238.39, 0.9888
2: 1405.32, 242.69, 0.9722
3: 1517.86, 258.46, 0.9312
4: 1388.76, 265.71, 0.6316
5: 1587.74, 439.24, 0.9877
6: 1323.32, 419.06, 0.9929
7: 1630.72, 669.38, 0.9157
8: 1165.65, 562.27, 0.9472
9: 1572.49, 824.39, 0.8590
10: 1286.11, 440.84, 0.9188
11: 1496.95, 886.67, 0.8989
12: 1320.45, 875.71, 0.9172
13: 1535.49, 1065.26, 0.0793
14: 1337.80, 1065.91, 0.0997
15: 1520.52, 1080.00, 0.0067
16: 1281.62, 1080.00, 0.0083

Frame: 441, Person: 0
0: 1430.72, 267.65, 0.9943
1: 1462.20, 238.79, 0.9896
2: 1407.87, 241.65, 0.9749
3: 1521.74, 259.37, 0.9318
4: 1390.70, 263.16, 0.6421
5: 1590.76, 442.65, 0.9872
6: 1321.73, 417.26, 0.9932
7: 1635.63, 668.41, 0.9114
8: 1155.77, 556.98, 0.9488
9: 1582.27, 821.65, 0.8551
10: 1267.11, 454.77, 0.9201
11: 1497.54, 890.11, 0.8887
12: 1317.56, 876.81, 0.9116
13: 1537.50, 1061.28, 0.0713
14: 1330.00, 1056.97, 0.0921
15: 1525.71, 1080.00, 0.0062
16: 1275.40, 1080.00, 0.0078

Frame: 442, Person: 0
0: 1432.72, 267.89, 0.9943
1: 1464.50, 239.75, 0.9898
2: 1410.29, 241.51, 0.9748
3: 1523.46, 260.61, 0.9320
4: 1392.27, 262.01, 0.6455
5: 1592.56, 439.96, 0.9880
6: 1318.90, 416.82, 0.9931
7: 1640.39, 661.66, 0.9170
8: 1151.92, 558.79, 0.9471
9: 1593.66, 829.16, 0.8562
10: 1270.81, 458.29, 0.9164
11: 1503.63, 889.14, 0.8993
12: 1320.43, 877.42, 0.9168
13: 1544.27, 1069.31, 0.0751
14: 1332.17, 1067.14, 0.0932
15: 1529.35, 1080.00, 0.0063
16: 1275.86, 1080.00, 0.0078

Frame: 443, Person: 0
0: 1433.13, 267.79, 0.9941
1: 1465.10, 239.83, 0.9895
2: 1411.48, 241.15, 0.9738
3: 1524.30, 260.59, 0.9329
4: 1394.24, 260.97, 0.6430
5: 1595.81, 440.93, 0.9882
6: 1315.85, 418.43, 0.9930
7: 1641.55, 664.34, 0.9156
8: 1152.74, 563.69, 0.9440
9: 1595.82, 830.12, 0.8513
10: 1263.84, 464.26, 0.9105
11: 1505.59, 888.08, 0.8966
12: 1318.92, 876.77, 0.9135
13: 1548.30, 1066.13, 0.0742
14: 1333.85, 1064.90, 0.0910
15: 1530.10, 1080.00, 0.0063
16: 1287.49, 1080.00, 0.0076

Frame: 444, Person: 0
0: 1434.36, 267.27, 0.9941
1: 1466.26, 239.14, 0.9891
2: 1412.91, 240.15, 0.9743
3: 1524.94, 259.25, 0.9301
4: 1395.70, 259.15, 0.6560
5: 1597.18, 440.72, 0.9883
6: 1314.89, 419.87, 0.9936
7: 1642.46, 669.15, 0.9141
8: 1155.98, 574.71, 0.9471
9: 1598.79, 831.52, 0.8489
10: 1258.99, 477.92, 0.9129
11: 1505.77, 887.59, 0.8945
12: 1318.04, 876.87, 0.9142
13: 1549.93, 1059.50, 0.0744
14: 1333.92, 1058.85, 0.0938
15: 1528.89, 1080.00, 0.0064
16: 1292.07, 1080.00, 0.0079

Frame: 445, Person: 0
0: 1434.13, 267.27, 0.9943
1: 1466.21, 239.19, 0.9893
2: 1412.87, 239.98, 0.9744
3: 1525.32, 259.65, 0.9304
4: 1396.22, 259.05, 0.6513
5: 1595.80, 440.52, 0.9886
6: 1316.98, 420.93, 0.9938
7: 1641.57, 668.91, 0.9183
8: 1158.78, 579.13, 0.9493
9: 1596.65, 827.21, 0.8593
10: 1265.50, 479.25, 0.9185
11: 1507.21, 888.66, 0.9044
12: 1321.64, 878.71, 0.9221
13: 1553.24, 1066.59, 0.0832
14: 1340.88, 1066.15, 0.1044
15: 1534.41, 1080.00, 0.0070
16: 1297.21, 1080.00, 0.0087

Frame: 446, Person: 0
0: 1433.93, 268.65, 0.9947
1: 1465.65, 239.94, 0.9895
2: 1411.76, 241.42, 0.9770
3: 1524.91, 259.83, 0.9269
4: 1394.75, 260.82, 0.6676
5: 1593.77, 440.40, 0.9876
6: 1321.84, 419.92, 0.9943
7: 1640.87, 668.90, 0.9114
8: 1154.89, 575.73, 0.9571
9: 1593.12, 824.97, 0.8574
10: 1264.85, 473.85, 0.9311
11: 1507.00, 882.76, 0.8937
12: 1325.39, 872.19, 0.9210
13: 1552.94, 1053.03, 0.0778
14: 1341.83, 1051.12, 0.1069
15: 1537.26, 1080.00, 0.0067
16: 1285.98, 1080.00, 0.0089

Frame: 447, Person: 0
0: 1432.96, 271.22, 0.9946
1: 1464.30, 242.01, 0.9897
2: 1410.35, 244.02, 0.9760
3: 1524.58, 261.17, 0.9288
4: 1393.70, 262.91, 0.6497
5: 1592.34, 443.37, 0.9871
6: 1327.25, 415.62, 0.9938
7: 1641.48, 665.14, 0.9124
8: 1148.66, 555.41, 0.9569
9: 1591.99, 823.88, 0.8633
10: 1272.86, 465.38, 0.9335
11: 1505.30, 884.35, 0.8906
12: 1327.57, 870.59, 0.9179
13: 1546.66, 1051.65, 0.0753
14: 1340.07, 1044.69, 0.1029
15: 1536.96, 1080.00, 0.0066
16: 1274.87, 1080.00, 0.0088

Frame: 448, Person: 0
0: 1432.38, 271.88, 0.9945
1: 1463.06, 241.51, 0.9899
2: 1408.67, 244.45, 0.9758
3: 1524.18, 259.06, 0.9316
4: 1391.21, 262.38, 0.6452
5: 1593.04, 447.54, 0.9868
6: 1327.22, 410.79, 0.9935
7: 1643.63, 664.88, 0.9099
8: 1135.59, 534.42, 0.9554
9: 1592.92, 821.15, 0.8630
10: 1284.01, 455.62, 0.9331
11: 1503.32, 893.43, 0.8865
12: 1324.38, 876.47, 0.9142
13: 1543.13, 1058.55, 0.0705
14: 1334.82, 1047.01, 0.0961
15: 1539.52, 1080.00, 0.0063
16: 1263.46, 1080.00, 0.0083

Frame: 449, Person: 0
0: 1431.58, 272.13, 0.9939
1: 1462.28, 241.39, 0.9893
2: 1407.56, 244.95, 0.9725
3: 1524.84, 259.35, 0.9351
4: 1390.46, 262.99, 0.6172
5: 1593.89, 454.61, 0.9870
6: 1329.80, 401.64, 0.9928
7: 1643.59, 662.19, 0.9154
8: 1124.84, 494.28, 0.9547
9: 1594.64, 819.53, 0.8738
10: 1283.15, 445.83, 0.9344
11: 1499.24, 899.03, 0.9005
12: 1321.75, 875.77, 0.9225
13: 1539.34, 1064.82, 0.0804
14: 1337.42, 1044.23, 0.1064
15: 1546.38, 1080.00, 0.0074
16: 1271.75, 1080.00, 0.0096

Frame: 450, Person: 0
0: 1430.80, 273.43, 0.9940
1: 1460.84, 242.45, 0.9895
2: 1407.01, 246.17, 0.9727
3: 1523.43, 259.81, 0.9352
4: 1390.62, 263.27, 0.6084
5: 1593.25, 458.44, 0.9859
6: 1335.02, 396.83, 0.9925
7: 1643.93, 655.55, 0.9116
8: 1122.53, 465.73, 0.9558
9: 1596.97, 813.98, 0.8748
10: 1276.63, 433.70, 0.9377
11: 1501.72, 902.44, 0.8930
12: 1328.40, 875.59, 0.9188
13: 1537.09, 1062.44, 0.0749
14: 1342.80, 1036.23, 0.1017
15: 1549.84, 1080.00, 0.0070
16: 1280.70, 1080.00, 0.0093

Frame: 451, Person: 0
0: 1430.28, 273.79, 0.9940
1: 1460.35, 242.73, 0.9893
2: 1406.57, 246.33, 0.9726
3: 1523.45, 259.80, 0.9348
4: 1390.90, 262.54, 0.6061
5: 1591.65, 460.13, 0.9861
6: 1336.94, 391.31, 0.9927
7: 1640.65, 655.06, 0.9148
8: 1118.65, 450.13, 0.9599
9: 1596.62, 810.23, 0.8823
10: 1278.63, 423.63, 0.9441
11: 1497.01, 905.19, 0.9016
12: 1325.94, 875.56, 0.9270
13: 1534.09, 1065.74, 0.0806
14: 1343.46, 1035.68, 0.1117
15: 1548.35, 1080.00, 0.0075
16: 1278.02, 1080.00, 0.0101

Frame: 452, Person: 0
0: 1431.67, 273.71, 0.9940
1: 1461.63, 242.64, 0.9892
2: 1407.41, 246.80, 0.9731
3: 1524.37, 259.47, 0.9347
4: 1390.97, 263.36, 0.6169
5: 1593.64, 459.87, 0.9856
6: 1337.78, 388.62, 0.9929
7: 1640.15, 654.61, 0.9098
8: 1122.06, 441.66, 0.9604
9: 1598.00, 813.59, 0.8749
10: 1280.89, 425.98, 0.9431
11: 1499.86, 905.36, 0.8987
12: 1328.88, 874.69, 0.9270
13: 1530.99, 1065.56, 0.0773
14: 1345.14, 1034.42, 0.1100
15: 1544.85, 1080.00, 0.0073
16: 1287.70, 1080.00, 0.0100

Frame: 453, Person: 0
0: 1432.17, 273.54, 0.9935
1: 1462.25, 242.32, 0.9886
2: 1408.60, 246.52, 0.9704
3: 1526.30, 259.46, 0.9347
4: 1393.60, 263.24, 0.5989
5: 1595.45, 461.31, 0.9854
6: 1339.92, 391.05, 0.9922
7: 1641.49, 656.97, 0.9083
8: 1122.02, 447.33, 0.9562
9: 1593.60, 813.10, 0.8740
10: 1289.22, 425.30, 0.9388
11: 1496.37, 903.13, 0.8903
12: 1325.38, 872.30, 0.9180
13: 1522.86, 1057.90, 0.0749
14: 1337.74, 1027.07, 0.1033
15: 1534.33, 1080.00, 0.0072
16: 1275.19, 1080.00, 0.0096

Frame: 454, Person: 0
0: 1431.76, 273.88, 0.9934
1: 1462.69, 243.09, 0.9888
2: 1409.10, 246.54, 0.9689
3: 1527.96, 260.69, 0.9336
4: 1394.85, 262.90, 0.5733
5: 1595.49, 458.13, 0.9854
6: 1337.48, 394.76, 0.9914
7: 1642.13, 656.28, 0.9141
8: 1121.06, 466.04, 0.9518
9: 1593.10, 811.62, 0.8803
10: 1283.31, 434.80, 0.9351
11: 1497.13, 895.20, 0.8939
12: 1323.28, 867.50, 0.9155
13: 1535.26, 1055.71, 0.0805
14: 1338.89, 1028.67, 0.1046
15: 1548.00, 1080.00, 0.0077
16: 1271.54, 1080.00, 0.0098

Frame: 455, Person: 0
0: 1430.41, 273.62, 0.9929
1: 1462.33, 243.70, 0.9884
2: 1409.21, 246.05, 0.9655
3: 1528.81, 262.28, 0.9326
4: 1396.80, 262.27, 0.5537
5: 1594.37, 452.01, 0.9857
6: 1334.19, 402.03, 0.9905
7: 1639.46, 655.76, 0.9177
8: 1128.76, 501.38, 0.9439
9: 1590.51, 811.78, 0.8800
10: 1297.15, 448.16, 0.9258
11: 1499.80, 885.12, 0.8922
12: 1323.99, 863.38, 0.9074
13: 1543.18, 1051.93, 0.0811
14: 1342.56, 1033.36, 0.0983
15: 1548.26, 1080.00, 0.0075
16: 1271.02, 1080.00, 0.0091

Frame: 456, Person: 0
0: 1428.25, 272.67, 0.9925
1: 1460.81, 243.34, 0.9880
2: 1408.11, 245.02, 0.9628
3: 1527.45, 262.76, 0.9341
4: 1397.37, 261.75, 0.5419
5: 1595.87, 449.93, 0.9862
6: 1330.98, 408.62, 0.9901
7: 1637.99, 666.91, 0.9174
8: 1148.97, 534.76, 0.9358
9: 1586.98, 814.41, 0.8732
10: 1300.15, 472.49, 0.9126
11: 1503.06, 883.61, 0.8811
12: 1325.03, 864.82, 0.8933
13: 1546.15, 1050.04, 0.0724
14: 1345.52, 1035.52, 0.0844
15: 1544.75, 1080.00, 0.0065
16: 1289.96, 1080.00, 0.0076

Frame: 457, Person: 0
0: 1425.46, 272.19, 0.9917
1: 1458.26, 243.35, 0.9873
2: 1407.07, 244.70, 0.9556
3: 1526.12, 262.39, 0.9362
4: 1399.65, 260.86, 0.5090
5: 1598.12, 445.50, 0.9869
6: 1329.54, 415.94, 0.9892
7: 1636.84, 669.01, 0.9211
8: 1169.75, 562.06, 0.9232
9: 1590.57, 817.01, 0.8707
10: 1305.01, 483.48, 0.8947
11: 1509.98, 880.97, 0.8867
12: 1331.15, 866.75, 0.8901
13: 1546.38, 1054.44, 0.0775
14: 1352.54, 1047.94, 0.0833
15: 1535.30, 1080.00, 0.0067
16: 1314.24, 1080.00, 0.0075

Frame: 458, Person: 0
0: 1422.45, 272.09, 0.9911
1: 1454.77, 244.31, 0.9869
2: 1405.48, 244.85, 0.9506
3: 1522.32, 263.04, 0.9400
4: 1399.91, 260.20, 0.4908
5: 1597.13, 443.01, 0.9888
6: 1328.66, 418.99, 0.9895
7: 1635.51, 667.43, 0.9305
8: 1192.18, 577.97, 0.9192
9: 1584.81, 803.71, 0.8827
10: 1322.46, 506.81, 0.8883
11: 1515.12, 870.57, 0.9120
12: 1337.11, 858.42, 0.9088
13: 1548.42, 1055.41, 0.1080
14: 1360.52, 1049.77, 0.1087
15: 1533.80, 1080.00, 0.0093
16: 1338.53, 1080.00, 0.0099

Frame: 459, Person: 0
0: 1415.88, 270.74, 0.9908
1: 1448.07, 243.93, 0.9887
2: 1399.80, 245.36, 0.9374
3: 1517.08, 261.96, 0.9554
4: 1397.70, 260.76, 0.4244
5: 1596.61, 436.26, 0.9927
6: 1325.51, 417.17, 0.9880
7: 1636.01, 669.29, 0.9557
8: 1205.28, 588.19, 0.8956
9: 1585.15, 830.33, 0.9074
10: 1324.42, 504.65, 0.8602
11: 1518.88, 871.57, 0.9404
12: 1338.19, 862.37, 0.9224
13: 1561.21, 1048.73, 0.1634
14: 1356.15, 1052.12, 0.1331
15: 1553.92, 1080.00, 0.0148
16: 1349.30, 1080.00, 0.0133

Frame: 460, Person: 0
0: 1414.46, 271.47, 0.9920
1: 1446.58, 243.76, 0.9894
2: 1395.76, 246.04, 0.9477
3: 1513.61, 260.52, 0.9514
4: 1389.11, 261.84, 0.4594
5: 1591.11, 431.14, 0.9924
6: 1323.58, 418.74, 0.9894
7: 1635.86, 667.47, 0.9532
8: 1208.74, 592.06, 0.9091
9: 1588.92, 833.06, 0.9047
10: 1333.13, 471.37, 0.8787
11: 1522.63, 870.60, 0.9380
12: 1344.38, 864.68, 0.9252
13: 1565.19, 1040.68, 0.1609
14: 1365.09, 1049.93, 0.1408
15: 1555.25, 1080.00, 0.0148
16: 1350.10, 1080.00, 0.0141

Frame: 461, Person: 0
0: 1412.43, 270.81, 0.9920
1: 1444.99, 243.44, 0.9893
2: 1394.84, 245.28, 0.9460
3: 1513.73, 260.34, 0.9506
4: 1390.24, 260.39, 0.4384
5: 1590.69, 427.71, 0.9920
6: 1328.49, 416.20, 0.9899
7: 1638.06, 662.00, 0.9526
8: 1218.34, 576.86, 0.9201
9: 1585.01, 837.35, 0.9056
10: 1340.35, 417.99, 0.8933
11: 1523.63, 868.79, 0.9410
12: 1347.77, 862.10, 0.9328
13: 1561.10, 1038.28, 0.1669
14: 1361.73, 1048.57, 0.1539
15: 1548.38, 1080.00, 0.0152
16: 1339.43, 1080.00, 0.0151

Frame: 462, Person: 0
0: 1412.99, 273.58, 0.9922
1: 1445.33, 245.00, 0.9888
2: 1394.18, 246.99, 0.9492
3: 1513.79, 260.42, 0.9457
4: 1388.03, 260.87, 0.4502
5: 1591.95, 431.88, 0.9908
6: 1331.49, 413.51, 0.9907
7: 1637.53, 665.39, 0.9460
8: 1218.64, 558.05, 0.9337
9: 1581.99, 836.66, 0.9013
10: 1335.46, 389.86, 0.9113
11: 1522.97, 873.32, 0.9353
12: 1348.01, 863.33, 0.9350
13: 1557.29, 1034.89, 0.1551
14: 1359.17, 1041.89, 0.1596
15: 1539.76, 1080.00, 0.0142
16: 1330.93, 1080.00, 0.0154

Frame: 463, Person: 0
0: 1412.57, 274.39, 0.9921
1: 1444.90, 244.99, 0.9881
2: 1393.25, 246.58, 0.9514
3: 1513.90, 259.98, 0.9374
4: 1386.89, 259.61, 0.4451
5: 1589.84, 434.99, 0.9884
6: 1335.49, 410.41, 0.9897
7: 1639.76, 673.24, 0.9335
8: 1206.96, 550.01, 0.9339
9: 1594.45, 824.45, 0.8861
10: 1330.65, 377.10, 0.9106
11: 1508.91, 876.92, 0.9149
12: 1339.61, 862.29, 0.9168
13: 1526.47, 1055.47, 0.1062
14: 1349.47, 1053.43, 0.1143
15: 1496.87, 1080.00, 0.0088
16: 1294.78, 1080.00, 0.0099

Frame: 464, Person: 0
0: 1411.49, 274.69, 0.9917
1: 1442.97, 246.28, 0.9878
2: 1395.28, 248.02, 0.9466
3: 1514.29, 260.61, 0.9417
4: 1395.91, 260.04, 0.4314
5: 1592.96, 435.11, 0.9882
6: 1340.33, 410.21, 0.9898
7: 1635.29, 671.65, 0.9321
8: 1199.89, 548.86, 0.9318
9: 1596.40, 837.01, 0.8750
10: 1292.99, 397.31, 0.9010
11: 1510.11, 880.11, 0.9112
12: 1340.91, 864.60, 0.9138
13: 1530.71, 1061.15, 0.0923
14: 1340.93, 1059.32, 0.0993
15: 1506.80, 1080.00, 0.0074
16: 1288.47, 1080.00, 0.0084

Frame: 465, Person: 0
0: 1411.39, 273.83, 0.9918
1: 1442.87, 245.73, 0.9883
2: 1395.23, 247.78, 0.9480
3: 1513.43, 261.19, 0.9458
4: 1395.31, 261.09, 0.4441
5: 1595.69, 436.11, 0.9885
6: 1337.01, 409.44, 0.9899
7: 1636.83, 669.27, 0.9308
8: 1193.04, 536.57, 0.9299
9: 1598.70, 840.30, 0.8655
10: 1278.34, 382.97, 0.8933
11: 1513.41, 884.22, 0.9088
12: 1339.76, 867.80, 0.9113
13: 1530.23, 1066.32, 0.0820
14: 1330.28, 1064.67, 0.0876
15: 1506.18, 1080.00, 0.0065
16: 1279.78, 1080.00, 0.0072

Frame: 466, Person: 0
0: 1411.21, 275.74, 0.9917
1: 1442.79, 247.68, 0.9885
2: 1395.53, 249.17, 0.9457
3: 1514.22, 262.56, 0.9483
4: 1396.00, 260.99, 0.4308
5: 1597.91, 438.61, 0.9890
6: 1335.88, 408.63, 0.9897
7: 1640.56, 670.81, 0.9343
8: 1190.95, 532.82, 0.9275
9: 1599.72, 845.81, 0.8707
10: 1286.18, 387.51, 0.8911
11: 1516.06, 888.05, 0.9161
12: 1339.82, 870.40, 0.9156
13: 1533.40, 1072.05, 0.0895
14: 1329.99, 1067.97, 0.0926
15: 1511.53, 1080.00, 0.0071
16: 1281.84, 1080.00, 0.0078

Frame: 467, Person: 0
0: 1410.60, 277.84, 0.9921
1: 1442.28, 248.94, 0.9891
2: 1393.94, 250.51, 0.9483
3: 1514.48, 262.04, 0.9476
4: 1393.26, 260.89, 0.4290
5: 1596.09, 438.54, 0.9889
6: 1336.69, 410.03, 0.9892
7: 1641.29, 669.27, 0.9340
8: 1189.57, 537.87, 0.9248
9: 1599.38, 845.21, 0.8745
10: 1292.83, 397.40, 0.8921
11: 1515.23, 887.83, 0.9142
12: 1340.82, 871.08, 0.9124
13: 1534.28, 1072.08, 0.0919
14: 1336.06, 1068.35, 0.0941
15: 1513.14, 1080.00, 0.0075
16: 1282.98, 1080.00, 0.0081

Frame: 468, Person: 0
0: 1410.88, 279.36, 0.9923
1: 1443.58, 249.68, 0.9889
2: 1392.52, 249.75, 0.9503
3: 1515.05, 262.20, 0.9422
4: 1387.66, 257.90, 0.4262
5: 1592.55, 439.72, 0.9889
6: 1333.76, 406.24, 0.9894
7: 1645.33, 674.03, 0.9368
8: 1191.42, 538.31, 0.9321
9: 1599.74, 838.27, 0.8897
10: 1325.60, 392.50, 0.9090
11: 1513.05, 890.53, 0.9168
12: 1339.99, 872.46, 0.9162
13: 1532.67, 1065.65, 0.1030
14: 1347.58, 1056.97, 0.1078
15: 1507.85, 1080.00, 0.0086
16: 1291.57, 1080.00, 0.0095

Frame: 469, Person: 0
0: 1407.82, 279.22, 0.9911
1: 1439.41, 249.12, 0.9879
2: 1390.42, 250.64, 0.9392
3: 1512.60, 261.87, 0.9440
4: 1388.96, 260.11, 0.3934
5: 1593.58, 440.06, 0.9892
6: 1335.47, 408.89, 0.9881
7: 1646.31, 667.92, 0.9405
8: 1185.87, 537.08, 0.9251
9: 1599.97, 833.94, 0.8946
10: 1343.30, 393.94, 0.9027
11: 1516.86, 896.33, 0.9186
12: 1343.32, 879.61, 0.9126
13: 1532.34, 1062.18, 0.1052
14: 1344.66, 1056.15, 0.1037
15: 1510.74, 1080.00, 0.0089
16: 1282.64, 1080.00, 0.0094

Frame: 470, Person: 0
0: 1405.64, 280.77, 0.9921
1: 1437.09, 251.00, 0.9897
2: 1388.10, 254.21, 0.9424
3: 1511.74, 260.91, 0.9532
4: 1388.39, 262.91, 0.4077
5: 1596.44, 432.06, 0.9917
6: 1331.40, 408.00, 0.9903
7: 1641.10, 662.84, 0.9526
8: 1190.40, 547.01, 0.9308
9: 1593.80, 853.31, 0.9095
10: 1327.76, 410.35, 0.9091
11: 1525.45, 883.14, 0.9426
12: 1347.09, 871.37, 0.9383
13: 1558.62, 1043.16, 0.1671
14: 1353.77, 1048.87, 0.1630
15: 1548.47, 1080.00, 0.0155
16: 1318.73, 1080.00, 0.0161

Frame: 471, Person: 0
0: 1404.89, 278.35, 0.9917
1: 1436.92, 250.08, 0.9894
2: 1389.03, 252.11, 0.9382
3: 1511.09, 263.75, 0.9552
4: 1390.68, 262.76, 0.4011
5: 1597.83, 434.20, 0.9922
6: 1329.59, 410.32, 0.9904
7: 1644.49, 665.58, 0.9539
8: 1195.92, 549.24, 0.9291
9: 1594.97, 857.93, 0.9065
10: 1334.97, 397.78, 0.9035
11: 1529.01, 885.27, 0.9431
12: 1349.06, 873.03, 0.9378
13: 1555.59, 1042.81, 0.1603
14: 1351.63, 1047.93, 0.1539
15: 1536.45, 1080.00, 0.0145
16: 1318.86, 1080.00, 0.0150

Frame: 472, Person: 0
0: 1408.57, 280.94, 0.9921
1: 1440.92, 252.09, 0.9893
2: 1391.28, 253.39, 0.9444
3: 1513.37, 263.44, 0.9500
4: 1389.64, 261.84, 0.4155
5: 1596.80, 432.60, 0.9913
6: 1332.29, 408.90, 0.9908
7: 1642.24, 669.07, 0.9486
8: 1207.48, 550.57, 0.9353
9: 1592.58, 857.23, 0.9009
10: 1323.40, 390.83, 0.9109
11: 1525.43, 879.93, 0.9347
12: 1348.06, 866.95, 0.9340
13: 1552.17, 1028.38, 0.1505
14: 1350.40, 1032.65, 0.1547
15: 1529.43, 1080.00, 0.0141
16: 1318.73, 1080.00, 0.0153

Frame: 473, Person: 0
0: 1405.36, 280.57, 0.9919
1: 1438.52, 252.26, 0.9894
2: 1389.50, 252.85, 0.9404
3: 1513.05, 264.66, 0.9524
4: 1390.37, 261.11, 0.3921
5: 1597.56, 434.42, 0.9912
6: 1331.56, 410.70, 0.9902
7: 1644.27, 672.13, 0.9483
8: 1208.60, 555.53, 0.9284
9: 1594.74, 858.77, 0.8990
10: 1314.71, 395.11, 0.9022
11: 1524.80, 881.23, 0.9318
12: 1346.86, 867.41, 0.9289
13: 1547.05, 1034.12, 0.1425
14: 1346.32, 1037.01, 0.1418
15: 1524.05, 1080.00, 0.0130
16: 1319.76, 1080.00, 0.0137

Frame: 474, Person: 0
0: 1404.89, 279.87, 0.9917
1: 1438.10, 251.64, 0.9894
2: 1389.16, 252.10, 0.9380
3: 1513.21, 263.89, 0.9527
4: 1390.43, 259.91, 0.3811
5: 1596.69, 433.48, 0.9914
6: 1331.90, 408.58, 0.9897
7: 1643.63, 671.30, 0.9502
8: 1206.18, 552.17, 0.9262
9: 1593.76, 861.26, 0.9015
10: 1319.46, 390.94, 0.9006
11: 1524.37, 880.75, 0.9351
12: 1346.99, 866.80, 0.9302
13: 1549.27, 1039.00, 0.1469
14: 1349.44, 1041.62, 0.1429
15: 1527.03, 1080.00, 0.0133
16: 1319.12, 1080.00, 0.0138

Frame: 475, Person: 0
0: 1407.65, 279.04, 0.9918
1: 1438.91, 250.57, 0.9892
2: 1391.13, 252.98, 0.9404
3: 1511.68, 263.25, 0.9533
4: 1391.90, 263.60, 0.4134
5: 1597.14, 433.95, 0.9918
6: 1333.57, 411.23, 0.9906
7: 1645.85, 665.84, 0.9510
8: 1197.81, 548.98, 0.9313
9: 1595.82, 860.57, 0.9018
10: 1333.16, 391.10, 0.9056
11: 1527.56, 884.04, 0.9391
12: 1351.23, 871.99, 0.9358
13: 1552.07, 1044.22, 0.1487
14: 1355.32, 1049.85, 0.1472
15: 1531.78, 1080.00, 0.0133
16: 1318.28, 1080.00, 0.0140

Frame: 476, Person: 0
0: 1406.65, 283.04, 0.9923
1: 1437.73, 253.22, 0.9900
2: 1388.82, 256.02, 0.9444
3: 1511.71, 261.30, 0.9541
4: 1388.46, 263.00, 0.4140
5: 1597.87, 431.73, 0.9920
6: 1331.17, 409.13, 0.9907
7: 1645.00, 665.96, 0.9523
8: 1195.30, 551.93, 0.9310
9: 1596.88, 856.78, 0.9075
10: 1331.32, 406.12, 0.9080
11: 1526.64, 881.02, 0.9426
12: 1347.50, 869.70, 0.9385
13: 1561.11, 1042.59, 0.1679
14: 1356.64, 1048.97, 0.1646
15: 1546.12, 1080.00, 0.0156
16: 1321.31, 1080.00, 0.0163

Frame: 477, Person: 0
0: 1408.27, 281.19, 0.9921
1: 1439.41, 251.53, 0.9899
2: 1390.30, 255.00, 0.9433
3: 1512.49, 262.32, 0.9543
4: 1389.35, 265.20, 0.4164
5: 1598.83, 434.33, 0.9920
6: 1332.88, 413.42, 0.9902
7: 1646.63, 666.65, 0.9513
8: 1195.89, 553.73, 0.9261
9: 1599.64, 858.13, 0.9034
10: 1331.10, 402.52, 0.9014
11: 1529.88, 884.35, 0.9389
12: 1351.94, 873.62, 0.9333
13: 1558.21, 1042.93, 0.1556
14: 1358.59, 1050.65, 0.1497
15: 1541.46, 1080.00, 0.0144
16: 1322.77, 1080.00, 0.0148

Frame: 478, Person: 0
0: 1412.08, 282.29, 0.9926
1: 1443.46, 252.16, 0.9898
2: 1393.06, 255.55, 0.9482
3: 1515.27, 262.77, 0.9503
4: 1389.98, 265.95, 0.4280
5: 1598.42, 434.96, 0.9913
6: 1338.28, 413.85, 0.9910
7: 1646.46, 669.33, 0.9484
8: 1203.24, 552.52, 0.9356
9: 1597.70, 857.69, 0.9030
10: 1321.21, 393.82, 0.9138
11: 1528.22, 885.37, 0.9349
12: 1354.20, 873.66, 0.9342
13: 1553.51, 1035.01, 0.1516
14: 1357.86, 1041.29, 0.1558
15: 1536.15, 1080.00, 0.0142
16: 1319.08, 1080.00, 0.0154

Frame: 479, Person: 0
0: 1409.21, 279.58, 0.9923
1: 1441.67, 250.87, 0.9898
2: 1392.42, 252.27, 0.9448
3: 1514.32, 263.29, 0.9530
4: 1392.09, 261.93, 0.4125
5: 1599.08, 434.89, 0.9914
6: 1334.79, 413.51, 0.9905
7: 1647.18, 674.35, 0.9467
8: 1209.99, 561.01, 0.9276
9: 1597.53, 856.69, 0.8960
10: 1313.95, 396.84, 0.9007
11: 1526.32, 885.52, 0.9294
12: 1350.31, 872.74, 0.9267
13: 1547.64, 1040.37, 0.1356
14: 1352.10, 1044.57, 0.1357
15: 1523.21, 1080.00, 0.0122
16: 1322.49, 1080.00, 0.0130

Frame: 480, Person: 0
0: 1415.16, 280.01, 0.9933
1: 1446.54, 250.39, 0.9903
2: 1395.24, 253.39, 0.9554
3: 1514.98, 262.37, 0.9507
4: 1388.88, 265.47, 0.4722
5: 1597.71, 434.10, 0.9916
6: 1334.93, 415.94, 0.9918
7: 1646.62, 671.16, 0.9461
8: 1208.09, 560.20, 0.9376
9: 1596.49, 857.48, 0.8960
10: 1316.61, 395.71, 0.9124
11: 1527.33, 881.83, 0.9327
12: 1351.91, 871.17, 0.9341
13: 1552.80, 1039.00, 0.1410
14: 1354.97, 1046.54, 0.1484
15: 1531.30, 1080.00, 0.0128
16: 1318.80, 1080.00, 0.0141

Frame: 481, Person: 0
0: 1415.66, 277.60, 0.9933
1: 1446.13, 247.44, 0.9905
2: 1395.58, 252.00, 0.9559
3: 1515.52, 259.06, 0.9519
4: 1390.38, 265.24, 0.4805
5: 1599.25, 432.92, 0.9916
6: 1335.98, 416.72, 0.9919
7: 1648.70, 666.77, 0.9453
8: 1201.53, 557.37, 0.9372
9: 1599.14, 856.21, 0.8965
10: 1333.19, 389.45, 0.9134
11: 1528.81, 881.91, 0.9339
12: 1352.83, 873.00, 0.9352
13: 1556.42, 1043.73, 0.1432
14: 1358.99, 1054.61, 0.1509
15: 1538.90, 1080.00, 0.0130
16: 1318.35, 1080.00, 0.0143

Frame: 482, Person: 0
0: 1416.86, 274.69, 0.9933
1: 1446.95, 244.25, 0.9906
2: 1395.38, 250.74, 0.9577
3: 1514.99, 257.73, 0.9525
4: 1388.45, 268.26, 0.5011
5: 1599.30, 432.66, 0.9918
6: 1333.83, 418.65, 0.9917
7: 1647.36, 669.36, 0.9451
8: 1197.17, 563.41, 0.9329
9: 1597.73, 856.37, 0.8931
10: 1329.16, 404.46, 0.9063
11: 1525.95, 881.01, 0.9294
12: 1348.91, 873.28, 0.9290
13: 1556.46, 1033.28, 0.1377
14: 1356.08, 1046.25, 0.1421
15: 1541.20, 1080.00, 0.0129
16: 1315.96, 1080.00, 0.0139

Frame: 483, Person: 0
0: 1421.58, 270.20, 0.9937
1: 1452.00, 241.11, 0.9905
2: 1399.01, 247.01, 0.9634
3: 1516.37, 259.52, 0.9494
4: 1387.74, 269.18, 0.5475
5: 1597.65, 433.83, 0.9916
6: 1333.65, 419.74, 0.9928
7: 1648.18, 666.89, 0.9423
8: 1203.02, 559.52, 0.9429
9: 1595.95, 856.59, 0.8879
10: 1335.76, 397.81, 0.9158
11: 1528.84, 879.85, 0.9313
12: 1352.70, 872.03, 0.9364
13: 1556.52, 1038.93, 0.1320
14: 1357.86, 1050.65, 0.1459
15: 1541.30, 1080.00, 0.0120
16: 1317.80, 1080.00, 0.0137

Frame: 484, Person: 0
0: 1424.70, 267.40, 0.9938
1: 1455.51, 238.47, 0.9902
2: 1401.45, 244.33, 0.9644
3: 1519.15, 258.13, 0.9465
4: 1388.70, 267.97, 0.5536
5: 1597.52, 431.92, 0.9914
6: 1336.87, 417.61, 0.9930
7: 1647.31, 666.34, 0.9421
8: 1208.13, 557.74, 0.9465
9: 1595.82, 855.82, 0.8888
10: 1332.01, 397.38, 0.9203
11: 1527.77, 875.05, 0.9315
12: 1353.96, 866.82, 0.9382
13: 1555.77, 1033.54, 0.1336
14: 1359.88, 1044.47, 0.1511
15: 1541.74, 1080.00, 0.0122
16: 1319.62, 1080.00, 0.0141

Frame: 485, Person: 0
0: 1426.16, 265.71, 0.9938
1: 1457.08, 237.25, 0.9903
2: 1403.35, 242.84, 0.9650
3: 1520.35, 257.86, 0.9469
4: 1390.81, 267.14, 0.5573
5: 1598.59, 431.71, 0.9914
6: 1337.22, 418.51, 0.9930
7: 1647.15, 665.78, 0.9417
8: 1211.53, 560.35, 0.9454
9: 1596.80, 854.25, 0.8868
10: 1328.02, 402.00, 0.9178
11: 1529.67, 876.13, 0.9310
12: 1355.09, 868.43, 0.9374
13: 1560.90, 1035.59, 0.1307
14: 1361.67, 1047.02, 0.1470
15: 1548.86, 1080.00, 0.0118
16: 1325.41, 1080.00, 0.0136

Frame: 486, Person: 0
0: 1427.93, 265.41, 0.9940
1: 1458.66, 236.70, 0.9904
2: 1404.34, 242.53, 0.9666
3: 1521.08, 256.87, 0.9457
4: 1390.29, 266.91, 0.5705
5: 1598.45, 431.03, 0.9912
6: 1336.80, 417.81, 0.9931
7: 1647.11, 666.86, 0.9400
8: 1212.25, 560.61, 0.9455
9: 1595.52, 855.31, 0.8843
10: 1332.22, 401.74, 0.9179
11: 1529.13, 874.71, 0.9289
12: 1354.34, 867.25, 0.9362
13: 1562.61, 1034.66, 0.1282
14: 1363.01, 1046.37, 0.1456
15: 1550.83, 1080.00, 0.0117
16: 1326.30, 1080.00, 0.0136

Frame: 487, Person: 0
0: 1428.86, 264.98, 0.9939
1: 1459.42, 236.08, 0.9903
2: 1405.06, 242.21, 0.9669
3: 1521.62, 256.00, 0.9455
4: 1390.68, 266.79, 0.5747
5: 1599.31, 430.83, 0.9912
6: 1336.26, 418.38, 0.9930
7: 1647.36, 666.62, 0.9394
8: 1212.56, 561.78, 0.9445
9: 1596.51, 855.80, 0.8831
10: 1331.87, 405.65, 0.9164
11: 1529.14, 874.62, 0.9281
12: 1353.54, 867.61, 0.9352
13: 1563.65, 1034.21, 0.1278
14: 1363.08, 1046.78, 0.1447
15: 1552.49, 1080.00, 0.0117
16: 1329.05, 1080.00, 0.0136

Frame: 488, Person: 0
0: 1429.92, 265.69, 0.9940
1: 1460.51, 236.44, 0.9904
2: 1405.58, 242.61, 0.9680
3: 1522.42, 255.79, 0.9439
4: 1389.94, 266.73, 0.5826
5: 1599.06, 430.85, 0.9910
6: 1335.11, 418.87, 0.9929
7: 1647.80, 665.46, 0.9379
8: 1212.27, 561.01, 0.9442
9: 1597.19, 855.69, 0.8822
10: 1337.79, 400.87, 0.9172
11: 1529.24, 875.38, 0.9254
12: 1352.77, 868.98, 0.9332
13: 1566.26, 1033.32, 0.1245
14: 1364.10, 1046.91, 0.1419
15: 1555.31, 1080.00, 0.0115
16: 1329.37, 1080.00, 0.0134

Frame: 489, Person: 0
0: 1430.13, 265.84, 0.9941
1: 1461.09, 236.67, 0.9905
2: 1406.08, 242.39, 0.9678
3: 1523.64, 255.99, 0.9446
4: 1390.76, 265.82, 0.5766
5: 1599.52, 431.24, 0.9910
6: 1335.93, 418.42, 0.9929
7: 1647.90, 666.19, 0.9387
8: 1212.68, 561.12, 0.9440
9: 1596.51, 855.04, 0.8845
10: 1339.32, 399.67, 0.9177
11: 1529.19, 875.10, 0.9275
12: 1352.80, 868.26, 0.9346
13: 1565.30, 1037.69, 0.1275
14: 1363.61, 1050.46, 0.1443
15: 1554.62, 1080.00, 0.0117
16: 1327.90, 1080.00, 0.0135

Frame: 490, Person: 0
0: 1430.98, 265.78, 0.9941
1: 1462.23, 236.77, 0.9906
2: 1407.17, 242.07, 0.9678
3: 1525.11, 256.33, 0.9446
4: 1391.80, 265.11, 0.5760
5: 1600.27, 431.47, 0.9909
6: 1335.91, 418.35, 0.9928
7: 1648.35, 664.33, 0.9380
8: 1212.74, 559.64, 0.9436
9: 1596.99, 854.38, 0.8842
10: 1345.68, 396.47, 0.9176
11: 1529.97, 874.92, 0.9271
12: 1352.92, 868.06, 0.9343
13: 1564.29, 1040.31, 0.1261
14: 1362.80, 1053.13, 0.1426
15: 1553.18, 1080.00, 0.0115
16: 1327.04, 1080.00, 0.0132

Frame: 491, Person: 0
0: 1432.05, 264.81, 0.9941
1: 1463.27, 235.91, 0.9906
2: 1408.13, 240.96, 0.9685
3: 1525.45, 255.48, 0.9440
4: 1392.23, 263.93, 0.5810
5: 1599.87, 430.27, 0.9910
6: 1336.19, 417.23, 0.9929
7: 1648.87, 663.69, 0.9390
8: 1213.49, 560.86, 0.9444
9: 1597.95, 852.23, 0.8860
10: 1341.80, 401.33, 0.9186
11: 1529.17, 872.82, 0.9291
12: 1352.63, 865.95, 0.9361
13: 1565.23, 1041.03, 0.1296
14: 1363.67, 1053.19, 0.1463
15: 1555.08, 1080.00, 0.0117
16: 1328.31, 1080.00, 0.0135

Frame: 492, Person: 0
0: 1433.59, 264.37, 0.9943
1: 1465.24, 235.56, 0.9906
2: 1409.07, 240.18, 0.9702
3: 1526.68, 255.98, 0.9423
4: 1391.30, 263.62, 0.5965
5: 1600.13, 431.05, 0.9909
6: 1334.53, 417.62, 0.9932
7: 1648.39, 664.92, 0.9375
8: 1214.77, 562.48, 0.9466
9: 1598.65, 852.08, 0.8843
10: 1343.02, 403.84, 0.9211
11: 1531.01, 872.74, 0.9292
12: 1353.09, 865.95, 0.9377
13: 1568.20, 1040.52, 0.1307
14: 1364.10, 1052.46, 0.1505
15: 1557.81, 1080.00, 0.0119
16: 1330.64, 1080.00, 0.0139

Frame: 493, Person: 0
0: 1436.75, 265.62, 0.9944
1: 1467.72, 236.29, 0.9904
2: 1411.03, 241.74, 0.9727
3: 1527.64, 255.44, 0.9385
4: 1391.02, 265.29, 0.6262
5: 1600.32, 430.17, 0.9907
6: 1333.85, 417.78, 0.9937
7: 1647.59, 662.22, 0.9352
8: 1218.63, 559.59, 0.9512
9: 1600.08, 849.31, 0.8830
10: 1350.87, 402.42, 0.9268
11: 1530.76, 868.86, 0.9321
12: 1351.89, 863.17, 0.9429
13: 1574.16, 1038.04, 0.1388
14: 1366.50, 1051.98, 0.1663
15: 1565.16, 1080.00, 0.0129
16: 1335.19, 1080.00, 0.0155

Frame: 494, Person: 0
0: 1437.72, 265.60, 0.9943
1: 1468.74, 236.00, 0.9900
2: 1411.95, 241.38, 0.9717
3: 1529.10, 254.86, 0.9366
4: 1391.69, 264.37, 0.6200
5: 1600.63, 430.65, 0.9906
6: 1333.89, 416.94, 0.9936
7: 1646.66, 661.16, 0.9366
8: 1223.17, 556.60, 0.9518
9: 1599.55, 847.42, 0.8874
10: 1370.61, 398.52, 0.9290
11: 1530.20, 871.73, 0.9337
12: 1350.21, 866.00, 0.9439
13: 1576.70, 1036.86, 0.1428
14: 1366.44, 1051.06, 0.1703
15: 1569.85, 1080.00, 0.0134
16: 1336.16, 1080.00, 0.0161

Frame: 495, Person: 0
0: 1440.62, 266.89, 0.9941
1: 1471.62, 237.70, 0.9896
2: 1414.90, 242.27, 0.9723
3: 1530.13, 256.36, 0.9330
4: 1393.14, 264.27, 0.6357
5: 1601.77, 431.00, 0.9902
6: 1332.42, 417.10, 0.9935
7: 1644.91, 661.35, 0.9332
8: 1226.42, 560.00, 0.9505
9: 1602.36, 846.42, 0.8811
10: 1368.04, 411.84, 0.9261
11: 1534.48, 865.49, 0.9298
12: 1354.01, 860.14, 0.9412
13: 1578.67, 1035.21, 0.1362
14: 1373.21, 1049.33, 0.1637
15: 1567.87, 1080.00, 0.0127
16: 1352.62, 1080.00, 0.0152

Frame: 496, Person: 0
0: 1445.28, 267.96, 0.9943
1: 1475.92, 239.45, 0.9891
2: 1419.09, 243.05, 0.9751
3: 1531.10, 259.66, 0.9258
4: 1394.22, 265.72, 0.6725
5: 1601.54, 437.17, 0.9902
6: 1328.68, 418.53, 0.9939
7: 1644.00, 669.13, 0.9301
8: 1225.98, 564.35, 0.9522
9: 1602.15, 839.97, 0.8786
10: 1368.76, 429.57, 0.9276
11: 1532.46, 869.91, 0.9271
12: 1350.46, 863.14, 0.9406
13: 1578.62, 1040.64, 0.1301
14: 1374.28, 1050.85, 0.1598
15: 1568.71, 1080.00, 0.0119
16: 1362.74, 1080.00, 0.0145

Frame: 497, Person: 0
0: 1450.85, 269.79, 0.9946
1: 1481.18, 241.78, 0.9887
2: 1424.01, 244.08, 0.9782
3: 1533.25, 262.36, 0.9155
4: 1395.28, 265.83, 0.7113
5: 1602.10, 440.59, 0.9900
6: 1329.05, 418.57, 0.9943
7: 1644.55, 672.11, 0.9252
8: 1230.83, 564.58, 0.9550
9: 1603.25, 844.86, 0.8714
10: 1375.37, 439.88, 0.9303
11: 1536.90, 871.94, 0.9251
12: 1355.03, 863.81, 0.9418
13: 1578.27, 1045.68, 0.1251
14: 1376.56, 1052.86, 0.1597
15: 1564.23, 1080.00, 0.0114
16: 1366.04, 1080.00, 0.0142

Frame: 498, Person: 0
0: 1455.90, 272.18, 0.9949
1: 1485.48, 243.54, 0.9882
2: 1427.42, 246.24, 0.9814
3: 1535.60, 262.52, 0.9036
4: 1395.45, 267.08, 0.7512
5: 1601.57, 441.41, 0.9894
6: 1332.25, 415.12, 0.9948
7: 1644.65, 669.57, 0.9183
8: 1236.49, 555.34, 0.9606
9: 1605.73, 841.46, 0.8668
10: 1389.77, 450.63, 0.9379
11: 1536.68, 867.02, 0.9233
12: 1357.62, 857.58, 0.9449
13: 1579.89, 1039.61, 0.1270
14: 1384.59, 1043.75, 0.1737
15: 1566.61, 1080.00, 0.0120
16: 1375.48, 1080.00, 0.0157

Frame: 499, Person: 0
0: 1461.42, 272.27, 0.9950
1: 1489.76, 243.32, 0.9877
2: 1431.68, 247.08, 0.9825
3: 1538.23, 261.40, 0.8941
4: 1397.90, 268.63, 0.7688
5: 1601.98, 439.13, 0.9890
6: 1337.79, 411.17, 0.9948
7: 1642.53, 664.84, 0.9158
8: 1241.41, 545.25, 0.9631
9: 1606.40, 839.74, 0.8641
10: 1401.15, 449.88, 0.9411
11: 1537.47, 862.52, 0.9233
12: 1361.14, 852.65, 0.9466
13: 1580.46, 1036.83, 0.1255
14: 1385.58, 1040.80, 0.1765
15: 1567.79, 1080.00, 0.0120
16: 1370.37, 1080.00, 0.0159

Frame: 500, Person: 0
0: 1468.38, 276.16, 0.9950
1: 1495.63, 246.10, 0.9866
2: 1437.62, 250.45, 0.9841
3: 1541.45, 261.32, 0.8730
4: 1400.51, 270.07, 0.7979
5: 1604.02, 440.06, 0.9880
6: 1338.49, 413.16, 0.9949
7: 1641.03, 665.66, 0.9050
8: 1246.04, 543.45, 0.9633
9: 1602.56, 840.94, 0.8520
10: 1404.90, 439.85, 0.9419
11: 1539.24, 863.15, 0.9128
12: 1362.90, 854.06, 0.9419
13: 1576.93, 1033.13, 0.1140
14: 1387.71, 1039.66, 0.1670
15: 1556.65, 1080.00, 0.0109
16: 1376.46, 1080.00, 0.0148

Frame: 501, Person: 0
0: 1470.98, 278.24, 0.9951
1: 1497.17, 248.98, 0.9858
2: 1441.85, 252.72, 0.9847
3: 1541.21, 262.31, 0.8620
4: 1404.64, 269.19, 0.8110
5: 1606.98, 439.07, 0.9885
6: 1338.19, 409.91, 0.9954
7: 1644.50, 666.17, 0.9035
8: 1250.64, 536.02, 0.9660
9: 1600.15, 851.98, 0.8439
10: 1413.19, 429.07, 0.9428
11: 1542.91, 861.30, 0.9210
12: 1364.11, 850.76, 0.9493
13: 1573.43, 1037.93, 0.1227
14: 1382.22, 1043.32, 0.1831
15: 1549.08, 1080.00, 0.0118
16: 1373.72, 1080.00, 0.0161

Frame: 502, Person: 0
0: 1477.27, 278.68, 0.9951
1: 1502.68, 247.47, 0.9856
2: 1445.95, 252.84, 0.9849
3: 1546.18, 258.79, 0.8525
4: 1406.21, 269.83, 0.8143
5: 1609.33, 439.04, 0.9882
6: 1344.15, 409.51, 0.9952
7: 1640.22, 663.34, 0.9049
8: 1254.25, 522.57, 0.9668
9: 1596.40, 850.82, 0.8497
10: 1411.93, 405.77, 0.9465
11: 1541.84, 860.24, 0.9194
12: 1365.08, 849.85, 0.9481
13: 1573.43, 1029.19, 0.1225
14: 1383.46, 1037.56, 0.1828
15: 1543.73, 1080.00, 0.0118
16: 1367.84, 1080.00, 0.0161

Frame: 503, Person: 0
0: 1489.80, 275.59, 0.9953
1: 1511.50, 245.25, 0.9829
2: 1455.95, 252.17, 0.9874
3: 1546.96, 259.40, 0.7838
4: 1408.57, 275.17, 0.8591
5: 1608.88, 440.58, 0.9880
6: 1342.72, 414.07, 0.9948
7: 1638.43, 663.74, 0.9006
8: 1258.05, 518.59, 0.9640
9: 1600.45, 859.36, 0.8315
10: 1396.97, 389.55, 0.9412
11: 1541.64, 869.42, 0.9116
12: 1363.58, 861.11, 0.9411
13: 1581.76, 1028.02, 0.1050
14: 1381.98, 1042.47, 0.1541
15: 1545.03, 1080.00, 0.0100
16: 1360.97, 1080.00, 0.0130

Frame: 504, Person: 0
0: 1492.94, 280.54, 0.9957
1: 1514.15, 249.32, 0.9819
2: 1458.19, 255.92, 0.9891
3: 1548.05, 261.45, 0.7418
4: 1407.57, 276.32, 0.8756
5: 1607.31, 442.30, 0.9880
6: 1349.13, 409.63, 0.9952
7: 1639.73, 662.95, 0.9014
8: 1269.45, 501.82, 0.9700
9: 1597.06, 852.46, 0.8418
10: 1401.62, 372.04, 0.9518
11: 1542.15, 861.64, 0.9148
12: 1368.24, 850.04, 0.9464
13: 1579.40, 1014.62, 0.1149
14: 1380.72, 1023.91, 0.1760
15: 1542.97, 1066.72, 0.0110
16: 1353.22, 1080.00, 0.0147

Frame: 505, Person: 0
0: 1490.76, 291.46, 0.9956
1: 1513.91, 259.26, 0.9818
2: 1458.54, 264.49, 0.9887
3: 1550.61, 265.17, 0.7475
4: 1410.27, 275.12, 0.8692
5: 1609.48, 443.44, 0.9887
6: 1349.19, 406.23, 0.9953
7: 1644.03, 663.83, 0.9048
8: 1271.16, 497.08, 0.9692
9: 1603.36, 851.09, 0.8475
10: 1394.61, 371.65, 0.9507
11: 1541.15, 855.33, 0.9297
12: 1366.42, 841.34, 0.9549
13: 1575.50, 1027.60, 0.1448
14: 1380.90, 1033.04, 0.2129
15: 1540.75, 1073.37, 0.0139
16: 1362.85, 1080.00, 0.0183

Frame: 506, Person: 0
0: 1489.77, 287.49, 0.9953
1: 1515.66, 256.10, 0.9838
2: 1458.62, 259.09, 0.9865
3: 1556.30, 264.71, 0.8057
4: 1413.83, 269.55, 0.8346
5: 1613.33, 447.86, 0.9881
6: 1354.38, 401.80, 0.9949
7: 1643.46, 667.52, 0.9041
8: 1271.94, 481.21, 0.9668
9: 1604.98, 852.79, 0.8475
10: 1394.42, 347.59, 0.9472
11: 1536.69, 863.58, 0.9258
12: 1362.69, 845.08, 0.9517
13: 1564.32, 1039.71, 0.1319
14: 1373.68, 1039.66, 0.1928
15: 1531.00, 1080.00, 0.0125
16: 1356.79, 1080.00, 0.0165

Frame: 507, Person: 0
0: 1496.27, 285.33, 0.9954
1: 1522.20, 256.88, 0.9831
2: 1466.92, 257.66, 0.9869
3: 1560.66, 269.95, 0.7972
4: 1422.80, 269.69, 0.8429
5: 1615.49, 449.72, 0.9879
6: 1360.32, 398.26, 0.9952
7: 1643.13, 664.50, 0.9037
8: 1276.64, 469.55, 0.9700
9: 1611.76, 850.93, 0.8424
10: 1400.04, 333.19, 0.9495
11: 1539.24, 863.67, 0.9289
12: 1367.53, 842.91, 0.9554
13: 1562.28, 1047.64, 0.1262
14: 1375.73, 1044.44, 0.1903
15: 1527.61, 1080.00, 0.0114
16: 1356.93, 1080.00, 0.0154

Frame: 508, Person: 0
0: 1505.67, 295.95, 0.9959
1: 1529.49, 265.05, 0.9792
2: 1475.68, 266.45, 0.9899
3: 1562.86, 269.98, 0.6742
4: 1424.32, 269.93, 0.8880
5: 1613.61, 446.28, 0.9888
6: 1358.90, 395.74, 0.9952
7: 1645.73, 663.63, 0.9064
8: 1281.02, 472.03, 0.9708
9: 1612.01, 851.73, 0.8471
10: 1406.02, 333.93, 0.9529
11: 1539.64, 859.91, 0.9338
12: 1367.78, 840.15, 0.9574
13: 1562.83, 1045.50, 0.1411
14: 1376.75, 1044.26, 0.2055
15: 1522.89, 1080.00, 0.0125
16: 1353.32, 1080.00, 0.0160

Frame: 509, Person: 0
0: 1510.29, 303.59, 0.9960
1: 1530.95, 272.13, 0.9765
2: 1479.87, 276.41, 0.9913
3: 1560.19, 274.01, 0.6000
4: 1426.82, 279.88, 0.9107
5: 1611.85, 444.58, 0.9890
6: 1360.47, 396.93, 0.9955
7: 1646.65, 663.45, 0.9064
8: 1280.28, 468.98, 0.9733
9: 1612.90, 852.43, 0.8428
10: 1404.16, 322.51, 0.9557
11: 1539.78, 858.88, 0.9382
12: 1370.12, 840.80, 0.9612
13: 1565.05, 1048.65, 0.1454
14: 1377.98, 1051.16, 0.2152
15: 1525.47, 1080.00, 0.0126
16: 1348.55, 1080.00, 0.0160

Frame: 510, Person: 0
0: 1512.00, 304.05, 0.9960
1: 1532.73, 273.56, 0.9758
2: 1481.63, 277.21, 0.9914
3: 1561.01, 277.52, 0.5902
4: 1428.11, 282.12, 0.9133
5: 1610.46, 445.88, 0.9891
6: 1362.88, 396.99, 0.9957
7: 1644.87, 660.95, 0.9096
8: 1283.49, 465.74, 0.9759
9: 1612.03, 844.08, 0.8502
10: 1409.95, 318.78, 0.9598
11: 1540.68, 859.03, 0.9435
12: 1373.28, 840.71, 0.9654
13: 1567.01, 1050.28, 0.1560
14: 1382.96, 1051.54, 0.2335
15: 1528.86, 1080.00, 0.0134
16: 1351.81, 1080.00, 0.0173

Frame: 511, Person: 0
0: 1509.33, 291.18, 0.9951
1: 1532.04, 265.30, 0.9744
2: 1479.60, 265.24, 0.9882
3: 1561.36, 281.63, 0.6479
4: 1427.95, 279.77, 0.8821
5: 1610.64, 449.89, 0.9875
6: 1364.41, 400.29, 0.9952
7: 1644.63, 653.42, 0.9100
8: 1290.00, 465.09, 0.9760
9: 1612.88, 833.31, 0.8533
10: 1420.61, 317.10, 0.9596
11: 1543.70, 859.72, 0.9421
12: 1376.56, 840.78, 0.9650
13: 1570.91, 1050.67, 0.1447
14: 1388.89, 1048.82, 0.2211
15: 1534.35, 1080.00, 0.0121
16: 1358.44, 1080.00, 0.0162

Frame: 512, Person: 0
0: 1509.55, 286.26, 0.9953
1: 1533.07, 260.49, 0.9749
2: 1480.63, 259.13, 0.9884
3: 1562.27, 277.12, 0.6368
4: 1427.73, 272.20, 0.8818
5: 1609.93, 445.01, 0.9888
6: 1360.27, 399.79, 0.9950
7: 1648.91, 648.22, 0.9183
8: 1285.07, 476.59, 0.9731
9: 1606.74, 823.57, 0.8644
10: 1415.90, 322.40, 0.9569
11: 1542.11, 857.03, 0.9447
12: 1372.19, 839.64, 0.9635
13: 1571.11, 1051.78, 0.1505
14: 1385.87, 1050.48, 0.2134
15: 1534.69, 1080.00, 0.0122
16: 1352.23, 1080.00, 0.0152

Frame: 513, Person: 0
0: 1504.13, 294.61, 0.9960
1: 1529.13, 267.69, 0.9788
2: 1475.16, 266.40, 0.9902
3: 1560.93, 281.79, 0.6623
4: 1423.19, 276.79, 0.8878
5: 1609.14, 446.27, 0.9888
6: 1360.36, 404.01, 0.9953
7: 1654.68, 650.64, 0.9111
8: 1278.75, 493.13, 0.9728
9: 1589.06, 809.48, 0.8607
10: 1399.40, 348.02, 0.9568
11: 1537.15, 857.07, 0.9321
12: 1368.77, 838.39, 0.9567
13: 1552.31, 1048.30, 0.1251
14: 1372.95, 1041.38, 0.1844
15: 1510.95, 1080.00, 0.0100
16: 1330.81, 1080.00, 0.0128

Frame: 514, Person: 0
0: 1500.36, 305.91, 0.9958
1: 1523.85, 272.37, 0.9800
2: 1468.62, 276.45, 0.9893
3: 1558.86, 273.63, 0.6741
4: 1416.57, 281.35, 0.8755
5: 1613.11, 437.41, 0.9878
6: 1353.48, 417.66, 0.9942
7: 1660.23, 643.42, 0.9030
8: 1259.40, 532.97, 0.9625
9: 1574.37, 783.15, 0.8621
10: 1380.69, 386.44, 0.9486
11: 1541.67, 851.64, 0.9027
12: 1366.69, 842.54, 0.9320
13: 1555.83, 1014.55, 0.1069
14: 1363.52, 1020.15, 0.1474
15: 1510.18, 1064.50, 0.0093
16: 1316.02, 1069.15, 0.0112

Frame: 515, Person: 0
0: 1495.04, 309.03, 0.9958
1: 1519.55, 274.26, 0.9800
2: 1463.60, 278.42, 0.9895
3: 1556.73, 271.81, 0.6652
4: 1412.47, 279.24, 0.8716
5: 1612.22, 429.25, 0.9882
6: 1346.64, 416.98, 0.9940
7: 1665.86, 633.38, 0.9092
8: 1254.54, 549.59, 0.9605
9: 1563.73, 716.54, 0.8838
10: 1373.71, 393.86, 0.9507
11: 1544.80, 848.31, 0.9190
12: 1365.42, 843.26, 0.9405
13: 1574.48, 1032.38, 0.1314
14: 1376.14, 1037.85, 0.1716
15: 1538.11, 1080.00, 0.0106
16: 1333.00, 1080.00, 0.0124

Frame: 515, Person: 1
0: 178.89, 263.10, 0.8439
1: 190.28, 251.13, 0.8945
2: 176.33, 252.56, 0.5210
3: 228.58, 253.60, 0.8680
4: 185.32, 256.90, 0.1290
5: 274.04, 311.38, 0.9475
6: 182.54, 312.78, 0.8145
7: 287.88, 390.89, 0.7967
8: 178.57, 387.45, 0.3033
9: 239.88, 363.78, 0.6235
10: 218.92, 359.36, 0.2516
11: 260.68, 449.73, 0.4809
12: 200.30, 447.18, 0.3266
13: 258.33, 443.83, 0.0762
14: 193.54, 440.22, 0.0385
15: 258.68, 488.77, 0.0233
16: 217.25, 484.85, 0.0139

Frame: 516, Person: 0
0: 1487.20, 308.54, 0.9951
1: 1511.13, 275.43, 0.9769
2: 1457.78, 279.16, 0.9874
3: 1550.70, 274.10, 0.6725
4: 1412.46, 281.96, 0.8402
5: 1617.40, 420.76, 0.9827
6: 1338.68, 423.04, 0.9936
7: 1679.83, 626.99, 0.8984
8: 1250.10, 572.49, 0.9689
9: 1567.35, 674.80, 0.8964
10: 1356.03, 443.41, 0.9589
11: 1549.56, 832.78, 0.9160
12: 1361.35, 834.12, 0.9471
13: 1558.78, 1080.00, 0.1569
14: 1356.92, 1080.00, 0.2239
15: 1531.06, 1080.00, 0.0104
16: 1336.66, 1080.00, 0.0135

Frame: 517, Person: 0
0: 1478.26, 308.04, 0.9957
1: 1503.34, 274.78, 0.9829
2: 1449.38, 278.30, 0.9875
3: 1544.95, 273.40, 0.7652
4: 1407.35, 280.23, 0.8269
5: 1612.64, 429.83, 0.9888
6: 1341.02, 422.46, 0.9943
7: 1678.05, 634.24, 0.9124
8: 1249.79, 587.77, 0.9582
9: 1560.78, 624.84, 0.9055
10: 1355.11, 470.16, 0.9493
11: 1546.49, 842.27, 0.9280
12: 1365.80, 837.72, 0.9463
13: 1567.82, 1031.47, 0.1749
14: 1374.57, 1025.69, 0.2201
15: 1549.82, 1080.00, 0.0148
16: 1358.09, 1080.00, 0.0175

Frame: 518, Person: 0
0: 1467.83, 307.19, 0.9951
1: 1494.29, 275.67, 0.9799
2: 1439.86, 277.07, 0.9863
3: 1539.97, 276.87, 0.7470
4: 1400.90, 279.68, 0.7964
5: 1610.62, 423.12, 0.9822
6: 1343.40, 416.85, 0.9937
7: 1686.58, 634.58, 0.8924
8: 1254.93, 593.63, 0.9689
9: 1545.80, 588.17, 0.9053
10: 1356.75, 490.59, 0.9601
11: 1555.59, 828.26, 0.9101
12: 1375.01, 822.66, 0.9456
13: 1553.72, 1080.00, 0.1620
14: 1364.03, 1079.45, 0.2383
15: 1552.92, 1080.00, 0.0109
16: 1351.45, 1080.00, 0.0149

Frame: 519, Person: 0
0: 1458.39, 308.94, 0.9947
1: 1484.25, 277.26, 0.9812
2: 1430.41, 279.69, 0.9835
3: 1533.83, 275.42, 0.7955
4: 1396.83, 281.46, 0.7522
5: 1609.96, 417.82, 0.9815
6: 1346.51, 413.41, 0.9933
7: 1684.70, 630.98, 0.8911
8: 1263.71, 594.58, 0.9675
9: 1541.33, 572.86, 0.9053
10: 1377.43, 495.12, 0.9577
11: 1555.83, 822.08, 0.9074
12: 1377.87, 816.52, 0.9439
13: 1547.79, 1080.00, 0.1625
14: 1363.38, 1074.40, 0.2403
15: 1551.04, 1080.00, 0.0112
16: 1355.49, 1080.00, 0.0156

Frame: 520, Person: 0
0: 1449.94, 309.34, 0.9944
1: 1476.01, 277.97, 0.9819
2: 1422.86, 279.83, 0.9812
3: 1528.26, 274.56, 0.8182
4: 1393.30, 279.93, 0.7132
5: 1606.66, 413.62, 0.9810
6: 1346.35, 412.08, 0.9928
7: 1679.43, 624.53, 0.8930
8: 1267.02, 598.25, 0.9656
9: 1527.05, 556.16, 0.9085
10: 1380.92, 495.97, 0.9561
11: 1552.24, 825.67, 0.9093
12: 1376.46, 820.42, 0.9441
13: 1539.62, 1080.00, 0.1648
14: 1362.62, 1080.00, 0.2402
15: 1541.02, 1080.00, 0.0111
16: 1355.76, 1080.00, 0.0155

Frame: 521, Person: 0
0: 1443.77, 309.42, 0.9940
1: 1469.80, 277.95, 0.9819
2: 1416.94, 279.79, 0.9780
3: 1524.09, 272.53, 0.8316
4: 1389.65, 278.28, 0.6692
5: 1605.51, 410.74, 0.9810
6: 1343.85, 408.03, 0.9915
7: 1671.31, 623.06, 0.8982
8: 1264.97, 596.39, 0.9592
9: 1511.45, 546.27, 0.9121
10: 1369.63, 503.86, 0.9499
11: 1548.06, 824.36, 0.9089
12: 1371.49, 818.12, 0.9390
13: 1535.62, 1080.00, 0.1661
14: 1359.55, 1080.00, 0.2273
15: 1534.11, 1080.00, 0.0111
16: 1355.72, 1080.00, 0.0147

Frame: 522, Person: 0
0: 1441.53, 309.11, 0.9940
1: 1467.97, 277.65, 0.9821
2: 1414.76, 279.37, 0.9783
3: 1522.25, 273.30, 0.8325
4: 1386.86, 278.47, 0.6686
5: 1602.78, 413.86, 0.9812
6: 1341.10, 406.74, 0.9915
7: 1663.90, 625.68, 0.9006
8: 1259.52, 590.07, 0.9599
9: 1496.58, 545.94, 0.9156
10: 1358.94, 508.34, 0.9516
11: 1545.18, 820.90, 0.9127
12: 1367.49, 812.78, 0.9415
13: 1537.60, 1080.00, 0.1804
14: 1353.64, 1075.16, 0.2443
15: 1540.89, 1080.00, 0.0125
16: 1349.74, 1080.00, 0.0165

Frame: 523, Person: 0
0: 1439.45, 307.95, 0.9939
1: 1465.92, 277.69, 0.9829
2: 1413.05, 278.64, 0.9766
3: 1519.83, 275.18, 0.8517
4: 1385.39, 279.77, 0.6302
5: 1596.91, 410.97, 0.9818
6: 1339.23, 408.52, 0.9922
7: 1655.04, 622.29, 0.9079
8: 1250.09, 589.45, 0.9633
9: 1482.63, 553.35, 0.9198
10: 1329.06, 502.36, 0.9537
11: 1540.33, 820.07, 0.9268
12: 1365.07, 813.18, 0.9493
13: 1542.30, 1080.00, 0.2043
14: 1366.07, 1071.86, 0.2701
15: 1538.76, 1080.00, 0.0144
16: 1348.74, 1080.00, 0.0191

Frame: 524, Person: 0
0: 1435.29, 307.65, 0.9936
1: 1461.10, 277.09, 0.9834
2: 1408.90, 278.86, 0.9738
3: 1516.06, 274.13, 0.8659
4: 1383.84, 280.84, 0.5967
5: 1594.91, 412.27, 0.9813
6: 1339.76, 409.35, 0.9912
7: 1651.98, 629.29, 0.9075
8: 1243.15, 590.04, 0.9585
9: 1478.44, 560.43, 0.9180
10: 1319.94, 495.76, 0.9485
11: 1534.40, 826.03, 0.9178
12: 1361.39, 818.69, 0.9406
13: 1533.55, 1080.00, 0.1773
14: 1361.77, 1078.39, 0.2299
15: 1531.17, 1080.00, 0.0120
16: 1341.34, 1080.00, 0.0156

Frame: 525, Person: 0
0: 1427.86, 306.73, 0.9930
1: 1454.23, 275.98, 0.9848
2: 1402.05, 277.75, 0.9687
3: 1513.08, 273.27, 0.8938
4: 1380.65, 279.96, 0.5319
5: 1593.94, 416.97, 0.9816
6: 1338.54, 409.54, 0.9899
7: 1647.15, 633.40, 0.9128
8: 1238.13, 581.72, 0.9514
9: 1475.37, 576.22, 0.9225
10: 1316.28, 501.27, 0.9426
11: 1528.37, 824.24, 0.9172
12: 1354.06, 815.11, 0.9350
13: 1536.29, 1080.00, 0.1867
14: 1355.51, 1068.01, 0.2279
15: 1539.48, 1080.00, 0.0134
16: 1334.34, 1080.00, 0.0168

Frame: 526, Person: 0
0: 1420.13, 306.28, 0.9930
1: 1447.66, 275.30, 0.9863
2: 1394.80, 276.98, 0.9657
3: 1510.86, 273.61, 0.9140
4: 1376.65, 280.00, 0.4924
5: 1594.34, 420.14, 0.9817
6: 1336.72, 414.46, 0.9897
7: 1646.23, 636.35, 0.9137
8: 1237.69, 584.32, 0.9497
9: 1473.95, 588.71, 0.9245
10: 1327.48, 493.24, 0.9420
11: 1529.44, 825.39, 0.9201
12: 1352.94, 816.93, 0.9366
13: 1536.89, 1080.00, 0.1957
14: 1351.85, 1076.20, 0.2367
15: 1541.00, 1080.00, 0.0142
16: 1328.94, 1080.00, 0.0179

Frame: 527, Person: 0
0: 1414.54, 306.11, 0.9930
1: 1441.99, 275.10, 0.9870
2: 1389.37, 277.17, 0.9654
3: 1507.22, 272.97, 0.9238
4: 1373.17, 280.04, 0.4861
5: 1591.29, 422.11, 0.9823
6: 1337.26, 413.69, 0.9906
7: 1644.31, 637.25, 0.9147
8: 1236.90, 576.90, 0.9537
9: 1472.66, 609.06, 0.9265
10: 1339.14, 502.34, 0.9461
11: 1526.96, 824.74, 0.9301
12: 1352.59, 815.06, 0.9463
13: 1534.19, 1080.00, 0.2232
14: 1351.81, 1080.00, 0.2748
15: 1544.19, 1080.00, 0.0170
16: 1328.24, 1080.00, 0.0220

Frame: 528, Person: 0
0: 1407.66, 305.63, 0.9922
1: 1434.61, 275.19, 0.9868
2: 1383.53, 277.71, 0.9585
3: 1500.92, 273.19, 0.9321
4: 1370.66, 280.91, 0.4469
5: 1588.11, 418.77, 0.9839
6: 1337.47, 411.00, 0.9894
7: 1642.25, 630.43, 0.9248
8: 1241.05, 569.34, 0.9478
9: 1474.70, 626.29, 0.9281
10: 1350.97, 509.63, 0.9379
11: 1527.93, 824.92, 0.9336
12: 1354.96, 815.70, 0.9436
13: 1540.24, 1080.00, 0.2226
14: 1355.09, 1072.52, 0.2569
15: 1549.10, 1080.00, 0.0173
16: 1327.21, 1080.00, 0.0212

Frame: 529, Person: 0
0: 1402.35, 306.38, 0.9915
1: 1429.53, 275.52, 0.9869
2: 1378.69, 278.61, 0.9517
3: 1498.19, 272.66, 0.9389
4: 1367.83, 281.52, 0.4089
5: 1589.15, 418.20, 0.9845
6: 1333.87, 416.07, 0.9876
7: 1647.42, 626.08, 0.9289
8: 1241.62, 569.73, 0.9370
9: 1481.10, 662.80, 0.9273
10: 1359.30, 513.47, 0.9267
11: 1525.42, 832.81, 0.9321
12: 1350.35, 825.76, 0.9367
13: 1535.47, 1080.00, 0.2058
14: 1355.89, 1080.00, 0.2228
15: 1535.01, 1080.00, 0.0156
16: 1328.55, 1080.00, 0.0181

Frame: 530, Person: 0
0: 1396.19, 305.69, 0.9912
1: 1423.08, 275.08, 0.9869
2: 1373.83, 278.24, 0.9483
3: 1493.80, 272.14, 0.9455
4: 1367.02, 280.94, 0.4018
5: 1591.71, 418.92, 0.9854
6: 1331.77, 417.84, 0.9888
7: 1647.16, 631.61, 0.9291
8: 1245.25, 573.41, 0.9405
9: 1483.44, 685.23, 0.9249
10: 1370.62, 517.32, 0.9273
11: 1528.89, 837.46, 0.9370
12: 1351.37, 830.67, 0.9428
13: 1534.29, 1080.00, 0.2125
14: 1355.79, 1080.00, 0.2354
15: 1524.44, 1080.00, 0.0160
16: 1331.01, 1080.00, 0.0191

Frame: 531, Person: 0
0: 1392.35, 305.20, 0.9912
1: 1419.54, 274.55, 0.9874
2: 1370.54, 277.29, 0.9461
3: 1492.04, 270.73, 0.9463
4: 1365.36, 278.74, 0.3770
5: 1590.70, 417.40, 0.9844
6: 1328.77, 418.12, 0.9871
7: 1639.85, 634.69, 0.9286
8: 1241.50, 576.86, 0.9325
9: 1478.83, 706.86, 0.9215
10: 1352.70, 518.31, 0.9192
11: 1526.54, 839.36, 0.9302
12: 1346.78, 833.53, 0.9338
13: 1540.73, 1080.00, 0.1864
14: 1353.21, 1080.00, 0.2003
15: 1529.71, 1080.00, 0.0134
16: 1327.11, 1080.00, 0.0155

Frame: 532, Person: 0
0: 1389.71, 305.14, 0.9930
1: 1418.08, 272.50, 0.9911
2: 1367.60, 277.01, 0.9513
3: 1488.76, 267.85, 0.9568
4: 1360.12, 277.86, 0.3974
5: 1584.78, 425.14, 0.9915
6: 1321.88, 423.11, 0.9885
7: 1635.45, 641.13, 0.9502
8: 1233.64, 591.19, 0.9100
9: 1489.56, 726.54, 0.9294
10: 1326.96, 516.32, 0.8967
11: 1521.49, 853.64, 0.9495
12: 1342.89, 846.92, 0.9414
13: 1545.66, 1064.35, 0.2275
14: 1344.97, 1061.64, 0.2052
15: 1531.27, 1080.00, 0.0206
16: 1323.38, 1080.00, 0.0202

Frame: 533, Person: 0
0: 1389.82, 304.75, 0.9931
1: 1418.67, 272.41, 0.9910
2: 1368.21, 276.26, 0.9535
3: 1488.93, 268.59, 0.9564
4: 1360.56, 277.23, 0.4264
5: 1586.72, 428.15, 0.9916
6: 1315.77, 429.08, 0.9902
7: 1636.14, 648.16, 0.9455
8: 1223.26, 604.60, 0.9162
9: 1499.96, 752.21, 0.9179
10: 1305.29, 527.71, 0.8949
11: 1519.28, 858.21, 0.9430
12: 1337.57, 852.04, 0.9386
13: 1529.68, 1062.56, 0.1958
14: 1332.02, 1062.89, 0.1855
15: 1501.79, 1080.00, 0.0173
16: 1314.20, 1080.00, 0.0176

Frame: 534, Person: 0
0: 1391.31, 305.18, 0.9928
1: 1419.27, 272.51, 0.9898
2: 1369.65, 276.64, 0.9544
3: 1488.41, 267.26, 0.9495
4: 1362.45, 277.90, 0.4336
5: 1590.46, 424.06, 0.9884
6: 1313.54, 429.88, 0.9885
7: 1642.52, 643.25, 0.9327
8: 1220.27, 597.51, 0.9173
9: 1516.77, 778.41, 0.9007
10: 1276.00, 529.98, 0.8914
11: 1509.28, 862.84, 0.9058
12: 1323.52, 857.47, 0.9077
13: 1508.65, 1071.14, 0.1174
14: 1304.61, 1076.27, 0.1193
15: 1474.94, 1080.00, 0.0092
16: 1293.52, 1080.00, 0.0098

Frame: 535, Person: 0
0: 1394.75, 305.99, 0.9912
1: 1420.66, 275.11, 0.9853
2: 1371.55, 278.45, 0.9490
3: 1488.39, 266.76, 0.9300
4: 1363.64, 277.27, 0.4559
5: 1587.93, 406.84, 0.9859
6: 1313.93, 419.12, 0.9896
7: 1641.99, 651.43, 0.9330
8: 1221.08, 601.62, 0.9423
9: 1538.69, 799.79, 0.9048
10: 1262.62, 546.99, 0.9123
11: 1511.08, 849.68, 0.9152
12: 1329.71, 849.41, 0.9240
13: 1505.75, 1080.00, 0.1581
14: 1328.82, 1080.00, 0.1777
15: 1469.81, 1080.00, 0.0109
16: 1322.41, 1080.00, 0.0128

Frame: 536, Person: 0
0: 1399.17, 306.23, 0.9943
1: 1426.68, 272.42, 0.9902
2: 1375.00, 276.79, 0.9696
3: 1490.18, 266.31, 0.9360
4: 1359.81, 276.98, 0.5513
5: 1586.15, 429.73, 0.9900
6: 1308.58, 432.36, 0.9926
7: 1640.93, 656.38, 0.9300
8: 1205.80, 609.91, 0.9374
9: 1555.54, 784.02, 0.8849
10: 1243.44, 553.26, 0.9026
11: 1507.86, 864.88, 0.9155
12: 1322.45, 858.84, 0.9222
13: 1526.12, 1036.47, 0.1211
14: 1308.18, 1038.26, 0.1334
15: 1493.26, 1077.54, 0.0110
16: 1279.79, 1077.68, 0.0125

Frame: 537, Person: 0
0: 1398.89, 306.11, 0.9927
1: 1425.15, 274.93, 0.9872
2: 1374.70, 277.71, 0.9611
3: 1489.01, 269.93, 0.9273
4: 1363.82, 279.36, 0.5135
5: 1585.35, 416.30, 0.9855
6: 1313.79, 428.03, 0.9903
7: 1639.15, 648.28, 0.9223
8: 1213.28, 607.56, 0.9428
9: 1560.94, 813.79, 0.8792
10: 1258.63, 532.60, 0.9097
11: 1500.91, 867.26, 0.9069
12: 1321.02, 865.47, 0.9209
13: 1503.18, 1080.00, 0.0971
14: 1322.76, 1080.00, 0.1164
15: 1441.49, 1080.00, 0.0061
16: 1279.25, 1080.00, 0.0074

Frame: 538, Person: 0
0: 1401.67, 306.00, 0.9932
1: 1427.75, 274.74, 0.9868
2: 1376.53, 277.78, 0.9663
3: 1489.36, 269.81, 0.9164
4: 1363.33, 279.77, 0.5651
5: 1581.08, 413.14, 0.9838
6: 1314.80, 427.76, 0.9913
7: 1635.82, 645.87, 0.9099
8: 1208.31, 607.68, 0.9495
9: 1570.92, 829.37, 0.8593
10: 1256.08, 519.82, 0.9159
11: 1503.13, 862.91, 0.8871
12: 1328.47, 863.02, 0.9135
13: 1497.01, 1080.00, 0.0778
14: 1330.88, 1080.00, 0.1033
15: 1431.45, 1080.00, 0.0049
16: 1285.23, 1080.00, 0.0064

Frame: 539, Person: 0
0: 1406.02, 304.34, 0.9934
1: 1431.90, 273.12, 0.9865
2: 1380.48, 276.84, 0.9694
3: 1491.43, 270.32, 0.9079
4: 1365.62, 281.52, 0.6024
5: 1579.18, 412.55, 0.9835
6: 1316.10, 431.60, 0.9922
7: 1634.60, 644.10, 0.9077
8: 1208.39, 610.09, 0.9554
9: 1582.01, 833.71, 0.8541
10: 1259.48, 497.94, 0.9232
11: 1504.67, 857.84, 0.8854
12: 1331.27, 860.90, 0.9166
13: 1504.77, 1080.00, 0.0774
14: 1333.42, 1080.00, 0.1079
15: 1439.90, 1080.00, 0.0050
16: 1280.10, 1080.00, 0.0066

Frame: 540, Person: 0
0: 1412.51, 303.11, 0.9938
1: 1438.60, 271.55, 0.9860
2: 1386.04, 275.52, 0.9732
3: 1494.74, 270.26, 0.8925
4: 1366.13, 281.68, 0.6442
5: 1581.93, 416.27, 0.9824
6: 1310.97, 435.24, 0.9926
7: 1635.26, 649.41, 0.8999
8: 1204.08, 604.84, 0.9576
9: 1592.18, 848.79, 0.8406
10: 1240.01, 472.67, 0.9252
11: 1509.65, 859.30, 0.8789
12: 1331.80, 863.07, 0.9161
13: 1506.91, 1080.00, 0.0706
14: 1331.33, 1080.00, 0.1024
15: 1437.11, 1080.00, 0.0044
16: 1284.91, 1080.00, 0.0060

Frame: 541, Person: 0
0: 1418.86, 302.62, 0.9944
1: 1444.32, 270.50, 0.9853
2: 1391.52, 275.07, 0.9786
3: 1496.37, 269.52, 0.8656
4: 1367.23, 282.15, 0.7070
5: 1583.12, 416.27, 0.9812
6: 1307.64, 437.68, 0.9936
7: 1636.86, 652.24, 0.8892
8: 1201.15, 602.55, 0.9638
9: 1597.42, 855.11, 0.8212
10: 1215.68, 447.72, 0.9315
11: 1512.16, 864.67, 0.8672
12: 1330.47, 869.82, 0.9160
13: 1513.87, 1080.00, 0.0574
14: 1325.12, 1080.00, 0.0909
15: 1441.08, 1080.00, 0.0034
16: 1276.02, 1080.00, 0.0049

Frame: 542, Person: 0
0: 1425.64, 300.97, 0.9946
1: 1449.98, 268.42, 0.9842
2: 1397.78, 274.26, 0.9811
3: 1498.09, 268.86, 0.8448
4: 1369.86, 283.80, 0.7491
5: 1585.19, 418.18, 0.9812
6: 1306.28, 440.75, 0.9941
7: 1643.03, 645.42, 0.8846
8: 1189.15, 593.70, 0.9666
9: 1599.06, 847.18, 0.8149
10: 1198.37, 440.63, 0.9358
11: 1519.57, 865.90, 0.8604
12: 1336.05, 872.43, 0.9148
13: 1524.66, 1080.00, 0.0521
14: 1333.71, 1080.00, 0.0855
15: 1452.88, 1080.00, 0.0031
16: 1284.58, 1080.00, 0.0045

Frame: 543, Person: 0
0: 1435.38, 299.54, 0.9950
1: 1458.75, 266.45, 0.9825
2: 1405.93, 273.57, 0.9846
3: 1500.66, 270.00, 0.7930
4: 1370.89, 287.02, 0.8047
5: 1584.02, 421.66, 0.9819
6: 1305.13, 442.68, 0.9942
7: 1643.32, 650.51, 0.8840
8: 1181.69, 589.59, 0.9673
9: 1599.79, 852.90, 0.8041
10: 1180.43, 429.92, 0.9361
11: 1523.23, 867.18, 0.8449
12: 1339.29, 873.79, 0.9043
13: 1531.28, 1080.00, 0.0429
14: 1333.65, 1080.00, 0.0702
15: 1457.63, 1080.00, 0.0025
16: 1275.67, 1080.00, 0.0035

Frame: 544, Person: 0
0: 1443.46, 300.48, 0.9954
1: 1465.98, 267.49, 0.9812
2: 1413.75, 274.51, 0.9872
3: 1503.65, 271.33, 0.7399
4: 1373.76, 287.59, 0.8375
5: 1583.38, 423.39, 0.9821
6: 1304.94, 440.82, 0.9945
7: 1644.73, 649.30, 0.8849
8: 1177.08, 577.72, 0.9695
9: 1601.46, 853.81, 0.8067
10: 1164.34, 419.01, 0.9407
11: 1524.61, 865.85, 0.8552
12: 1340.62, 871.19, 0.9121
13: 1530.24, 1080.00, 0.0456
14: 1330.19, 1080.00, 0.0743
15: 1461.04, 1080.00, 0.0025
16: 1272.57, 1080.00, 0.0035

Frame: 545, Person: 0
0: 1447.84, 300.92, 0.9956
1: 1469.60, 267.93, 0.9801
2: 1418.19, 274.77, 0.9880
3: 1504.99, 271.53, 0.7077
4: 1375.98, 287.03, 0.8517
5: 1583.55, 425.38, 0.9822
6: 1306.56, 440.10, 0.9945
7: 1646.85, 650.53, 0.8834
8: 1173.45, 573.45, 0.9695
9: 1603.21, 850.89, 0.8082
10: 1156.57, 417.10, 0.9422
11: 1529.21, 863.69, 0.8600
12: 1346.94, 868.23, 0.9153
13: 1530.45, 1080.00, 0.0486
14: 1337.03, 1080.00, 0.0783
15: 1463.95, 1080.00, 0.0026
16: 1281.58, 1080.00, 0.0036

Frame: 546, Person: 0
0: 1453.31, 301.86, 0.9956
1: 1474.93, 268.98, 0.9794
2: 1423.35, 275.85, 0.9887
3: 1508.46, 273.72, 0.6810
4: 1378.80, 289.03, 0.8616
5: 1584.06, 428.42, 0.9817
6: 1307.99, 441.27, 0.9944
7: 1645.56, 652.11, 0.8803
8: 1171.29, 568.59, 0.9694
9: 1603.82, 851.38, 0.8057
10: 1151.61, 408.31, 0.9429
11: 1530.87, 862.55, 0.8563
12: 1349.72, 866.81, 0.9133
13: 1530.12, 1080.00, 0.0486
14: 1340.73, 1080.00, 0.0783
15: 1462.93, 1080.00, 0.0027
16: 1285.95, 1080.00, 0.0036

Frame: 547, Person: 0
0: 1462.94, 302.66, 0.9959
1: 1483.11, 270.23, 0.9748
2: 1432.93, 276.93, 0.9908
3: 1510.07, 275.98, 0.5588
4: 1381.74, 290.11, 0.9000
5: 1581.52, 427.41, 0.9833
6: 1304.07, 441.64, 0.9944
7: 1644.45, 648.23, 0.8868
8: 1173.54, 570.49, 0.9691
9: 1602.88, 851.21, 0.8055
10: 1152.57, 409.15, 0.9424
11: 1530.67, 863.07, 0.8591
12: 1348.11, 868.68, 0.9111
13: 1533.02, 1080.00, 0.0471
14: 1341.00, 1080.00, 0.0722
15: 1459.82, 1080.00, 0.0025
16: 1284.12, 1080.00, 0.0031

Frame: 548, Person: 0
0: 1470.30, 305.25, 0.9962
1: 1490.30, 271.67, 0.9711
2: 1439.35, 277.93, 0.9925
3: 1513.70, 275.49, 0.4352
4: 1381.11, 287.86, 0.9231
5: 1580.39, 426.34, 0.9837
6: 1300.66, 442.31, 0.9939
7: 1645.10, 650.11, 0.8862
8: 1182.42, 581.16, 0.9660
9: 1602.37, 850.42, 0.8030
10: 1157.31, 416.97, 0.9396
11: 1531.42, 865.76, 0.8540
12: 1346.66, 872.25, 0.9030
13: 1533.66, 1080.00, 0.0453
14: 1338.46, 1080.00, 0.0658
15: 1455.57, 1080.00, 0.0023
16: 1281.18, 1080.00, 0.0027

Frame: 549, Person: 0
0: 1473.00, 306.06, 0.9960
1: 1491.86, 272.24, 0.9679
2: 1441.90, 279.11, 0.9922
3: 1512.07, 275.37, 0.3868
4: 1381.29, 288.91, 0.9291
5: 1576.13, 418.00, 0.9841
6: 1295.29, 444.40, 0.9938
7: 1643.90, 641.01, 0.8919
8: 1176.74, 577.53, 0.9664
9: 1602.60, 845.97, 0.8023
10: 1187.60, 343.88, 0.9389
11: 1532.50, 861.03, 0.8466
12: 1346.65, 874.39, 0.8950
13: 1529.65, 1080.00, 0.0420
14: 1336.36, 1080.00, 0.0595
15: 1444.20, 1080.00, 0.0021
16: 1270.46, 1080.00, 0.0024

Frame: 550, Person: 0
0: 1470.83, 306.25, 0.9960
1: 1490.84, 272.63, 0.9696
2: 1439.48, 278.85, 0.9920
3: 1513.49, 276.58, 0.4236
4: 1380.36, 289.17, 0.9236
5: 1576.25, 421.92, 0.9842
6: 1299.14, 444.38, 0.9936
7: 1641.90, 645.21, 0.8931
8: 1195.11, 592.06, 0.9650
9: 1598.71, 849.20, 0.8127
10: 1209.83, 405.58, 0.9391
11: 1524.65, 860.61, 0.8530
12: 1340.73, 870.58, 0.8985
13: 1526.63, 1080.00, 0.0487
14: 1332.84, 1080.00, 0.0687
15: 1444.65, 1080.00, 0.0026
16: 1271.82, 1080.00, 0.0030

Frame: 551, Person: 0
0: 1467.83, 305.98, 0.9960
1: 1488.18, 273.55, 0.9708
2: 1437.14, 279.69, 0.9918
3: 1512.42, 278.82, 0.4622
4: 1381.30, 291.40, 0.9184
5: 1575.64, 422.08, 0.9847
6: 1304.02, 442.08, 0.9943
7: 1639.95, 643.20, 0.8972
8: 1203.95, 590.66, 0.9695
9: 1599.09, 841.94, 0.8230
10: 1213.17, 425.69, 0.9450
11: 1521.94, 856.23, 0.8777
12: 1341.94, 864.33, 0.9196
13: 1525.15, 1080.00, 0.0609
14: 1336.45, 1080.00, 0.0894
15: 1444.83, 1080.00, 0.0033
16: 1276.70, 1080.00, 0.0039

Frame: 552, Person: 0
0: 1465.90, 304.88, 0.9958
1: 1486.29, 273.05, 0.9711
2: 1436.02, 279.01, 0.9910
3: 1511.67, 278.61, 0.4990
4: 1383.01, 290.85, 0.9107
5: 1577.31, 422.45, 0.9849
6: 1305.96, 440.87, 0.9944
7: 1640.69, 645.16, 0.8973
8: 1206.64, 591.64, 0.9698
9: 1600.05, 840.61, 0.8243
10: 1218.38, 434.25, 0.9448
11: 1522.45, 854.70, 0.8844
12: 1343.44, 861.86, 0.9249
13: 1523.81, 1080.00, 0.0665
14: 1340.47, 1080.00, 0.0984
15: 1443.69, 1080.00, 0.0036
16: 1285.47, 1080.00, 0.0044

Frame: 553, Person: 0
0: 1465.39, 303.57, 0.9958
1: 1485.93, 271.93, 0.9720
2: 1435.79, 277.62, 0.9908
3: 1511.93, 278.20, 0.5151
4: 1383.57, 289.74, 0.9067
5: 1578.71, 423.53, 0.9846
6: 1306.67, 440.70, 0.9943
7: 1643.37, 646.69, 0.8968
8: 1204.09, 591.76, 0.9692
9: 1601.92, 843.44, 0.8254
10: 1222.48, 436.09, 0.9446
11: 1525.62, 859.06, 0.8874
12: 1345.97, 865.79, 0.9267
13: 1526.70, 1080.00, 0.0673
14: 1342.76, 1080.00, 0.0992
15: 1448.98, 1080.00, 0.0036
16: 1285.73, 1080.00, 0.0044

Frame: 554, Person: 0
0: 1464.86, 302.81, 0.9957
1: 1485.33, 271.35, 0.9727
2: 1435.37, 277.05, 0.9904
3: 1511.91, 277.73, 0.5339
4: 1384.26, 289.55, 0.9014
5: 1578.77, 421.18, 0.9844
6: 1307.90, 440.77, 0.9943
7: 1644.18, 643.23, 0.8969
8: 1201.93, 591.71, 0.9698
9: 1600.33, 841.68, 0.8256
10: 1233.55, 424.57, 0.9453
11: 1526.26, 857.98, 0.8841
12: 1347.22, 865.90, 0.9252
13: 1524.04, 1080.00, 0.0635
14: 1342.28, 1080.00, 0.0948
15: 1445.92, 1080.00, 0.0034
16: 1280.58, 1080.00, 0.0042

Frame: 555, Person: 0
0: 1463.59, 302.68, 0.9959
1: 1484.46, 271.25, 0.9742
2: 1433.96, 277.13, 0.9907
3: 1512.39, 277.50, 0.5502
4: 1384.36, 289.99, 0.8996
5: 1577.97, 418.69, 0.9842
6: 1310.28, 438.91, 0.9946
7: 1643.10, 644.75, 0.8967
8: 1199.91, 597.41, 0.9719
9: 1597.15, 837.70, 0.8284
10: 1226.72, 434.72, 0.9486
11: 1523.09, 855.97, 0.8839
12: 1346.10, 863.67, 0.9272
13: 1523.36, 1080.00, 0.0634
14: 1342.14, 1080.00, 0.0976
15: 1447.40, 1080.00, 0.0034
16: 1275.49, 1080.00, 0.0043

Frame: 556, Person: 0
0: 1463.52, 300.78, 0.9958
1: 1483.59, 269.45, 0.9728
2: 1434.10, 275.62, 0.9905
3: 1511.19, 275.28, 0.5390
4: 1384.45, 288.12, 0.9025
5: 1581.21, 413.71, 0.9852
6: 1306.73, 435.05, 0.9946
7: 1654.19, 638.01, 0.9027
8: 1190.73, 598.95, 0.9720
9: 1596.38, 820.91, 0.8398
10: 1246.08, 441.07, 0.9500
11: 1528.46, 855.74, 0.8937
12: 1346.59, 864.57, 0.9316
13: 1532.48, 1080.00, 0.0648
14: 1347.29, 1080.00, 0.0975
15: 1457.91, 1080.00, 0.0032
16: 1274.73, 1080.00, 0.0040

Frame: 557, Person: 0
0: 1463.32, 300.73, 0.9958
1: 1483.21, 269.21, 0.9730
2: 1433.73, 275.43, 0.9906
3: 1510.78, 275.87, 0.5493
4: 1382.54, 288.73, 0.9039
5: 1582.86, 417.17, 0.9866
6: 1303.24, 437.78, 0.9946
7: 1669.07, 625.47, 0.9113
8: 1179.43, 597.62, 0.9715
9: 1595.37, 801.07, 0.8620
10: 1251.53, 476.52, 0.9528
11: 1530.44, 856.33, 0.9070
12: 1344.54, 864.79, 0.9375
13: 1542.54, 1080.00, 0.0776
14: 1350.38, 1080.00, 0.1113
15: 1479.34, 1080.00, 0.0039
16: 1277.96, 1080.00, 0.0048

Frame: 558, Person: 0
0: 1464.08, 300.76, 0.9960
1: 1483.36, 268.03, 0.9731
2: 1434.24, 274.67, 0.9910
3: 1511.12, 272.92, 0.5227
4: 1381.03, 285.02, 0.9144
5: 1584.40, 420.78, 0.9885
6: 1295.08, 432.09, 0.9941
7: 1678.88, 621.60, 0.9216
8: 1162.54, 587.99, 0.9674
9: 1600.91, 761.89, 0.8877
10: 1268.25, 484.84, 0.9543
11: 1534.93, 853.55, 0.9061
12: 1342.15, 861.24, 0.9321
13: 1551.80, 1080.00, 0.0942
14: 1337.67, 1080.00, 0.1228
15: 1512.82, 1080.00, 0.0052
16: 1284.14, 1080.00, 0.0058

Frame: 559, Person: 0
0: 1467.55, 299.81, 0.9968
1: 1485.61, 267.27, 0.9763
2: 1437.18, 274.10, 0.9929
3: 1511.26, 272.24, 0.4981
4: 1381.11, 285.19, 0.9235
5: 1586.00, 419.90, 0.9911
6: 1294.32, 431.22, 0.9947
7: 1693.38, 600.91, 0.9323
8: 1151.58, 585.55, 0.9666
9: 1601.00, 708.87, 0.9043
10: 1256.61, 492.98, 0.9568
11: 1533.56, 860.29, 0.9253
12: 1340.49, 866.18, 0.9419
13: 1552.03, 1066.19, 0.1112
14: 1338.38, 1079.68, 0.1345
15: 1512.29, 1080.00, 0.0066
16: 1277.98, 1080.00, 0.0069

Frame: 560, Person: 0
0: 1468.99, 301.40, 0.9971
1: 1486.69, 268.22, 0.9767
2: 1438.77, 274.91, 0.9936
3: 1511.99, 271.40, 0.4776
4: 1380.82, 283.60, 0.9251
5: 1587.68, 420.23, 0.9914
6: 1296.60, 425.81, 0.9950
7: 1709.20, 594.78, 0.9347
8: 1146.57, 575.24, 0.9692
9: 1591.08, 663.76, 0.9211
10: 1256.07, 503.29, 0.9633
11: 1535.92, 855.11, 0.9362
12: 1343.71, 857.18, 0.9510
13: 1539.13, 1068.88, 0.1453
14: 1332.00, 1070.08, 0.1735
15: 1516.72, 1080.00, 0.0087
16: 1279.30, 1080.00, 0.0091

Frame: 561, Person: 0
0: 1469.17, 300.99, 0.9958
1: 1487.36, 269.83, 0.9646
2: 1439.28, 275.93, 0.9914
3: 1510.49, 273.64, 0.4503
4: 1380.13, 283.93, 0.9315
5: 1581.12, 412.27, 0.9909
6: 1296.61, 421.51, 0.9955
7: 1717.85, 590.29, 0.9362
8: 1156.20, 576.12, 0.9751
9: 1610.90, 642.63, 0.9241
10: 1268.22, 513.87, 0.9658
11: 1545.55, 844.68, 0.9423
12: 1359.65, 850.47, 0.9594
13: 1525.80, 1080.00, 0.2082
14: 1346.08, 1080.00, 0.2594
15: 1531.53, 1080.00, 0.0120
16: 1330.53, 1080.00, 0.0132

Frame: 562, Person: 0
0: 1470.22, 304.57, 0.9976
1: 1488.07, 269.95, 0.9804
2: 1438.10, 276.57, 0.9947
3: 1513.89, 270.62, 0.4991
4: 1378.35, 283.08, 0.9320
5: 1591.62, 423.64, 0.9929
6: 1298.92, 427.52, 0.9959
7: 1727.26, 594.44, 0.9377
8: 1158.75, 584.98, 0.9703
9: 1613.66, 595.77, 0.9309
10: 1261.46, 505.96, 0.9660
11: 1544.71, 860.47, 0.9439
12: 1352.66, 862.10, 0.9564
13: 1561.97, 1026.14, 0.1879
14: 1350.39, 1020.56, 0.2225
15: 1553.24, 1080.00, 0.0137
16: 1310.99, 1080.00, 0.0145

Frame: 563, Person: 0
0: 1468.27, 305.65, 0.9969
1: 1487.24, 272.12, 0.9710
2: 1437.96, 278.88, 0.9941
3: 1513.01, 273.47, 0.3900
4: 1379.17, 284.47, 0.9338
5: 1582.55, 411.90, 0.9887
6: 1303.84, 422.73, 0.9943
7: 1731.51, 588.72, 0.9195
8: 1169.83, 594.66, 0.9696
9: 1624.53, 581.43, 0.9161
10: 1264.95, 516.55, 0.9632
11: 1546.41, 852.05, 0.9161
12: 1362.67, 856.36, 0.9405
13: 1541.61, 1080.00, 0.1197
14: 1352.72, 1080.00, 0.1543
15: 1544.42, 1080.00, 0.0062
16: 1313.44, 1080.00, 0.0067

Frame: 564, Person: 0
0: 1467.38, 308.88, 0.9969
1: 1486.62, 274.84, 0.9690
2: 1437.30, 281.44, 0.9942
3: 1512.33, 274.93, 0.3566
4: 1378.47, 285.67, 0.9342
5: 1581.18, 412.55, 0.9879
6: 1303.64, 426.06, 0.9936
7: 1723.56, 599.11, 0.9143
8: 1190.86, 613.84, 0.9660
9: 1617.21, 571.23, 0.9111
10: 1268.61, 527.75, 0.9591
11: 1541.95, 851.19, 0.9052
12: 1358.26, 855.94, 0.9313
13: 1540.87, 1080.00, 0.1114
14: 1348.90, 1080.00, 0.1416
15: 1539.48, 1080.00, 0.0057
16: 1316.91, 1080.00, 0.0061

Frame: 565, Person: 0
0: 1466.76, 311.50, 0.9968
1: 1485.95, 277.30, 0.9676
2: 1436.37, 283.48, 0.9941
3: 1511.58, 276.56, 0.3412
4: 1376.66, 286.57, 0.9354
5: 1576.88, 412.13, 0.9880
6: 1306.44, 428.44, 0.9938
7: 1707.76, 594.34, 0.9163
8: 1208.74, 618.62, 0.9680
9: 1597.10, 573.35, 0.9165
10: 1304.16, 537.75, 0.9628
11: 1545.35, 842.64, 0.9170
12: 1365.60, 849.24, 0.9408
13: 1543.31, 1080.00, 0.1440
14: 1358.94, 1080.00, 0.1837
15: 1535.66, 1080.00, 0.0080
16: 1327.55, 1080.00, 0.0086

Frame: 566, Person: 0
0: 1466.43, 313.67, 0.9961
1: 1483.83, 278.97, 0.9621
2: 1435.24, 286.92, 0.9930
3: 1508.44, 276.25, 0.3328
4: 1375.96, 290.77, 0.9333
5: 1574.86, 412.03, 0.9874
6: 1308.76, 428.67, 0.9932
7: 1679.08, 597.05, 0.9126
8: 1231.49, 620.45, 0.9652
9: 1563.84, 565.51, 0.9085
10: 1334.07, 554.34, 0.9579
11: 1548.10, 833.50, 0.9140
12: 1369.85, 840.98, 0.9378
13: 1547.18, 1080.00, 0.1417
14: 1361.55, 1080.00, 0.1794
15: 1531.92, 1080.00, 0.0081
16: 1339.32, 1080.00, 0.0087

Frame: 567, Person: 0
0: 1466.21, 315.02, 0.9961
1: 1484.52, 280.55, 0.9628
2: 1434.71, 287.85, 0.9930
3: 1510.99, 277.72, 0.3515
4: 1375.99, 290.78, 0.9328
5: 1575.66, 415.09, 0.9867
6: 1310.41, 424.27, 0.9940
7: 1659.83, 613.91, 0.9055
8: 1240.87, 624.21, 0.9696
9: 1537.35, 563.81, 0.9073
10: 1365.94, 561.00, 0.9625
11: 1552.18, 822.85, 0.9227
12: 1374.14, 827.79, 0.9490
13: 1545.12, 1080.00, 0.1771
14: 1362.82, 1080.00, 0.2370
15: 1529.08, 1080.00, 0.0109
16: 1347.09, 1080.00, 0.0124

Frame: 568, Person: 0
0: 1466.96, 315.41, 0.9957
1: 1485.42, 280.98, 0.9619
2: 1436.55, 287.24, 0.9922
3: 1513.28, 277.41, 0.3652
4: 1379.44, 288.10, 0.9229
5: 1577.32, 421.71, 0.9850
6: 1310.72, 424.21, 0.9933
7: 1645.77, 626.99, 0.8971
8: 1248.64, 625.89, 0.9667
9: 1506.67, 563.61, 0.9081
10: 1390.18, 569.27, 0.9616
11: 1547.24, 817.25, 0.9185
12: 1367.71, 819.86, 0.9465
13: 1543.26, 1080.00, 0.1919
14: 1363.71, 1080.00, 0.2560
15: 1530.00, 1080.00, 0.0123
16: 1360.44, 1080.00, 0.0142

Frame: 569, Person: 0
0: 1468.26, 314.79, 0.9955
1: 1487.78, 282.48, 0.9616
2: 1439.05, 285.30, 0.9918
3: 1515.16, 280.74, 0.3984
4: 1381.81, 285.20, 0.9116
5: 1575.92, 420.89, 0.9838
6: 1312.81, 419.42, 0.9939
7: 1639.38, 629.50, 0.8900
8: 1260.58, 621.64, 0.9709
9: 1501.70, 572.75, 0.9022
10: 1397.03, 581.06, 0.9629
11: 1545.48, 812.51, 0.9205
12: 1366.28, 812.07, 0.9492
13: 1547.21, 1074.88, 0.1945
14: 1372.94, 1065.29, 0.2686
15: 1525.47, 1080.00, 0.0129
16: 1360.36, 1080.00, 0.0157

Frame: 570, Person: 0
0: 1469.86, 315.94, 0.9963
1: 1491.32, 281.05, 0.9739
2: 1441.04, 284.61, 0.9922
3: 1522.43, 274.80, 0.5132
4: 1387.20, 279.18, 0.9131
5: 1585.70, 428.97, 0.9903
6: 1310.06, 426.02, 0.9949
7: 1642.08, 640.60, 0.9138
8: 1260.10, 632.55, 0.9610
9: 1504.91, 576.34, 0.9145
10: 1393.98, 573.90, 0.9531
11: 1545.26, 841.18, 0.9389
12: 1360.19, 842.34, 0.9540
13: 1569.11, 1028.00, 0.2371
14: 1370.34, 1022.95, 0.2848
15: 1552.29, 1080.00, 0.0209
16: 1378.23, 1080.00, 0.0228

Frame: 571, Person: 0
0: 1474.99, 314.64, 0.9964
1: 1496.91, 280.10, 0.9760
2: 1446.14, 283.66, 0.9923
3: 1529.30, 274.71, 0.5555
4: 1393.79, 279.53, 0.9118
5: 1593.06, 430.17, 0.9899
6: 1314.28, 426.35, 0.9953
7: 1652.89, 638.48, 0.9100
8: 1250.95, 625.56, 0.9640
9: 1519.20, 590.65, 0.9106
10: 1385.19, 568.11, 0.9554
11: 1545.05, 844.88, 0.9366
12: 1358.58, 845.43, 0.9548
13: 1572.43, 1030.66, 0.2212
14: 1372.48, 1025.44, 0.2783
15: 1556.14, 1080.00, 0.0195
16: 1377.09, 1080.00, 0.0223

Frame: 572, Person: 0
0: 1482.55, 313.15, 0.9967
1: 1504.80, 279.46, 0.9755
2: 1453.67, 281.56, 0.9932
3: 1535.08, 277.05, 0.5184
4: 1399.22, 278.04, 0.9249
5: 1596.41, 434.58, 0.9912
6: 1318.21, 423.40, 0.9959
7: 1659.02, 646.48, 0.9172
8: 1249.45, 621.83, 0.9684
9: 1553.50, 608.48, 0.9130
10: 1381.87, 562.75, 0.9597
11: 1545.62, 843.56, 0.9437
12: 1360.28, 841.45, 0.9600
13: 1574.42, 1020.84, 0.2477
14: 1374.55, 1013.89, 0.3116
15: 1549.36, 1080.00, 0.0226
16: 1367.94, 1080.00, 0.0258

Frame: 573, Person: 0
0: 1487.28, 313.32, 0.9967
1: 1510.01, 279.94, 0.9757
2: 1458.19, 281.73, 0.9933
3: 1540.80, 277.97, 0.5197
4: 1402.77, 278.17, 0.9252
5: 1601.58, 435.42, 0.9906
6: 1320.86, 419.72, 0.9956
7: 1666.59, 643.27, 0.9129
8: 1244.98, 606.99, 0.9677
9: 1557.91, 632.20, 0.9047
10: 1384.40, 560.35, 0.9576
11: 1545.23, 848.84, 0.9358
12: 1357.92, 844.12, 0.9549
13: 1570.56, 1026.50, 0.2007
14: 1368.92, 1016.79, 0.2593
15: 1543.81, 1080.00, 0.0175
16: 1357.44, 1080.00, 0.0201

Frame: 574, Person: 0
0: 1490.59, 312.65, 0.9955
1: 1512.55, 279.68, 0.9699
2: 1461.42, 281.63, 0.9908
3: 1545.65, 277.82, 0.5136
4: 1408.13, 279.05, 0.8999
5: 1609.65, 435.02, 0.9844
6: 1326.70, 415.05, 0.9936
7: 1674.20, 642.04, 0.8915
8: 1239.26, 585.94, 0.9670
9: 1570.85, 657.99, 0.8945
10: 1392.74, 564.80, 0.9578
11: 1548.85, 844.37, 0.9046
12: 1358.10, 837.75, 0.9386
13: 1551.92, 1080.00, 0.1432
14: 1351.46, 1074.31, 0.2016
15: 1529.08, 1080.00, 0.0099
16: 1338.81, 1080.00, 0.0121

Frame: 575, Person: 0
0: 1491.68, 314.14, 0.9951
1: 1514.16, 280.72, 0.9736
2: 1461.86, 283.17, 0.9893
3: 1550.94, 277.07, 0.6015
4: 1412.53, 280.29, 0.8803
5: 1612.89, 434.65, 0.9833
6: 1334.51, 415.59, 0.9933
7: 1666.91, 634.86, 0.8897
8: 1239.37, 573.27, 0.9660
9: 1576.67, 691.79, 0.8890
10: 1400.97, 563.08, 0.9558
11: 1547.03, 849.79, 0.9050
12: 1358.71, 844.23, 0.9390
13: 1556.84, 1080.00, 0.1361
14: 1356.30, 1080.00, 0.1945
15: 1529.89, 1080.00, 0.0097
16: 1334.20, 1080.00, 0.0122

Frame: 576, Person: 0
0: 1491.54, 316.87, 0.9956
1: 1515.35, 281.60, 0.9816
2: 1460.38, 285.22, 0.9887
3: 1556.10, 273.31, 0.7178
4: 1413.36, 279.75, 0.8626
5: 1612.43, 432.08, 0.9881
6: 1344.35, 414.46, 0.9940
7: 1657.96, 630.49, 0.9073
8: 1245.72, 576.32, 0.9590
9: 1582.25, 708.98, 0.8865
10: 1415.68, 556.55, 0.9447
11: 1547.84, 846.19, 0.9192
12: 1367.90, 841.30, 0.9407
13: 1571.07, 1030.17, 0.1464
14: 1376.58, 1028.52, 0.1893
15: 1547.35, 1080.00, 0.0136
16: 1352.67, 1080.00, 0.0160

Frame: 577, Person: 0
0: 1490.08, 318.22, 0.9950
1: 1513.76, 282.36, 0.9831
2: 1458.39, 287.20, 0.9855
3: 1558.70, 271.58, 0.7824
4: 1416.11, 281.90, 0.8238
5: 1614.61, 432.86, 0.9872
6: 1352.28, 415.46, 0.9932
7: 1656.69, 640.58, 0.9029
8: 1249.07, 577.60, 0.9528
9: 1589.49, 752.78, 0.8769
10: 1437.66, 540.96, 0.9371
11: 1535.21, 841.44, 0.9088
12: 1360.33, 835.33, 0.9313
13: 1547.95, 1026.67, 0.1373
14: 1366.97, 1028.64, 0.1761
15: 1521.67, 1069.73, 0.0134
16: 1337.83, 1080.00, 0.0159

Frame: 578, Person: 0
0: 1486.65, 320.04, 0.9948
1: 1511.58, 285.45, 0.9841
2: 1456.82, 288.00, 0.9840
3: 1558.93, 274.87, 0.8118
4: 1417.90, 280.00, 0.8001
5: 1615.19, 436.71, 0.9875
6: 1354.67, 415.85, 0.9934
7: 1658.08, 649.93, 0.9041
8: 1253.21, 579.84, 0.9526
9: 1593.78, 776.87, 0.8730
10: 1439.61, 533.13, 0.9348
11: 1535.40, 852.64, 0.9124
12: 1361.59, 844.12, 0.9342
13: 1542.71, 1041.19, 0.1370
14: 1365.27, 1040.47, 0.1757
15: 1518.53, 1079.59, 0.0134
16: 1338.65, 1080.00, 0.0160

Frame: 579, Person: 0
0: 1483.45, 320.13, 0.9945
1: 1509.63, 286.78, 0.9844
2: 1455.09, 288.25, 0.9819
3: 1558.62, 278.76, 0.8321
4: 1418.75, 281.16, 0.7757
5: 1614.29, 440.80, 0.9878
6: 1353.82, 418.81, 0.9930
7: 1651.13, 661.25, 0.9087
8: 1257.80, 581.43, 0.9492
9: 1586.93, 808.91, 0.8695
10: 1437.54, 511.86, 0.9297
11: 1535.56, 857.29, 0.9134
12: 1360.65, 848.60, 0.9320
13: 1558.12, 1043.73, 0.1338
14: 1374.29, 1045.54, 0.1671
15: 1533.88, 1080.00, 0.0131
16: 1348.01, 1080.00, 0.0154

Frame: 580, Person: 0
0: 1482.60, 318.15, 0.9940
1: 1507.63, 284.97, 0.9836
2: 1454.47, 288.20, 0.9796
3: 1555.35, 276.81, 0.8340
4: 1419.45, 283.41, 0.7633
5: 1615.44, 436.54, 0.9886
6: 1350.84, 422.13, 0.9927
7: 1646.13, 665.65, 0.9146
8: 1259.76, 587.89, 0.9433
9: 1590.61, 819.33, 0.8652
10: 1413.91, 487.46, 0.9202
11: 1538.75, 853.76, 0.9164
12: 1362.16, 848.84, 0.9298
13: 1569.04, 1029.02, 0.1418
14: 1380.95, 1040.40, 0.1676
15: 1536.84, 1069.04, 0.0142
16: 1360.25, 1080.00, 0.0160

Frame: 581, Person: 0
0: 1477.60, 323.40, 0.9941
1: 1504.31, 289.63, 0.9837
2: 1448.90, 291.85, 0.9796
3: 1553.31, 278.75, 0.8239
4: 1412.08, 282.96, 0.7579
5: 1613.85, 432.23, 0.9893
6: 1342.85, 419.99, 0.9924
7: 1646.53, 665.79, 0.9220
8: 1258.15, 586.94, 0.9412
9: 1592.60, 831.37, 0.8696
10: 1394.95, 463.33, 0.9183
11: 1537.98, 858.40, 0.9236
12: 1357.83, 854.22, 0.9326
13: 1569.83, 1038.73, 0.1453
14: 1381.02, 1053.14, 0.1649
15: 1528.75, 1080.00, 0.0138
16: 1362.28, 1080.00, 0.0150

Frame: 582, Person: 0
0: 1469.93, 322.90, 0.9940
1: 1498.37, 288.88, 0.9852
2: 1440.39, 291.70, 0.9773
3: 1551.16, 278.72, 0.8578
4: 1405.86, 284.62, 0.7249
5: 1612.44, 428.94, 0.9895
6: 1341.22, 419.54, 0.9926
7: 1643.86, 660.03, 0.9267
8: 1258.57, 577.64, 0.9443
9: 1595.95, 832.34, 0.8749
10: 1388.54, 434.29, 0.9216
11: 1536.80, 858.44, 0.9341
12: 1356.32, 855.40, 0.9422
13: 1572.01, 1044.70, 0.1607
14: 1381.25, 1062.83, 0.1837
15: 1531.70, 1080.00, 0.0152
16: 1363.02, 1080.00, 0.0169

Frame: 583, Person: 0
0: 1460.48, 323.52, 0.9939
1: 1490.37, 289.88, 0.9864
2: 1431.93, 291.00, 0.9753
3: 1546.43, 280.12, 0.8800
4: 1400.22, 281.98, 0.6933
5: 1611.43, 431.60, 0.9898
6: 1335.65, 418.97, 0.9924
7: 1647.70, 663.17, 0.9298
8: 1255.42, 576.45, 0.9419
9: 1601.66, 837.44, 0.8793
10: 1390.08, 430.34, 0.9193
11: 1537.98, 864.89, 0.9360
12: 1354.02, 860.59, 0.9422
13: 1578.94, 1051.78, 0.1631
14: 1382.84, 1067.44, 0.1829
15: 1541.14, 1080.00, 0.0154
16: 1368.09, 1080.00, 0.0170

Frame: 584, Person: 0
0: 1459.14, 322.95, 0.9937
1: 1487.17, 289.53, 0.9856
2: 1431.07, 291.56, 0.9748
3: 1540.33, 279.92, 0.8660
4: 1398.36, 283.50, 0.6964
5: 1609.14, 429.71, 0.9902
6: 1330.64, 420.30, 0.9915
7: 1648.21, 654.78, 0.9337
8: 1253.88, 576.55, 0.9356
9: 1609.53, 831.56, 0.8794
10: 1392.13, 439.08, 0.9109
11: 1542.25, 861.50, 0.9313
12: 1356.02, 859.40, 0.9336
13: 1585.88, 1034.97, 0.1510
14: 1382.48, 1053.82, 0.1603
15: 1545.49, 1080.00, 0.0143
16: 1368.64, 1080.00, 0.0150

Frame: 585, Person: 0
0: 1454.87, 321.38, 0.9929
1: 1481.32, 288.33, 0.9835
2: 1426.75, 290.19, 0.9724
3: 1536.79, 278.02, 0.8521
4: 1398.71, 283.65, 0.6838
5: 1612.69, 419.97, 0.9824
6: 1329.54, 430.81, 0.9900
7: 1649.53, 636.39, 0.9035
8: 1251.52, 585.77, 0.9430
9: 1621.96, 836.71, 0.8519
10: 1390.75, 444.87, 0.9150
11: 1542.49, 853.55, 0.8974
12: 1353.38, 860.76, 0.9196
13: 1554.43, 1080.00, 0.1012
14: 1362.90, 1080.00, 0.1283
15: 1491.63, 1080.00, 0.0070
16: 1341.85, 1080.00, 0.0084

Frame: 586, Person: 0
0: 1450.65, 324.90, 0.9928
1: 1474.87, 290.54, 0.9840
2: 1421.40, 294.72, 0.9710
3: 1531.89, 275.30, 0.8590
4: 1395.80, 287.08, 0.6651
5: 1613.12, 415.71, 0.9819
6: 1330.90, 431.25, 0.9896
7: 1651.54, 634.94, 0.9028
8: 1249.23, 589.67, 0.9411
9: 1625.59, 830.85, 0.8540
10: 1390.79, 448.32, 0.9141
11: 1543.07, 851.75, 0.8945
12: 1354.71, 861.27, 0.9167
13: 1559.69, 1080.00, 0.1005
14: 1367.75, 1080.00, 0.1273
15: 1500.33, 1080.00, 0.0070
16: 1344.87, 1080.00, 0.0084

Frame: 587, Person: 0
0: 1446.49, 329.01, 0.9927
1: 1472.24, 294.27, 0.9845
2: 1417.17, 297.21, 0.9690
3: 1531.08, 278.70, 0.8655
4: 1391.09, 287.85, 0.6413
5: 1612.59, 419.14, 0.9827
6: 1327.93, 437.12, 0.9889
7: 1652.08, 636.00, 0.9084
8: 1251.28, 596.70, 0.9363
9: 1627.02, 833.46, 0.8606
10: 1383.37, 444.89, 0.9100
11: 1544.60, 854.81, 0.8979
12: 1354.68, 864.94, 0.9151
13: 1558.20, 1080.00, 0.1043
14: 1366.57, 1080.00, 0.1259
15: 1492.01, 1080.00, 0.0071
16: 1343.09, 1080.00, 0.0083

Frame: 588, Person: 0
0: 1441.99, 328.63, 0.9931
1: 1466.90, 295.45, 0.9841
2: 1414.27, 298.20, 0.9711
3: 1523.33, 281.70, 0.8578
4: 1389.50, 290.12, 0.6594
5: 1607.51, 416.44, 0.9836
6: 1327.74, 435.43, 0.9903
7: 1655.35, 636.41, 0.9110
8: 1255.95, 595.94, 0.9448
9: 1627.91, 832.44, 0.8605
10: 1373.04, 435.51, 0.9166
11: 1544.62, 850.67, 0.9076
12: 1358.07, 860.09, 0.9267
13: 1551.61, 1080.00, 0.1124
14: 1361.54, 1080.00, 0.1405
15: 1487.82, 1080.00, 0.0075
16: 1338.44, 1080.00, 0.0089

Frame: 589, Person: 0
0: 1434.18, 329.56, 0.9934
1: 1460.46, 296.31, 0.9848
2: 1406.44, 298.06, 0.9717
3: 1519.11, 281.93, 0.8645
4: 1382.62, 288.26, 0.6517
5: 1603.22, 414.42, 0.9840
6: 1327.43, 432.02, 0.9910
7: 1655.15, 639.99, 0.9108
8: 1259.60, 597.03, 0.9490
9: 1625.24, 835.84, 0.8586
10: 1361.37, 436.50, 0.9198
11: 1542.64, 848.05, 0.9063
12: 1358.62, 855.55, 0.9283
13: 1545.89, 1080.00, 0.1126
14: 1357.81, 1080.00, 0.1455
15: 1483.14, 1080.00, 0.0076
16: 1334.25, 1080.00, 0.0094

Frame: 590, Person: 0
0: 1429.09, 329.80, 0.9934
1: 1455.65, 295.79, 0.9852
2: 1400.52, 298.55, 0.9710
3: 1515.50, 281.25, 0.8716
4: 1376.82, 289.90, 0.6428
5: 1601.63, 414.17, 0.9837
6: 1324.49, 434.45, 0.9908
7: 1653.83, 639.88, 0.9090
8: 1256.24, 600.06, 0.9475
9: 1622.48, 840.00, 0.8551
10: 1358.29, 439.49, 0.9177
11: 1543.14, 849.91, 0.8994
12: 1358.52, 858.35, 0.9231
13: 1544.24, 1080.00, 0.1024
14: 1356.59, 1080.00, 0.1333
15: 1478.46, 1080.00, 0.0069
16: 1331.00, 1080.00, 0.0086

Frame: 591, Person: 0
0: 1426.53, 329.02, 0.9932
1: 1452.69, 294.46, 0.9854
2: 1397.09, 299.32, 0.9704
3: 1512.28, 281.36, 0.8775
4: 1373.12, 294.49, 0.6395
5: 1599.74, 416.00, 0.9837
6: 1322.60, 438.27, 0.9906
7: 1653.84, 639.34, 0.9092
8: 1250.60, 598.99, 0.9463
9: 1620.03, 840.49, 0.8556
10: 1356.46, 440.51, 0.9166
11: 1541.72, 849.95, 0.8982
12: 1357.65, 859.31, 0.9216
13: 1542.35, 1080.00, 0.1016
14: 1356.15, 1080.00, 0.1315
15: 1478.03, 1080.00, 0.0070
16: 1329.39, 1080.00, 0.0086

Frame: 592, Person: 0
0: 1422.16, 327.51, 0.9930
1: 1449.64, 293.23, 0.9858
2: 1393.64, 297.04, 0.9688
3: 1510.76, 282.00, 0.8868
4: 1370.86, 292.55, 0.6205
5: 1599.80, 419.12, 0.9832
6: 1319.19, 441.65, 0.9902
7: 1653.23, 640.28, 0.9064
8: 1249.74, 600.73, 0.9436
9: 1615.56, 843.55, 0.8511
10: 1350.27, 437.25, 0.9125
11: 1541.29, 855.92, 0.8890
12: 1354.74, 864.82, 0.9143
13: 1539.24, 1080.00, 0.0896
14: 1350.77, 1080.00, 0.1161
15: 1469.95, 1080.00, 0.0061
16: 1325.10, 1080.00, 0.0075

Frame: 593, Person: 0
0: 1419.29, 327.30, 0.9933
1: 1447.98, 292.14, 0.9861
2: 1389.36, 296.88, 0.9702
3: 1509.96, 282.06, 0.8880
4: 1365.16, 294.68, 0.6298
5: 1596.71, 418.31, 0.9835
6: 1318.31, 444.59, 0.9909
7: 1652.93, 642.43, 0.9064
8: 1250.99, 607.20, 0.9477
9: 1613.15, 840.48, 0.8514
10: 1345.61, 432.60, 0.9173
11: 1540.24, 854.78, 0.8899
12: 1355.24, 864.93, 0.9175
13: 1537.75, 1080.00, 0.0909
14: 1350.88, 1080.00, 0.1212
15: 1469.63, 1080.00, 0.0062
16: 1322.75, 1080.00, 0.0079

Frame: 594, Person: 0
0: 1417.38, 326.31, 0.9933
1: 1445.17, 290.73, 0.9861
2: 1387.35, 296.27, 0.9702
3: 1506.73, 280.25, 0.8873
4: 1363.77, 294.79, 0.6301
5: 1595.25, 418.58, 0.9833
6: 1317.77, 446.89, 0.9909
7: 1651.83, 644.04, 0.9045
8: 1248.92, 611.67, 0.9470
9: 1612.52, 842.89, 0.8492
10: 1342.28, 435.17, 0.9168
11: 1539.06, 856.59, 0.8839
12: 1355.11, 867.54, 0.9133
13: 1535.23, 1080.00, 0.0856
14: 1351.02, 1080.00, 0.1150
15: 1464.71, 1080.00, 0.0058
16: 1321.01, 1080.00, 0.0074

Frame: 595, Person: 0
0: 1414.16, 325.55, 0.9934
1: 1442.42, 290.13, 0.9864
2: 1383.14, 294.46, 0.9698
3: 1504.24, 280.66, 0.8901
4: 1356.46, 292.95, 0.6026
5: 1588.42, 418.54, 0.9839
6: 1314.47, 444.72, 0.9911
7: 1653.16, 635.47, 0.9144
8: 1243.21, 606.02, 0.9506
9: 1615.80, 831.32, 0.8728
10: 1346.48, 456.69, 0.9254
11: 1537.21, 849.82, 0.9090
12: 1355.44, 859.53, 0.9280
13: 1538.95, 1080.00, 0.1196
14: 1365.02, 1080.00, 0.1527
15: 1478.93, 1080.00, 0.0084
16: 1331.30, 1080.00, 0.0106

Frame: 596, Person: 0
0: 1414.40, 324.92, 0.9932
1: 1440.56, 289.20, 0.9861
2: 1384.91, 295.21, 0.9694
3: 1500.90, 278.01, 0.8860
4: 1362.00, 293.43, 0.6270
5: 1592.85, 419.75, 0.9838
6: 1314.38, 446.95, 0.9901
7: 1651.49, 641.31, 0.9072
8: 1239.30, 611.39, 0.9409
9: 1612.28, 844.37, 0.8531
10: 1342.51, 452.09, 0.9119
11: 1539.81, 859.26, 0.8799
12: 1355.66, 870.34, 0.9054
13: 1537.16, 1080.00, 0.0828
14: 1355.09, 1080.00, 0.1060
15: 1466.92, 1080.00, 0.0056
16: 1324.97, 1080.00, 0.0069

Frame: 597, Person: 0
0: 1409.57, 320.10, 0.9921
1: 1433.73, 286.08, 0.9858
2: 1381.05, 292.82, 0.9603
3: 1494.88, 277.53, 0.9115
4: 1362.67, 295.00, 0.5529
5: 1587.18, 419.14, 0.9860
6: 1321.21, 439.77, 0.9899
7: 1651.67, 635.90, 0.9261
8: 1234.19, 598.35, 0.9417
9: 1616.10, 833.84, 0.8823
10: 1357.59, 487.81, 0.9135
11: 1534.91, 849.14, 0.9192
12: 1359.04, 856.87, 0.9279
13: 1541.47, 1080.00, 0.1332
14: 1374.79, 1080.00, 0.1538
15: 1492.47, 1080.00, 0.0095
16: 1339.01, 1080.00, 0.0111

Frame: 598, Person: 0
0: 1405.04, 322.72, 0.9916
1: 1428.12, 287.70, 0.9859
2: 1375.78, 295.25, 0.9556
3: 1491.21, 275.52, 0.9169
4: 1358.57, 295.12, 0.5188
5: 1587.19, 419.08, 0.9858
6: 1320.38, 437.68, 0.9883
7: 1651.03, 636.64, 0.9270
8: 1230.65, 595.80, 0.9330
9: 1615.26, 833.86, 0.8859
10: 1371.67, 497.48, 0.9065
11: 1536.59, 850.81, 0.9174
12: 1360.15, 858.18, 0.9218
13: 1542.35, 1080.00, 0.1292
14: 1378.42, 1080.00, 0.1423
15: 1497.26, 1080.00, 0.0090
16: 1343.17, 1080.00, 0.0102

Frame: 599, Person: 0
0: 1401.15, 324.69, 0.9915
1: 1424.06, 288.68, 0.9866
2: 1371.06, 296.83, 0.9527
3: 1489.88, 273.90, 0.9235
4: 1354.50, 294.91, 0.4836
5: 1586.61, 420.83, 0.9860
6: 1320.12, 434.77, 0.9870
7: 1650.40, 637.30, 0.9302
8: 1227.31, 588.17, 0.9263
9: 1612.57, 830.77, 0.8962
10: 1383.57, 506.79, 0.9049
11: 1534.45, 850.14, 0.9230
12: 1357.95, 856.02, 0.9228
13: 1545.03, 1080.00, 0.1493
14: 1382.44, 1080.00, 0.1568
15: 1506.91, 1080.00, 0.0108
16: 1347.76, 1080.00, 0.0119

Frame: 600, Person: 0
0: 1395.85, 326.05, 0.9908
1: 1417.83, 290.56, 0.9861
2: 1367.04, 298.16, 0.9473
3: 1484.64, 274.30, 0.9290
4: 1353.80, 294.15, 0.4645
5: 1586.32, 422.27, 0.9861
6: 1318.58, 432.04, 0.9865
7: 1649.76, 639.33, 0.9294
8: 1225.28, 583.98, 0.9223
9: 1611.07, 832.22, 0.8945
10: 1387.81, 514.80, 0.8993
11: 1533.01, 849.56, 0.9210
12: 1355.51, 853.55, 0.9197
13: 1543.79, 1080.00, 0.1448
14: 1379.40, 1080.00, 0.1506
15: 1507.48, 1080.00, 0.0104
16: 1347.80, 1080.00, 0.0114

Frame: 601, Person: 0
0: 1390.43, 326.58, 0.9906
1: 1412.65, 291.25, 0.9865
2: 1362.23, 298.79, 0.9445
3: 1481.15, 275.54, 0.9351
4: 1350.72, 294.76, 0.4438
5: 1585.02, 426.32, 0.9866
6: 1317.53, 431.21, 0.9862
7: 1648.86, 641.66, 0.9318
8: 1223.30, 576.93, 0.9205
9: 1611.03, 834.59, 0.8990
10: 1390.28, 520.18, 0.8988
11: 1533.15, 849.65, 0.9264
12: 1355.56, 851.55, 0.9234
13: 1545.06, 1080.00, 0.1582
14: 1379.38, 1080.00, 0.1619
15: 1512.91, 1080.00, 0.0116
16: 1349.37, 1080.00, 0.0126

Frame: 602, Person: 0
0: 1387.55, 327.13, 0.9908
1: 1409.75, 291.53, 0.9861
2: 1358.51, 299.68, 0.9481
3: 1476.48, 276.80, 0.9307
4: 1345.08, 297.00, 0.4696
5: 1578.09, 426.55, 0.9863
6: 1315.60, 431.01, 0.9867
7: 1646.79, 638.43, 0.9296
8: 1226.57, 573.54, 0.9253
9: 1613.26, 829.20, 0.8970
10: 1400.73, 521.74, 0.9036
11: 1532.00, 849.60, 0.9248
12: 1357.67, 851.69, 0.9245
13: 1543.23, 1080.00, 0.1548
14: 1381.09, 1080.00, 0.1635
15: 1513.76, 1080.00, 0.0115
16: 1350.25, 1080.00, 0.0128

Frame: 603, Person: 0
0: 1384.18, 327.44, 0.9906
1: 1405.96, 291.87, 0.9854
2: 1354.95, 300.21, 0.9497
3: 1471.43, 277.12, 0.9268
4: 1341.15, 297.74, 0.4882
5: 1573.44, 426.05, 0.9852
6: 1312.56, 430.13, 0.9866
7: 1644.39, 639.59, 0.9221
8: 1229.57, 573.18, 0.9258
9: 1610.84, 832.86, 0.8864
10: 1410.31, 521.32, 0.9018
11: 1528.08, 850.89, 0.9131
12: 1355.07, 852.61, 0.9165
13: 1535.90, 1080.00, 0.1327
14: 1377.02, 1080.00, 0.1460
15: 1504.40, 1080.00, 0.0099
16: 1347.22, 1080.00, 0.0113

Frame: 604, Person: 0
0: 1379.42, 327.27, 0.9908
1: 1401.74, 291.96, 0.9859
2: 1350.26, 300.57, 0.9499
3: 1467.65, 278.55, 0.9293
4: 1336.52, 299.38, 0.4774
5: 1570.11, 425.64, 0.9854
6: 1310.61, 429.82, 0.9865
7: 1643.39, 639.28, 0.9241
8: 1233.86, 570.75, 0.9263
9: 1609.27, 836.62, 0.8876
10: 1416.65, 518.30, 0.9016
11: 1529.17, 851.83, 0.9156
12: 1356.83, 853.29, 0.9184
13: 1533.93, 1080.00, 0.1376
14: 1374.88, 1080.00, 0.1505
15: 1504.55, 1080.00, 0.0105
16: 1347.00, 1080.00, 0.0120

Frame: 605, Person: 0
0: 1377.04, 327.32, 0.9911
1: 1399.67, 291.90, 0.9863
2: 1347.39, 301.14, 0.9526
3: 1465.57, 279.60, 0.9288
4: 1333.14, 301.55, 0.4827
5: 1567.64, 426.27, 0.9848
6: 1310.06, 430.08, 0.9866
7: 1641.89, 640.29, 0.9214
8: 1234.71, 567.80, 0.9289
9: 1609.18, 838.87, 0.8845
10: 1417.61, 512.65, 0.9041
11: 1528.22, 853.30, 0.9113
12: 1357.41, 854.38, 0.9168
13: 1529.03, 1080.00, 0.1292
14: 1372.81, 1080.00, 0.1452
15: 1498.38, 1080.00, 0.0098
16: 1343.07, 1080.00, 0.0114

Frame: 606, Person: 0
0: 1376.90, 327.85, 0.9915
1: 1399.54, 292.52, 0.9865
2: 1347.22, 301.51, 0.9554
3: 1464.80, 280.30, 0.9262
4: 1332.44, 301.62, 0.4964
5: 1565.08, 425.50, 0.9840
6: 1309.89, 429.61, 0.9869
7: 1642.33, 635.16, 0.9170
8: 1228.16, 563.20, 0.9317
9: 1608.71, 837.11, 0.8812
10: 1412.99, 504.59, 0.9082
11: 1526.83, 852.18, 0.9039
12: 1358.02, 853.39, 0.9132
13: 1524.15, 1080.00, 0.1210
14: 1372.02, 1080.00, 0.1408
15: 1492.48, 1080.00, 0.0093
16: 1337.66, 1080.00, 0.0111

Frame: 607, Person: 0
0: 1377.17, 328.82, 0.9916
1: 1399.75, 292.94, 0.9868
2: 1347.26, 301.93, 0.9547
3: 1465.36, 279.64, 0.9264
4: 1332.29, 301.24, 0.4877
5: 1566.29, 424.74, 0.9844
6: 1309.49, 431.89, 0.9869
7: 1643.09, 633.06, 0.9197
8: 1225.67, 564.06, 0.9312
9: 1605.92, 834.42, 0.8856
10: 1406.70, 491.08, 0.9093
11: 1527.08, 853.57, 0.9077
12: 1357.38, 856.11, 0.9152
13: 1523.41, 1080.00, 0.1277
14: 1371.69, 1080.00, 0.1461
15: 1487.25, 1080.00, 0.0098
16: 1334.66, 1080.00, 0.0115

Frame: 608, Person: 0
0: 1382.34, 328.82, 0.9923
1: 1404.21, 293.22, 0.9866
2: 1351.74, 302.34, 0.9618
3: 1466.31, 279.56, 0.9131
4: 1334.02, 302.11, 0.5421
5: 1563.67, 417.70, 0.9836
6: 1309.11, 432.61, 0.9887
7: 1642.32, 628.84, 0.9152
8: 1218.74, 572.75, 0.9417
9: 1604.81, 833.39, 0.8777
10: 1383.79, 476.55, 0.9186
11: 1527.18, 847.35, 0.9010
12: 1359.01, 853.18, 0.9166
13: 1522.36, 1080.00, 0.1160
14: 1367.47, 1080.00, 0.1427
15: 1483.31, 1080.00, 0.0087
16: 1322.24, 1080.00, 0.0108

Frame: 609, Person: 0
0: 1385.25, 323.63, 0.9931
1: 1407.79, 286.76, 0.9875
2: 1354.52, 297.24, 0.9645
3: 1466.31, 276.18, 0.9080
4: 1332.97, 301.08, 0.5491
5: 1565.24, 423.15, 0.9870
6: 1302.55, 440.06, 0.9885
7: 1641.01, 636.07, 0.9289
8: 1223.80, 575.38, 0.9327
9: 1607.96, 845.90, 0.8730
10: 1344.15, 435.24, 0.9040
11: 1519.64, 867.62, 0.9074
12: 1344.20, 872.31, 0.9114
13: 1532.36, 1080.00, 0.0952
14: 1345.46, 1080.00, 0.1044
15: 1485.29, 1080.00, 0.0073
16: 1296.93, 1080.00, 0.0081

Frame: 610, Person: 0
0: 1391.92, 322.78, 0.9933
1: 1416.64, 288.22, 0.9840
2: 1361.42, 295.31, 0.9720
3: 1473.46, 278.78, 0.8598
4: 1334.68, 296.50, 0.6526
5: 1563.63, 409.40, 0.9818
6: 1291.61, 442.13, 0.9919
7: 1642.48, 640.18, 0.9080
8: 1222.82, 602.23, 0.9602
9: 1601.94, 845.13, 0.8662
10: 1314.32, 457.34, 0.9323
11: 1529.41, 846.54, 0.8823
12: 1350.83, 861.29, 0.9175
13: 1516.76, 1080.00, 0.1089
14: 1350.25, 1080.00, 0.1545
15: 1469.91, 1080.00, 0.0077
16: 1339.75, 1080.00, 0.0104

Frame: 611, Person: 0
0: 1398.94, 319.55, 0.9940
1: 1423.07, 282.47, 0.9876
2: 1366.60, 293.43, 0.9728
3: 1478.90, 274.65, 0.8911
4: 1341.27, 300.92, 0.6225
5: 1568.60, 420.35, 0.9853
6: 1308.42, 442.05, 0.9902
7: 1635.78, 642.48, 0.9163
8: 1217.88, 584.36, 0.9423
9: 1605.55, 856.27, 0.8501
10: 1288.84, 418.11, 0.9115
11: 1511.47, 872.91, 0.8875
12: 1339.33, 878.34, 0.9051
13: 1518.86, 1080.00, 0.0677
14: 1336.34, 1080.00, 0.0832
15: 1458.83, 1080.00, 0.0047
16: 1276.71, 1080.00, 0.0056

Frame: 612, Person: 0
0: 1399.78, 315.89, 0.9940
1: 1425.09, 281.79, 0.9870
2: 1369.17, 290.07, 0.9741
3: 1483.10, 276.07, 0.8934
4: 1347.23, 296.79, 0.6381
5: 1570.95, 412.71, 0.9814
6: 1310.94, 433.96, 0.9921
7: 1638.91, 641.57, 0.8989
8: 1210.42, 581.07, 0.9596
9: 1597.94, 847.87, 0.8416
10: 1276.07, 428.73, 0.9294
11: 1513.91, 855.40, 0.8751
12: 1343.34, 861.19, 0.9151
13: 1507.26, 1080.00, 0.0692
14: 1341.51, 1080.00, 0.1039
15: 1450.65, 1080.00, 0.0045
16: 1291.34, 1080.00, 0.0063

Frame: 613, Person: 0
0: 1402.39, 312.44, 0.9939
1: 1426.71, 278.89, 0.9868
2: 1372.34, 288.11, 0.9743
3: 1483.30, 275.52, 0.8948
4: 1351.67, 298.14, 0.6470
5: 1571.34, 413.00, 0.9814
6: 1315.63, 435.19, 0.9925
7: 1638.57, 639.87, 0.8986
8: 1209.59, 579.62, 0.9617
9: 1597.22, 847.75, 0.8398
10: 1276.52, 429.42, 0.9317
11: 1516.57, 853.35, 0.8750
12: 1348.74, 859.82, 0.9168
13: 1512.71, 1080.00, 0.0680
14: 1348.37, 1080.00, 0.1042
15: 1458.44, 1080.00, 0.0044
16: 1294.15, 1080.00, 0.0063

Frame: 614, Person: 0
0: 1403.10, 310.65, 0.9940
1: 1427.77, 277.25, 0.9869
2: 1373.02, 286.40, 0.9749
3: 1483.81, 275.54, 0.8949
4: 1351.78, 297.87, 0.6536
5: 1570.37, 414.04, 0.9817
6: 1315.93, 436.17, 0.9927
7: 1638.34, 640.74, 0.8997
8: 1209.24, 581.30, 0.9624
9: 1595.39, 847.69, 0.8433
10: 1278.05, 430.58, 0.9336
11: 1515.84, 853.46, 0.8810
12: 1349.45, 859.84, 0.9211
13: 1509.23, 1080.00, 0.0723
14: 1350.51, 1080.00, 0.1106
15: 1454.87, 1080.00, 0.0047
16: 1296.50, 1080.00, 0.0066

Frame: 615, Person: 0
0: 1403.73, 311.36, 0.9941
1: 1429.28, 277.72, 0.9874
2: 1373.47, 285.90, 0.9744
3: 1486.76, 275.08, 0.8985
4: 1351.77, 295.34, 0.6395
5: 1571.65, 414.36, 0.9823
6: 1316.15, 434.19, 0.9924
7: 1638.15, 646.29, 0.9044
8: 1209.09, 584.73, 0.9609
9: 1592.44, 852.74, 0.8514
10: 1281.38, 434.39, 0.9332
11: 1516.76, 854.73, 0.8885
12: 1349.28, 860.13, 0.9237
13: 1510.50, 1080.00, 0.0803
14: 1350.28, 1080.00, 0.1183
15: 1460.38, 1080.00, 0.0052
16: 1297.86, 1080.00, 0.0072

Frame: 616, Person: 0
0: 1403.87, 310.27, 0.9940
1: 1429.68, 276.94, 0.9870
2: 1373.91, 284.34, 0.9739
3: 1486.94, 274.62, 0.8953
4: 1351.95, 293.05, 0.6381
5: 1570.57, 413.08, 0.9825
6: 1316.06, 432.61, 0.9922
7: 1637.77, 644.87, 0.9055
8: 1211.42, 588.43, 0.9593
9: 1594.35, 845.59, 0.8534
10: 1286.75, 441.51, 0.9314
11: 1517.53, 851.17, 0.8874
12: 1350.77, 856.63, 0.9212
13: 1511.06, 1080.00, 0.0817
14: 1353.10, 1080.00, 0.1180
15: 1460.63, 1080.00, 0.0053
16: 1301.51, 1080.00, 0.0073

Frame: 617, Person: 0
0: 1400.41, 309.94, 0.9927
1: 1426.04, 277.93, 0.9845
2: 1372.49, 284.04, 0.9661
3: 1485.84, 272.84, 0.8919
4: 1353.37, 288.37, 0.6075
5: 1572.01, 404.84, 0.9834
6: 1309.33, 430.11, 0.9924
7: 1633.81, 649.83, 0.9157
8: 1217.32, 597.30, 0.9615
9: 1594.62, 846.38, 0.8672
10: 1287.78, 456.15, 0.9292
11: 1526.40, 837.87, 0.8943
12: 1354.81, 848.59, 0.9248
13: 1511.88, 1080.00, 0.1172
14: 1355.24, 1080.00, 0.1629
15: 1467.78, 1080.00, 0.0081
16: 1338.00, 1080.00, 0.0110

Frame: 618, Person: 0
0: 1402.18, 307.78, 0.9945
1: 1429.09, 273.75, 0.9885
2: 1373.05, 280.23, 0.9752
3: 1488.04, 271.01, 0.9080
4: 1353.12, 286.84, 0.6314
5: 1571.24, 418.93, 0.9847
6: 1318.88, 428.13, 0.9925
7: 1632.99, 651.23, 0.9067
8: 1216.55, 585.58, 0.9553
9: 1595.51, 852.92, 0.8452
10: 1289.83, 446.86, 0.9266
11: 1509.58, 859.25, 0.8914
12: 1342.91, 858.86, 0.9206
13: 1525.15, 1080.00, 0.0783
14: 1352.77, 1080.00, 0.1104
15: 1475.52, 1080.00, 0.0058
16: 1293.92, 1080.00, 0.0077

Frame: 619, Person: 0
0: 1399.87, 306.16, 0.9944
1: 1427.41, 272.70, 0.9890
2: 1372.18, 277.79, 0.9729
3: 1488.56, 270.34, 0.9163
4: 1355.01, 282.98, 0.5984
5: 1573.25, 419.09, 0.9850
6: 1319.92, 427.43, 0.9921
7: 1634.46, 650.35, 0.9103
8: 1216.57, 585.66, 0.9528
9: 1595.10, 851.91, 0.8504
10: 1291.55, 442.96, 0.9240
11: 1510.86, 862.36, 0.8922
12: 1342.84, 861.31, 0.9184
13: 1526.22, 1080.00, 0.0772
14: 1351.07, 1080.00, 0.1056
15: 1475.20, 1080.00, 0.0056
16: 1289.40, 1080.00, 0.0073

Frame: 620, Person: 0
0: 1398.09, 303.55, 0.9939
1: 1425.41, 271.03, 0.9891
2: 1371.61, 276.90, 0.9684
3: 1487.88, 270.91, 0.9267
4: 1357.38, 284.94, 0.5568
5: 1576.28, 419.63, 0.9863
6: 1319.31, 428.93, 0.9913
7: 1634.49, 650.78, 0.9204
8: 1216.53, 587.19, 0.9473
9: 1596.82, 852.29, 0.8594
10: 1297.42, 447.19, 0.9155
11: 1512.63, 861.33, 0.9033
12: 1342.06, 860.84, 0.9203
13: 1528.96, 1080.00, 0.0844
14: 1349.91, 1080.00, 0.1063
15: 1478.99, 1080.00, 0.0060
16: 1291.54, 1080.00, 0.0075

Frame: 621, Person: 0
0: 1396.56, 302.35, 0.9938
1: 1423.98, 270.54, 0.9892
2: 1371.30, 275.71, 0.9670
3: 1487.76, 270.41, 0.9307
4: 1359.28, 282.81, 0.5456
5: 1577.23, 418.86, 0.9864
6: 1319.09, 428.75, 0.9915
7: 1636.35, 646.66, 0.9208
8: 1217.98, 585.35, 0.9473
9: 1601.28, 850.12, 0.8607
10: 1303.39, 442.41, 0.9151
11: 1512.63, 860.27, 0.9090
12: 1341.45, 859.95, 0.9250
13: 1526.30, 1080.00, 0.0896
14: 1349.23, 1080.00, 0.1125
15: 1475.75, 1080.00, 0.0063
16: 1294.23, 1080.00, 0.0079

Frame: 622, Person: 0
0: 1394.91, 301.17, 0.9932
1: 1422.66, 269.76, 0.9893
2: 1370.74, 274.79, 0.9614
3: 1488.49, 270.51, 0.9370
4: 1360.94, 282.18, 0.5002
5: 1580.06, 419.93, 0.9870
6: 1319.51, 429.78, 0.9901
7: 1638.57, 645.18, 0.9264
8: 1217.16, 584.26, 0.9375
9: 1603.90, 848.57, 0.8671
10: 1307.74, 440.10, 0.9035
11: 1515.40, 861.52, 0.9105
12: 1342.58, 861.14, 0.9190
13: 1525.53, 1080.00, 0.0907
14: 1348.12, 1080.00, 0.1044
15: 1474.77, 1080.00, 0.0063
16: 1294.47, 1080.00, 0.0075

Frame: 623, Person: 0
0: 1394.12, 299.44, 0.9931
1: 1422.52, 267.74, 0.9895
2: 1370.51, 272.88, 0.9586
3: 1490.45, 269.94, 0.9397
4: 1362.17, 281.27, 0.4739
5: 1580.02, 422.45, 0.9872
6: 1323.07, 432.11, 0.9892
7: 1636.76, 643.47, 0.9301
8: 1218.63, 583.63, 0.9323
9: 1602.98, 847.74, 0.8745
10: 1313.88, 442.01, 0.9004
11: 1516.41, 861.19, 0.9124
12: 1345.36, 860.95, 0.9164
13: 1528.75, 1080.00, 0.0963
14: 1352.70, 1080.00, 0.1056
15: 1482.18, 1080.00, 0.0069
16: 1297.35, 1080.00, 0.0078

Frame: 624, Person: 0
0: 1390.83, 298.28, 0.9915
1: 1417.71, 268.67, 0.9863
2: 1370.26, 273.41, 0.9493
3: 1488.38, 270.42, 0.9339
4: 1367.94, 280.88, 0.4854
5: 1583.71, 410.88, 0.9857
6: 1319.25, 434.72, 0.9919
7: 1640.02, 646.97, 0.9293
8: 1222.39, 599.61, 0.9562
9: 1601.57, 846.34, 0.8904
10: 1323.53, 463.10, 0.9245
11: 1536.61, 838.93, 0.9210
12: 1361.62, 848.20, 0.9378
13: 1518.26, 1080.00, 0.1728
14: 1350.06, 1080.00, 0.2155
15: 1482.91, 1080.00, 0.0126
16: 1333.74, 1080.00, 0.0163

Frame: 625, Person: 0
0: 1390.41, 297.59, 0.9912
1: 1417.59, 268.29, 0.9861
2: 1369.97, 272.57, 0.9471
3: 1488.10, 270.32, 0.9346
4: 1367.27, 279.70, 0.4758
5: 1584.36, 410.51, 0.9862
6: 1317.36, 432.16, 0.9915
7: 1639.84, 648.14, 0.9319
8: 1226.28, 598.81, 0.9536
9: 1603.44, 845.64, 0.8924
10: 1326.78, 469.81, 0.9206
11: 1537.33, 836.20, 0.9230
12: 1360.83, 844.57, 0.9371
13: 1519.44, 1080.00, 0.1789
14: 1350.07, 1080.00, 0.2164
15: 1482.88, 1080.00, 0.0131
16: 1339.19, 1080.00, 0.0165

Frame: 626, Person: 0
0: 1390.82, 297.23, 0.9910
1: 1418.09, 267.86, 0.9858
2: 1370.23, 271.93, 0.9462
3: 1488.24, 269.71, 0.9341
4: 1367.02, 278.90, 0.4760
5: 1585.14, 409.81, 0.9862
6: 1315.18, 432.68, 0.9912
7: 1641.33, 649.03, 0.9322
8: 1225.70, 604.83, 0.9511
9: 1603.07, 848.43, 0.8908
10: 1324.58, 478.99, 0.9167
11: 1536.30, 838.64, 0.9193
12: 1358.02, 847.43, 0.9326
13: 1521.31, 1080.00, 0.1649
14: 1350.83, 1080.00, 0.1971
15: 1482.41, 1080.00, 0.0117
16: 1341.37, 1080.00, 0.0146

Frame: 627, Person: 0
0: 1391.71, 295.09, 0.9919
1: 1420.12, 265.11, 0.9880
2: 1370.75, 269.30, 0.9514
3: 1490.74, 269.50, 0.9410
4: 1367.05, 278.67, 0.4582
5: 1587.73, 417.08, 0.9857
6: 1319.89, 435.41, 0.9893
7: 1645.20, 639.90, 0.9264
8: 1220.97, 596.40, 0.9369
9: 1595.67, 842.12, 0.8775
10: 1316.54, 469.04, 0.9028
11: 1530.23, 853.47, 0.9095
12: 1351.99, 857.52, 0.9184
13: 1532.40, 1080.00, 0.1049
14: 1355.03, 1080.00, 0.1201
15: 1483.43, 1080.00, 0.0068
16: 1314.68, 1080.00, 0.0081

Frame: 628, Person: 0
0: 1391.21, 295.09, 0.9917
1: 1419.08, 265.13, 0.9878
2: 1370.60, 269.32, 0.9495
3: 1490.43, 268.04, 0.9442
4: 1368.90, 277.77, 0.4504
5: 1590.16, 413.91, 0.9861
6: 1322.18, 432.30, 0.9898
7: 1647.82, 637.55, 0.9274
8: 1217.37, 596.31, 0.9397
9: 1577.47, 823.24, 0.8833
10: 1310.86, 474.40, 0.9073
11: 1528.23, 853.02, 0.9149
12: 1350.03, 856.19, 0.9244
13: 1529.39, 1080.00, 0.1101
14: 1354.23, 1080.00, 0.1275
15: 1480.44, 1080.00, 0.0070
16: 1310.87, 1080.00, 0.0084

Frame: 629, Person: 0
0: 1388.88, 296.46, 0.9900
1: 1415.41, 266.72, 0.9848
2: 1369.22, 271.13, 0.9377
3: 1488.34, 265.38, 0.9421
4: 1370.56, 276.18, 0.4433
5: 1593.61, 403.82, 0.9865
6: 1317.54, 426.60, 0.9911
7: 1652.05, 643.93, 0.9325
8: 1216.30, 602.13, 0.9491
9: 1565.91, 804.25, 0.8982
10: 1302.50, 485.35, 0.9156
11: 1532.39, 838.81, 0.9182
12: 1349.19, 845.45, 0.9304
13: 1524.82, 1080.00, 0.1585
14: 1345.31, 1080.00, 0.1878
15: 1489.60, 1080.00, 0.0107
16: 1331.84, 1080.00, 0.0132

Frame: 630, Person: 0
0: 1391.72, 296.10, 0.9922
1: 1418.57, 265.25, 0.9894
2: 1370.90, 270.36, 0.9482
3: 1489.22, 265.10, 0.9509
4: 1368.80, 278.07, 0.3990
5: 1591.91, 411.95, 0.9875
6: 1323.06, 430.48, 0.9879
7: 1642.35, 624.13, 0.9340
8: 1204.33, 594.34, 0.9208
9: 1530.43, 761.22, 0.8989
10: 1283.38, 471.86, 0.8953
11: 1514.08, 852.66, 0.9184
12: 1334.79, 852.40, 0.9162
13: 1509.64, 1080.00, 0.1099
14: 1327.47, 1080.00, 0.1102
15: 1455.89, 1080.00, 0.0072
16: 1268.44, 1080.00, 0.0077

Frame: 631, Person: 0
0: 1391.91, 296.66, 0.9920
1: 1418.95, 266.31, 0.9889
2: 1371.53, 271.40, 0.9499
3: 1489.06, 266.09, 0.9489
4: 1368.89, 279.11, 0.4058
5: 1592.22, 407.02, 0.9861
6: 1317.31, 431.94, 0.9875
7: 1644.20, 605.80, 0.9295
8: 1198.29, 595.32, 0.9203
9: 1510.18, 699.07, 0.8989
10: 1268.59, 476.17, 0.8952
11: 1522.21, 855.80, 0.9086
12: 1336.08, 859.87, 0.9076
13: 1546.05, 1080.00, 0.0882
14: 1342.79, 1080.00, 0.0902
15: 1505.74, 1080.00, 0.0056
16: 1289.36, 1080.00, 0.0061

Frame: 632, Person: 0
0: 1392.88, 297.85, 0.9924
1: 1420.37, 267.50, 0.9894
2: 1372.64, 271.98, 0.9525
3: 1490.27, 267.81, 0.9501
4: 1369.07, 279.47, 0.3975
5: 1591.34, 407.63, 0.9861
6: 1319.88, 429.42, 0.9882
7: 1647.10, 599.26, 0.9318
8: 1188.91, 590.50, 0.9268
9: 1482.77, 643.51, 0.9140
10: 1249.63, 482.71, 0.9097
11: 1528.28, 852.26, 0.9136
12: 1342.85, 854.88, 0.9141
13: 1560.97, 1078.76, 0.1059
14: 1350.12, 1080.00, 0.1093
15: 1539.49, 1080.00, 0.0070
16: 1296.97, 1080.00, 0.0078

Frame: 633, Person: 0
0: 1395.14, 299.37, 0.9925
1: 1422.31, 270.74, 0.9876
2: 1374.87, 273.25, 0.9579
3: 1490.85, 271.45, 0.9436
4: 1370.99, 279.54, 0.4553
5: 1591.93, 405.16, 0.9832
6: 1322.19, 421.00, 0.9918
7: 1649.59, 604.41, 0.9174
8: 1184.72, 585.85, 0.9559
9: 1469.10, 599.00, 0.9121
10: 1236.37, 477.75, 0.9394
11: 1541.24, 836.52, 0.9152
12: 1358.31, 837.24, 0.9363
13: 1561.38, 1080.00, 0.1285
14: 1365.94, 1080.00, 0.1675
15: 1553.40, 1080.00, 0.0078
16: 1331.73, 1080.00, 0.0106

Frame: 634, Person: 0
0: 1396.57, 301.29, 0.9927
1: 1423.91, 272.81, 0.9873
2: 1376.67, 274.30, 0.9604
3: 1493.26, 272.65, 0.9433
4: 1374.76, 278.77, 0.4776
5: 1593.78, 408.14, 0.9810
6: 1326.77, 417.84, 0.9927
7: 1634.35, 606.45, 0.9023
8: 1182.97, 581.92, 0.9615
9: 1447.46, 559.10, 0.9026
10: 1218.46, 474.98, 0.9448
11: 1543.29, 838.17, 0.9054
12: 1361.77, 835.84, 0.9371
13: 1558.80, 1080.00, 0.1124
14: 1364.25, 1080.00, 0.1626
15: 1549.29, 1080.00, 0.0065
16: 1331.50, 1080.00, 0.0096

Frame: 635, Person: 0
0: 1399.17, 301.17, 0.9930
1: 1427.10, 272.55, 0.9878
2: 1378.68, 273.73, 0.9619
3: 1496.32, 272.82, 0.9406
4: 1375.17, 278.18, 0.4722
5: 1589.99, 408.38, 0.9802
6: 1329.94, 415.73, 0.9923
7: 1619.35, 601.65, 0.9032
8: 1181.80, 577.66, 0.9609
9: 1437.31, 534.19, 0.9068
10: 1213.60, 470.62, 0.9463
11: 1544.34, 833.87, 0.9068
12: 1366.71, 831.28, 0.9373
13: 1558.77, 1080.00, 0.1215
14: 1367.28, 1080.00, 0.1719
15: 1554.90, 1080.00, 0.0072
16: 1334.32, 1080.00, 0.0104

Frame: 636, Person: 0
0: 1400.99, 301.23, 0.9922
1: 1428.39, 272.28, 0.9867
2: 1380.69, 273.68, 0.9573
3: 1495.67, 272.62, 0.9385
4: 1376.23, 278.68, 0.4568
5: 1588.42, 408.74, 0.9795
6: 1330.26, 419.07, 0.9911
7: 1610.80, 589.54, 0.9037
8: 1183.68, 575.98, 0.9541
9: 1417.80, 508.77, 0.9061
10: 1211.70, 469.55, 0.9392
11: 1545.32, 836.41, 0.8959
12: 1369.05, 834.77, 0.9255
13: 1551.53, 1080.00, 0.1103
14: 1365.93, 1080.00, 0.1476
15: 1547.14, 1080.00, 0.0065
16: 1341.34, 1080.00, 0.0090

Frame: 637, Person: 0
0: 1401.81, 301.50, 0.9921
1: 1429.15, 272.79, 0.9861
2: 1381.40, 274.04, 0.9585
3: 1495.14, 273.64, 0.9348
4: 1376.10, 279.40, 0.4792
5: 1587.26, 407.85, 0.9792
6: 1328.42, 419.85, 0.9915
7: 1608.04, 586.73, 0.8997
8: 1182.07, 578.77, 0.9559
9: 1418.10, 501.18, 0.9006
10: 1211.11, 467.25, 0.9397
11: 1546.44, 834.43, 0.8907
12: 1370.04, 833.82, 0.9240
13: 1551.78, 1080.00, 0.1031
14: 1367.03, 1080.00, 0.1422
15: 1542.12, 1080.00, 0.0061
16: 1341.13, 1080.00, 0.0085

Frame: 638, Person: 0
0: 1399.52, 301.24, 0.9920
1: 1426.67, 272.81, 0.9862
2: 1379.97, 273.66, 0.9566
3: 1494.53, 272.85, 0.9384
4: 1377.80, 277.76, 0.4659
5: 1588.30, 406.96, 0.9792
6: 1330.57, 417.35, 0.9916
7: 1606.93, 589.83, 0.8991
8: 1182.47, 579.30, 0.9569
9: 1415.47, 503.14, 0.9000
10: 1214.35, 467.73, 0.9403
11: 1545.56, 835.44, 0.8896
12: 1369.33, 833.91, 0.9242
13: 1552.87, 1080.00, 0.1008
14: 1365.61, 1080.00, 0.1413
15: 1543.25, 1080.00, 0.0059
16: 1336.22, 1080.00, 0.0084

Frame: 639, Person: 0
0: 1396.52, 300.81, 0.9918
1: 1423.61, 272.39, 0.9864
2: 1377.51, 273.77, 0.9537
3: 1492.89, 273.17, 0.9422
4: 1377.62, 279.24, 0.4495
5: 1588.18, 407.25, 0.9797
6: 1331.69, 421.69, 0.9915
7: 1610.90, 594.72, 0.9012
8: 1183.60, 588.63, 0.9551
9: 1414.78, 511.76, 0.9025
10: 1218.94, 462.64, 0.9390
11: 1544.85, 834.38, 0.8920
12: 1369.88, 834.25, 0.9242
13: 1550.78, 1080.00, 0.1051
14: 1367.63, 1080.00, 0.1444
15: 1542.68, 1080.00, 0.0061
16: 1336.95, 1080.00, 0.0086

Frame: 640, Person: 0
0: 1394.17, 299.01, 0.9917
1: 1421.58, 270.88, 0.9868
2: 1375.91, 272.16, 0.9517
3: 1492.60, 272.95, 0.9458
4: 1377.83, 278.28, 0.4315
5: 1588.78, 408.99, 0.9810
6: 1333.03, 421.00, 0.9911
7: 1617.71, 601.00, 0.9086
8: 1189.42, 590.15, 0.9529
9: 1432.22, 532.89, 0.9080
10: 1228.63, 475.62, 0.9367
11: 1541.88, 830.89, 0.9011
12: 1366.16, 829.48, 0.9271
13: 1553.74, 1080.00, 0.1171
14: 1360.04, 1080.00, 0.1539
15: 1549.19, 1080.00, 0.0069
16: 1323.22, 1080.00, 0.0094

Frame: 641, Person: 0
0: 1392.86, 298.22, 0.9912
1: 1420.18, 269.98, 0.9866
2: 1374.74, 271.76, 0.9473
3: 1491.87, 273.02, 0.9465
4: 1377.43, 279.24, 0.4066
5: 1588.13, 410.90, 0.9813
6: 1334.89, 424.40, 0.9896
7: 1621.19, 608.38, 0.9113
8: 1195.82, 603.62, 0.9441
9: 1434.52, 542.75, 0.9099
10: 1245.17, 492.93, 0.9282
11: 1539.84, 831.98, 0.8953
12: 1365.98, 830.75, 0.9165
13: 1549.90, 1080.00, 0.1136
14: 1360.55, 1080.00, 0.1401
15: 1546.34, 1080.00, 0.0068
16: 1321.48, 1080.00, 0.0087

Frame: 642, Person: 0
0: 1391.13, 299.02, 0.9915
1: 1418.29, 270.77, 0.9878
2: 1373.37, 271.43, 0.9445
3: 1492.32, 271.41, 0.9482
4: 1377.43, 275.62, 0.3649
5: 1587.90, 407.12, 0.9819
6: 1338.10, 421.79, 0.9880
7: 1628.81, 610.60, 0.9194
8: 1201.18, 613.35, 0.9371
9: 1440.93, 556.88, 0.9199
10: 1264.25, 504.50, 0.9256
11: 1540.07, 828.80, 0.9022
12: 1367.71, 827.63, 0.9152
13: 1549.25, 1080.00, 0.1302
14: 1359.80, 1080.00, 0.1490
15: 1549.21, 1080.00, 0.0079
16: 1312.97, 1080.00, 0.0096

Frame: 643, Person: 0
0: 1387.45, 296.92, 0.9902
1: 1414.30, 269.25, 0.9868
2: 1371.14, 269.66, 0.9336
3: 1488.12, 270.70, 0.9531
4: 1377.38, 274.15, 0.3409
5: 1589.67, 407.91, 0.9844
6: 1332.97, 419.99, 0.9869
7: 1635.51, 613.65, 0.9292
8: 1208.27, 614.13, 0.9272
9: 1447.32, 570.86, 0.9233
10: 1271.63, 530.98, 0.9116
11: 1533.57, 831.48, 0.9090
12: 1356.50, 828.32, 0.9124
13: 1544.72, 1080.00, 0.1379
14: 1344.97, 1080.00, 0.1441
15: 1540.63, 1080.00, 0.0085
16: 1305.67, 1080.00, 0.0097

Frame: 644, Person: 0
0: 1384.53, 294.80, 0.9892
1: 1412.29, 267.38, 0.9862
2: 1368.84, 267.54, 0.9236
3: 1487.91, 269.32, 0.9556
4: 1376.18, 271.74, 0.3109
5: 1589.54, 406.93, 0.9855
6: 1330.83, 416.37, 0.9852
7: 1637.53, 616.17, 0.9355
8: 1214.89, 607.82, 0.9167
9: 1449.12, 577.88, 0.9267
10: 1281.75, 521.24, 0.9002
11: 1528.52, 829.50, 0.9136
12: 1349.97, 825.12, 0.9089
13: 1543.10, 1080.00, 0.1477
14: 1342.07, 1076.04, 0.1432
15: 1541.88, 1080.00, 0.0094
16: 1310.71, 1080.00, 0.0101

Frame: 645, Person: 0
0: 1380.37, 294.53, 0.9900
1: 1409.50, 267.58, 0.9873
2: 1365.23, 266.77, 0.9266
3: 1486.49, 270.84, 0.9551
4: 1372.38, 270.92, 0.3026
5: 1585.90, 403.85, 0.9855
6: 1325.90, 419.11, 0.9851
7: 1643.32, 613.74, 0.9382
8: 1220.94, 613.61, 0.9174
9: 1458.55, 586.28, 0.9301
10: 1292.67, 496.07, 0.9032
11: 1527.74, 825.49, 0.9190
12: 1348.19, 823.66, 0.9135
13: 1543.15, 1080.00, 0.1601
14: 1341.42, 1080.00, 0.1538
15: 1542.04, 1080.00, 0.0101
16: 1312.02, 1080.00, 0.0108

Frame: 646, Person: 0
0: 1376.54, 294.07, 0.9900
1: 1405.15, 267.31, 0.9875
2: 1362.19, 266.78, 0.9231
3: 1484.07, 270.01, 0.9549
4: 1372.82, 270.46, 0.2891
5: 1581.66, 397.58, 0.9852
6: 1331.23, 417.90, 0.9847
7: 1642.92, 607.87, 0.9389
8: 1220.71, 615.15, 0.9183
9: 1461.67, 587.20, 0.9308
10: 1305.79, 474.69, 0.9057
11: 1532.86, 820.98, 0.9184
12: 1359.67, 821.86, 0.9127
13: 1545.22, 1080.00, 0.1614
14: 1352.99, 1080.00, 0.1554
15: 1547.02, 1080.00, 0.0101
16: 1314.52, 1080.00, 0.0108

Frame: 647, Person: 0
0: 1374.20, 295.17, 0.9904
1: 1403.18, 267.87, 0.9880
2: 1358.77, 268.46, 0.9275
3: 1483.49, 270.04, 0.9545
4: 1368.35, 272.50, 0.2896
5: 1580.75, 397.55, 0.9846
6: 1332.17, 415.47, 0.9849
7: 1642.38, 606.74, 0.9367
8: 1222.72, 601.37, 0.9223
9: 1463.49, 585.36, 0.9307
10: 1313.67, 455.18, 0.9106
11: 1533.30, 815.12, 0.9205
12: 1361.28, 815.28, 0.9176
13: 1543.22, 1080.00, 0.1725
14: 1354.53, 1080.00, 0.1712
15: 1550.30, 1080.00, 0.0111
16: 1317.37, 1080.00, 0.0123

Frame: 648, Person: 0
0: 1375.11, 296.68, 0.9907
1: 1403.72, 268.71, 0.9882
2: 1358.04, 269.83, 0.9309
3: 1483.54, 268.33, 0.9534
4: 1365.47, 272.26, 0.2916
5: 1582.43, 395.86, 0.9836
6: 1331.90, 409.49, 0.9845
7: 1642.42, 607.26, 0.9329
8: 1220.17, 588.81, 0.9223
9: 1463.61, 578.34, 0.9290
10: 1310.64, 445.30, 0.9115
11: 1534.34, 815.64, 0.9162
12: 1361.94, 814.34, 0.9151
13: 1541.11, 1080.00, 0.1633
14: 1358.12, 1080.00, 0.1652
15: 1546.87, 1080.00, 0.0104
16: 1323.14, 1080.00, 0.0116

Frame: 649, Person: 0
0: 1378.71, 298.75, 0.9922
1: 1406.83, 269.03, 0.9899
2: 1360.21, 271.29, 0.9414
3: 1486.32, 265.44, 0.9563
4: 1366.29, 272.12, 0.3108
5: 1585.37, 401.29, 0.9851
6: 1334.13, 412.70, 0.9870
7: 1637.62, 609.40, 0.9313
8: 1209.86, 586.59, 0.9267
9: 1461.06, 569.31, 0.9293
10: 1298.25, 431.86, 0.9200
11: 1529.18, 835.39, 0.9283
12: 1355.94, 832.76, 0.9291
13: 1544.31, 1080.00, 0.1490
14: 1355.23, 1080.00, 0.1544
15: 1544.57, 1080.00, 0.0091
16: 1301.44, 1080.00, 0.0104

Frame: 650, Person: 0
0: 1383.50, 298.65, 0.9913
1: 1409.98, 269.89, 0.9874
2: 1366.01, 272.53, 0.9420
3: 1486.96, 268.40, 0.9508
4: 1374.27, 276.24, 0.3626
5: 1588.53, 402.29, 0.9811
6: 1338.26, 415.72, 0.9891
7: 1633.73, 601.36, 0.9139
8: 1202.73, 579.59, 0.9449
9: 1450.38, 550.46, 0.9153
10: 1273.02, 436.66, 0.9309
11: 1536.28, 829.38, 0.9036
12: 1364.87, 828.09, 0.9227
13: 1540.98, 1080.00, 0.1256
14: 1361.59, 1080.00, 0.1556
15: 1538.64, 1080.00, 0.0074
16: 1319.92, 1080.00, 0.0097

Frame: 651, Person: 0
0: 1389.10, 296.82, 0.9913
1: 1415.78, 268.70, 0.9868
2: 1371.57, 271.07, 0.9451
3: 1489.83, 269.83, 0.9509
4: 1378.17, 277.05, 0.3969
5: 1588.85, 404.65, 0.9821
6: 1338.80, 414.57, 0.9906
7: 1628.80, 601.07, 0.9154
8: 1194.40, 575.36, 0.9517
9: 1446.70, 538.96, 0.9162
10: 1251.56, 443.20, 0.9370
11: 1538.43, 824.75, 0.9140
12: 1367.29, 822.46, 0.9341
13: 1547.53, 1080.00, 0.1397
14: 1364.88, 1080.00, 0.1776
15: 1549.80, 1080.00, 0.0082
16: 1326.02, 1080.00, 0.0110

Frame: 652, Person: 0
0: 1393.58, 297.49, 0.9916
1: 1421.01, 269.75, 0.9867
2: 1375.91, 271.52, 0.9495
3: 1493.52, 272.01, 0.9484
4: 1380.54, 277.91, 0.4253
5: 1588.45, 405.47, 0.9811
6: 1336.66, 414.80, 0.9914
7: 1618.76, 591.33, 0.9104
8: 1183.88, 570.05, 0.9561
9: 1433.27, 515.09, 0.9115
10: 1234.23, 440.80, 0.9406
11: 1538.04, 831.43, 0.9103
12: 1365.66, 829.09, 0.9352
13: 1544.68, 1080.00, 0.1257
14: 1361.28, 1080.00, 0.1676
15: 1544.51, 1080.00, 0.0072
16: 1323.96, 1080.00, 0.0100

Frame: 653, Person: 0
0: 1398.19, 295.58, 0.9909
1: 1425.35, 267.85, 0.9854
2: 1380.45, 269.34, 0.9474
3: 1495.65, 270.32, 0.9473
4: 1383.53, 275.89, 0.4407
5: 1591.21, 405.34, 0.9814
6: 1334.67, 414.20, 0.9917
7: 1613.80, 587.19, 0.9096
8: 1181.52, 567.72, 0.9561
9: 1426.95, 500.57, 0.9083
10: 1226.82, 441.31, 0.9389
11: 1540.95, 828.95, 0.9097
12: 1365.17, 826.84, 0.9349
13: 1549.65, 1080.00, 0.1247
14: 1360.15, 1080.00, 0.1661
15: 1546.95, 1080.00, 0.0072
16: 1328.73, 1080.00, 0.0100

Frame: 654, Person: 0
0: 1402.30, 295.07, 0.9907
1: 1429.75, 267.60, 0.9856
2: 1385.03, 268.18, 0.9453
3: 1499.02, 271.04, 0.9473
4: 1387.19, 274.60, 0.4264
5: 1592.91, 407.32, 0.9816
6: 1334.78, 414.48, 0.9908
7: 1605.77, 582.60, 0.9143
8: 1179.44, 563.30, 0.9518
9: 1409.89, 492.06, 0.9128
10: 1222.26, 442.97, 0.9358
11: 1543.26, 834.30, 0.9137
12: 1365.98, 831.62, 0.9342
13: 1550.65, 1080.00, 0.1292
14: 1360.10, 1080.00, 0.1623
15: 1543.18, 1080.00, 0.0074
16: 1328.97, 1080.00, 0.0097

Frame: 655, Person: 0
0: 1406.61, 296.94, 0.9914
1: 1434.66, 269.28, 0.9858
2: 1388.44, 269.00, 0.9525
3: 1502.10, 272.10, 0.9402
4: 1386.54, 274.13, 0.4556
5: 1592.29, 407.18, 0.9799
6: 1331.05, 417.30, 0.9910
7: 1602.00, 579.62, 0.9055
8: 1178.63, 570.94, 0.9528
9: 1407.36, 489.73, 0.9050
10: 1215.57, 450.45, 0.9365
11: 1544.39, 836.31, 0.9005
12: 1365.23, 835.09, 0.9274
13: 1550.66, 1080.00, 0.1130
14: 1359.77, 1080.00, 0.1477
15: 1536.68, 1080.00, 0.0066
16: 1330.67, 1080.00, 0.0089

Frame: 656, Person: 0
0: 1409.36, 296.37, 0.9915
1: 1437.33, 268.76, 0.9858
2: 1391.38, 268.31, 0.9535
3: 1504.51, 271.40, 0.9402
4: 1389.55, 273.37, 0.4659
5: 1593.90, 405.96, 0.9799
6: 1333.73, 418.55, 0.9916
7: 1601.38, 577.52, 0.9042
8: 1180.32, 574.57, 0.9555
9: 1402.79, 494.35, 0.9048
10: 1212.69, 457.60, 0.9396
11: 1545.46, 832.69, 0.9032
12: 1367.28, 832.04, 0.9315
13: 1547.51, 1080.00, 0.1194
14: 1359.30, 1080.00, 0.1593
15: 1531.41, 1080.00, 0.0070
16: 1330.32, 1080.00, 0.0096

Frame: 657, Person: 0
0: 1411.64, 296.33, 0.9909
1: 1438.78, 268.88, 0.9849
2: 1394.18, 268.23, 0.9486
3: 1505.66, 269.97, 0.9418
4: 1393.93, 272.04, 0.4593
5: 1596.24, 404.06, 0.9813
6: 1335.24, 417.33, 0.9918
7: 1599.33, 578.23, 0.9101
8: 1182.04, 576.94, 0.9551
9: 1400.90, 493.67, 0.9078
10: 1212.82, 457.52, 0.9381
11: 1543.58, 831.78, 0.9133
12: 1364.94, 831.45, 0.9371
13: 1545.61, 1080.00, 0.1326
14: 1357.18, 1080.00, 0.1717
15: 1528.09, 1080.00, 0.0077
16: 1331.18, 1080.00, 0.0103

Frame: 658, Person: 0
0: 1413.28, 298.48, 0.9934
1: 1444.13, 267.20, 0.9892
2: 1395.07, 268.76, 0.9643
3: 1515.13, 267.23, 0.9350
4: 1389.38, 270.95, 0.4620
5: 1591.80, 415.86, 0.9805
6: 1328.75, 428.70, 0.9913
7: 1595.71, 585.57, 0.9054
8: 1172.72, 585.54, 0.9466
9: 1399.91, 497.57, 0.9171
10: 1214.25, 463.65, 0.9412
11: 1531.50, 857.63, 0.9014
12: 1346.12, 858.94, 0.9233
13: 1579.19, 1036.33, 0.1151
14: 1342.22, 1030.96, 0.1429
15: 1588.68, 1080.00, 0.0091
16: 1300.74, 1080.00, 0.0117

Frame: 659, Person: 0
0: 1415.52, 301.21, 0.9938
1: 1446.34, 269.62, 0.9893
2: 1396.68, 270.69, 0.9682
3: 1516.87, 267.77, 0.9322
4: 1389.92, 270.92, 0.4951
5: 1592.60, 416.39, 0.9800
6: 1330.36, 429.34, 0.9923
7: 1597.30, 589.03, 0.8972
8: 1180.86, 591.09, 0.9513
9: 1405.89, 499.37, 0.9124
10: 1216.67, 473.23, 0.9446
11: 1530.34, 849.86, 0.8973
12: 1346.16, 851.13, 0.9253
13: 1579.26, 1029.32, 0.1174
14: 1345.72, 1023.74, 0.1551
15: 1585.52, 1080.00, 0.0095
16: 1307.41, 1080.00, 0.0129

Frame: 660, Person: 0
0: 1416.83, 299.79, 0.9937
1: 1447.53, 268.18, 0.9891
2: 1397.78, 269.63, 0.9678
3: 1518.39, 266.56, 0.9307
4: 1391.63, 270.36, 0.4956
5: 1594.04, 414.53, 0.9800
6: 1333.28, 427.33, 0.9923
7: 1597.54, 588.67, 0.8977
8: 1181.84, 591.74, 0.9527
9: 1417.85, 502.15, 0.9113
10: 1221.69, 480.23, 0.9452
11: 1533.50, 848.74, 0.8998
12: 1350.45, 850.53, 0.9275
13: 1584.38, 1030.70, 0.1176
14: 1351.98, 1026.39, 0.1568
15: 1587.91, 1080.00, 0.0095
16: 1308.57, 1080.00, 0.0129

Frame: 661, Person: 0
0: 1419.58, 299.26, 0.9938
1: 1450.05, 267.37, 0.9891
2: 1399.66, 269.61, 0.9686
3: 1520.52, 265.24, 0.9300
4: 1392.94, 270.84, 0.5090
5: 1594.39, 413.78, 0.9808
6: 1335.45, 426.94, 0.9924
7: 1599.76, 591.59, 0.8993
8: 1185.32, 595.16, 0.9521
9: 1435.64, 502.56, 0.9116
10: 1228.77, 479.82, 0.9442
11: 1531.49, 847.16, 0.9053
12: 1351.07, 849.58, 0.9306
13: 1580.37, 1036.10, 0.1250
14: 1357.09, 1033.81, 0.1647
15: 1585.02, 1080.00, 0.0100
16: 1317.12, 1080.00, 0.0135

Frame: 662, Person: 0
0: 1421.69, 298.82, 0.9940
1: 1451.77, 266.84, 0.9895
2: 1401.20, 268.97, 0.9696
3: 1521.80, 263.92, 0.9307
4: 1393.67, 269.48, 0.5115
5: 1594.21, 412.39, 0.9815
6: 1339.05, 422.58, 0.9926
7: 1601.30, 594.44, 0.9024
8: 1184.94, 593.98, 0.9535
9: 1433.56, 500.93, 0.9151
10: 1241.85, 480.37, 0.9463
11: 1532.25, 846.03, 0.9094
12: 1353.73, 847.13, 0.9335
13: 1578.39, 1039.25, 0.1306
14: 1356.13, 1033.89, 0.1711
15: 1587.52, 1080.00, 0.0104
16: 1309.18, 1080.00, 0.0141

Frame: 663, Person: 0
0: 1422.78, 298.41, 0.9937
1: 1452.90, 266.24, 0.9893
2: 1402.41, 268.87, 0.9671
3: 1524.04, 263.39, 0.9317
4: 1396.14, 269.80, 0.4920
5: 1596.87, 412.64, 0.9817
6: 1342.40, 423.08, 0.9920
7: 1603.34, 594.52, 0.9056
8: 1189.88, 595.31, 0.9498
9: 1445.67, 500.25, 0.9172
10: 1246.35, 485.83, 0.9428
11: 1533.56, 846.74, 0.9120
12: 1356.36, 848.05, 0.9326
13: 1575.50, 1044.13, 0.1347
14: 1359.32, 1040.05, 0.1700
15: 1584.08, 1080.00, 0.0106
16: 1316.32, 1080.00, 0.0139

Frame: 664, Person: 0
0: 1424.82, 298.47, 0.9936
1: 1454.28, 266.37, 0.9895
2: 1404.13, 269.56, 0.9651
3: 1525.38, 262.64, 0.9342
4: 1398.35, 270.36, 0.4723
5: 1597.82, 410.31, 0.9832
6: 1347.09, 418.34, 0.9913
7: 1610.86, 596.42, 0.9150
8: 1190.44, 592.39, 0.9457
9: 1456.49, 500.67, 0.9231
10: 1257.43, 484.58, 0.9393
11: 1531.81, 844.42, 0.9170
12: 1357.42, 844.79, 0.9314
13: 1575.14, 1041.97, 0.1432
14: 1363.80, 1036.01, 0.1699
15: 1589.98, 1080.00, 0.0113
16: 1317.58, 1080.00, 0.0142

Frame: 665, Person: 0
0: 1426.76, 296.04, 0.9925
1: 1454.23, 267.78, 0.9884
2: 1406.76, 267.70, 0.9533
3: 1522.58, 266.94, 0.9391
4: 1403.21, 269.21, 0.4216
5: 1604.39, 404.43, 0.9843
6: 1351.92, 405.47, 0.9883
7: 1625.74, 592.72, 0.9338
8: 1193.67, 588.20, 0.9385
9: 1465.21, 490.80, 0.9340
10: 1271.84, 488.03, 0.9315
11: 1548.77, 822.95, 0.9251
12: 1375.40, 819.60, 0.9323
13: 1550.83, 1080.00, 0.1939
14: 1357.95, 1080.00, 0.2046
15: 1561.17, 1080.00, 0.0128
16: 1326.20, 1080.00, 0.0145

Frame: 666, Person: 0
0: 1427.16, 298.52, 0.9935
1: 1457.09, 266.89, 0.9907
2: 1405.89, 269.26, 0.9607
3: 1526.26, 265.51, 0.9468
4: 1398.53, 271.21, 0.4454
5: 1600.52, 414.58, 0.9872
6: 1345.96, 421.95, 0.9893
7: 1630.68, 594.82, 0.9346
8: 1201.10, 599.11, 0.9233
9: 1477.15, 497.92, 0.9391
10: 1278.70, 490.85, 0.9250
11: 1538.63, 835.60, 0.9275
12: 1363.84, 836.86, 0.9270
13: 1580.03, 1025.21, 0.1997
14: 1371.13, 1019.37, 0.1960
15: 1602.03, 1080.00, 0.0175
16: 1345.41, 1080.00, 0.0187

Frame: 667, Person: 0
0: 1427.32, 298.02, 0.9937
1: 1457.73, 266.34, 0.9908
2: 1405.68, 268.43, 0.9617
3: 1526.43, 266.08, 0.9462
4: 1397.34, 270.98, 0.4480
5: 1600.03, 414.22, 0.9876
6: 1349.38, 422.52, 0.9896
7: 1642.08, 590.37, 0.9365
8: 1209.83, 598.52, 0.9272
9: 1495.06, 491.62, 0.9413
10: 1293.72, 485.54, 0.9288
11: 1543.52, 839.61, 0.9327
12: 1371.68, 840.91, 0.9326
13: 1580.47, 1029.63, 0.2095
14: 1377.98, 1022.24, 0.2071
15: 1604.81, 1080.00, 0.0185
16: 1350.83, 1080.00, 0.0198

Frame: 668, Person: 0
0: 1426.43, 297.98, 0.9937
1: 1456.68, 266.48, 0.9908
2: 1405.03, 267.82, 0.9616
3: 1525.19, 266.15, 0.9458
4: 1396.91, 269.39, 0.4504
5: 1600.49, 415.75, 0.9879
6: 1347.95, 423.64, 0.9896
7: 1647.48, 594.44, 0.9365
8: 1215.19, 603.81, 0.9260
9: 1517.35, 493.77, 0.9409
10: 1308.13, 478.05, 0.9278
11: 1544.55, 839.29, 0.9344
12: 1371.44, 840.68, 0.9337
13: 1579.96, 1037.10, 0.2121
14: 1374.65, 1031.04, 0.2086
15: 1600.60, 1080.00, 0.0183
16: 1345.32, 1080.00, 0.0195

Frame: 669, Person: 0
0: 1426.48, 297.61, 0.9937
1: 1456.51, 266.59, 0.9903
2: 1405.05, 267.39, 0.9634
3: 1523.11, 266.40, 0.9421
4: 1395.55, 268.61, 0.4804
5: 1599.16, 413.63, 0.9885
6: 1344.52, 424.30, 0.9903
7: 1654.43, 590.56, 0.9371
8: 1226.73, 605.92, 0.9291
9: 1537.54, 502.63, 0.9402
10: 1327.92, 472.31, 0.9294
11: 1542.80, 829.53, 0.9406
12: 1369.28, 832.48, 0.9405
13: 1581.52, 1033.85, 0.2362
14: 1380.18, 1031.32, 0.2359
15: 1593.72, 1080.00, 0.0209
16: 1354.14, 1080.00, 0.0225

Frame: 670, Person: 0
0: 1427.37, 296.62, 0.9935
1: 1457.20, 265.66, 0.9902
2: 1406.07, 267.06, 0.9616
3: 1523.88, 265.81, 0.9426
4: 1396.94, 269.29, 0.4677
5: 1601.48, 412.96, 0.9887
6: 1345.75, 424.27, 0.9898
7: 1656.50, 589.27, 0.9393
8: 1235.17, 603.62, 0.9253
9: 1545.40, 505.00, 0.9408
10: 1333.28, 473.32, 0.9251
11: 1543.57, 826.53, 0.9422
12: 1369.24, 829.60, 0.9400
13: 1582.03, 1029.42, 0.2436
14: 1378.29, 1028.26, 0.2370
15: 1595.10, 1080.00, 0.0218
16: 1357.91, 1080.00, 0.0229

Frame: 671, Person: 0
0: 1430.31, 294.96, 0.9937
1: 1460.46, 263.51, 0.9900
2: 1407.67, 265.93, 0.9656
3: 1525.95, 265.39, 0.9397
4: 1395.96, 271.02, 0.5046
5: 1603.01, 414.02, 0.9882
6: 1346.25, 425.88, 0.9907
7: 1660.35, 589.84, 0.9337
8: 1237.18, 602.68, 0.9320
9: 1549.16, 505.77, 0.9367
10: 1337.10, 473.94, 0.9299
11: 1545.14, 822.78, 0.9372
12: 1370.77, 826.14, 0.9393
13: 1583.51, 1022.50, 0.2265
14: 1382.11, 1021.67, 0.2334
15: 1595.94, 1080.00, 0.0202
16: 1362.62, 1080.00, 0.0223

Frame: 672, Person: 0
0: 1432.44, 292.58, 0.9936
1: 1462.26, 261.59, 0.9900
2: 1410.25, 264.50, 0.9648
3: 1527.21, 264.81, 0.9402
4: 1398.98, 271.38, 0.4995
5: 1604.13, 413.12, 0.9883
6: 1346.84, 426.83, 0.9902
7: 1661.56, 586.55, 0.9358
8: 1236.64, 603.38, 0.9289
9: 1551.55, 506.44, 0.9368
10: 1338.19, 477.73, 0.9261
11: 1545.10, 827.07, 0.9369
12: 1369.94, 831.25, 0.9371
13: 1584.07, 1025.15, 0.2163
14: 1378.92, 1025.72, 0.2172
15: 1598.70, 1080.00, 0.0190
16: 1359.26, 1080.00, 0.0205

Frame: 673, Person: 0
0: 1432.70, 291.04, 0.9936
1: 1462.47, 260.02, 0.9901
2: 1410.70, 263.07, 0.9639
3: 1527.75, 263.42, 0.9415
4: 1399.87, 270.31, 0.4904
5: 1605.39, 412.78, 0.9885
6: 1346.85, 427.32, 0.9900
7: 1663.25, 586.10, 0.9373
8: 1235.65, 604.68, 0.9265
9: 1550.37, 504.35, 0.9386
10: 1337.88, 478.35, 0.9249
11: 1545.78, 828.06, 0.9390
12: 1369.94, 832.62, 0.9379
13: 1585.41, 1030.37, 0.2221
14: 1380.90, 1031.26, 0.2190
15: 1601.20, 1080.00, 0.0193
16: 1362.60, 1080.00, 0.0205

Frame: 674, Person: 0
0: 1433.61, 290.78, 0.9935
1: 1463.55, 259.60, 0.9900
2: 1411.25, 262.48, 0.9644
3: 1528.46, 262.90, 0.9407
4: 1399.31, 269.50, 0.4978
5: 1605.41, 413.48, 0.9884
6: 1344.99, 427.37, 0.9899
7: 1662.55, 586.54, 0.9364
8: 1233.93, 604.88, 0.9247
9: 1550.16, 503.17, 0.9386
10: 1337.62, 480.06, 0.9241
11: 1543.84, 824.86, 0.9388
12: 1367.27, 829.37, 0.9374
13: 1583.21, 1032.20, 0.2249
14: 1380.76, 1033.11, 0.2207
15: 1597.58, 1080.00, 0.0195
16: 1364.77, 1080.00, 0.0206

Frame: 675, Person: 0
0: 1435.01, 290.20, 0.9937
1: 1464.69, 258.88, 0.9897
2: 1412.12, 261.95, 0.9665
3: 1527.83, 262.55, 0.9369
4: 1398.35, 269.74, 0.5223
5: 1603.64, 413.99, 0.9883
6: 1343.52, 428.63, 0.9904
7: 1662.48, 587.89, 0.9344
8: 1234.76, 607.44, 0.9276
9: 1550.65, 505.94, 0.9370
10: 1336.55, 483.59, 0.9261
11: 1542.35, 822.69, 0.9367
12: 1366.35, 827.63, 0.9369
13: 1582.38, 1025.42, 0.2239
14: 1381.12, 1026.80, 0.2244
15: 1597.50, 1080.00, 0.0198
16: 1368.10, 1080.00, 0.0212

Frame: 676, Person: 0
0: 1435.21, 289.06, 0.9935
1: 1465.06, 257.90, 0.9896
2: 1412.22, 261.08, 0.9660
3: 1527.66, 262.33, 0.9370
4: 1397.60, 269.70, 0.5219
5: 1604.12, 413.85, 0.9886
6: 1341.48, 428.98, 0.9902
7: 1663.04, 588.40, 0.9357
8: 1236.83, 608.64, 0.9242
9: 1547.57, 508.37, 0.9372
10: 1338.62, 488.99, 0.9227
11: 1543.22, 821.47, 0.9373
12: 1365.96, 826.79, 0.9358
13: 1585.72, 1023.18, 0.2264
14: 1385.47, 1024.73, 0.2226
15: 1599.28, 1080.00, 0.0202
16: 1377.02, 1080.00, 0.0212

Frame: 677, Person: 0
0: 1436.63, 287.80, 0.9939
1: 1466.29, 256.54, 0.9896
2: 1412.74, 260.55, 0.9696
3: 1527.48, 262.39, 0.9347
4: 1396.40, 271.68, 0.5575
5: 1603.33, 413.90, 0.9889
6: 1341.25, 430.69, 0.9915
7: 1666.00, 588.08, 0.9352
8: 1235.62, 609.64, 0.9348
9: 1554.24, 517.34, 0.9366
10: 1337.32, 493.92, 0.9309
11: 1543.31, 819.64, 0.9410
12: 1366.66, 825.66, 0.9433
13: 1585.83, 1020.56, 0.2377
14: 1384.73, 1023.30, 0.2454
15: 1600.12, 1080.00, 0.0216
16: 1373.78, 1080.00, 0.0237

Frame: 678, Person: 0
0: 1438.11, 285.09, 0.9942
1: 1467.59, 254.01, 0.9895
2: 1413.85, 258.31, 0.9727
3: 1527.29, 261.45, 0.9318
4: 1396.31, 271.29, 0.5941
5: 1603.99, 414.52, 0.9890
6: 1339.95, 431.07, 0.9926
7: 1666.84, 589.88, 0.9329
8: 1239.12, 609.81, 0.9430
9: 1561.95, 527.47, 0.9334
10: 1338.96, 502.12, 0.9360
11: 1545.17, 818.38, 0.9427
12: 1367.34, 824.68, 0.9484
13: 1592.55, 1018.98, 0.2389
14: 1388.06, 1022.66, 0.2599
15: 1604.08, 1080.00, 0.0218
16: 1378.75, 1080.00, 0.0250

Frame: 679, Person: 0
0: 1440.68, 283.20, 0.9946
1: 1469.77, 252.11, 0.9893
2: 1415.56, 257.18, 0.9759
3: 1527.40, 260.89, 0.9270
4: 1395.96, 272.68, 0.6348
5: 1605.43, 415.03, 0.9892
6: 1338.37, 433.56, 0.9937
7: 1669.73, 593.53, 0.9298
8: 1241.53, 614.89, 0.9501
9: 1567.36, 535.69, 0.9295
10: 1334.36, 509.92, 0.9405
11: 1545.80, 818.87, 0.9434
12: 1366.84, 825.76, 0.9526
13: 1590.87, 1019.50, 0.2359
14: 1386.24, 1024.57, 0.2705
15: 1597.46, 1080.00, 0.0214
16: 1378.75, 1080.00, 0.0256

Frame: 680, Person: 0
0: 1443.65, 280.79, 0.9948
1: 1473.49, 250.28, 0.9889
2: 1418.15, 253.73, 0.9781
3: 1528.06, 262.08, 0.9174
4: 1394.38, 270.05, 0.6652
5: 1604.05, 419.18, 0.9894
6: 1334.15, 433.56, 0.9938
7: 1673.75, 601.95, 0.9292
8: 1241.93, 619.10, 0.9501
9: 1570.41, 539.00, 0.9286
10: 1333.88, 514.59, 0.9405
11: 1546.13, 825.85, 0.9409
12: 1365.99, 831.00, 0.9505
13: 1588.22, 1025.39, 0.2218
14: 1385.99, 1026.27, 0.2543
15: 1593.48, 1080.00, 0.0194
16: 1382.58, 1080.00, 0.0230

Frame: 681, Person: 0
0: 1446.07, 279.95, 0.9950
1: 1474.92, 249.01, 0.9885
2: 1419.95, 253.09, 0.9802
3: 1527.27, 260.15, 0.9086
4: 1394.12, 269.69, 0.6974
5: 1605.62, 419.42, 0.9895
6: 1330.53, 434.87, 0.9943
7: 1675.32, 609.64, 0.9257
8: 1240.69, 627.37, 0.9526
9: 1572.38, 550.40, 0.9236
10: 1327.95, 530.01, 0.9406
11: 1548.49, 830.65, 0.9380
12: 1365.35, 836.41, 0.9500
13: 1589.71, 1022.65, 0.2147
14: 1382.05, 1024.62, 0.2527
15: 1592.60, 1080.00, 0.0191
16: 1382.61, 1080.00, 0.0230

Frame: 682, Person: 0
0: 1449.77, 279.06, 0.9955
1: 1478.25, 248.39, 0.9877
2: 1422.53, 252.04, 0.9835
3: 1526.36, 261.82, 0.8849
4: 1391.60, 270.53, 0.7494
5: 1605.58, 421.42, 0.9901
6: 1325.22, 438.05, 0.9950
7: 1681.36, 618.57, 0.9245
8: 1237.74, 637.94, 0.9573
9: 1586.12, 564.78, 0.9190
10: 1311.88, 531.17, 0.9442
11: 1551.54, 834.17, 0.9350
12: 1365.91, 840.27, 0.9497
13: 1588.73, 1019.50, 0.1989
14: 1377.99, 1022.63, 0.2420
15: 1582.59, 1080.00, 0.0170
16: 1375.19, 1080.00, 0.0207

Frame: 683, Person: 0
0: 1452.93, 279.04, 0.9959
1: 1480.45, 248.32, 0.9868
2: 1424.86, 251.50, 0.9863
3: 1524.84, 261.72, 0.8527
4: 1390.06, 268.97, 0.7960
5: 1603.53, 423.45, 0.9906
6: 1322.73, 434.40, 0.9954
7: 1680.43, 626.28, 0.9237
8: 1233.37, 634.75, 0.9614
9: 1605.23, 574.58, 0.9141
10: 1295.35, 532.62, 0.9473
11: 1552.67, 834.23, 0.9337
12: 1367.35, 838.67, 0.9504
13: 1591.54, 1014.22, 0.1899
14: 1379.19, 1016.10, 0.2377
15: 1576.47, 1080.00, 0.0159
16: 1369.78, 1080.00, 0.0195

Frame: 684, Person: 0
0: 1455.26, 278.79, 0.9961
1: 1481.86, 247.72, 0.9860
2: 1426.27, 251.10, 0.9871
3: 1523.39, 261.80, 0.8278
4: 1388.96, 269.33, 0.8113
5: 1604.23, 430.19, 0.9907
6: 1320.73, 434.25, 0.9951
7: 1681.32, 645.07, 0.9191
8: 1233.80, 637.50, 0.9568
9: 1630.69, 579.23, 0.9028
10: 1269.06, 532.82, 0.9387
11: 1548.27, 845.25, 0.9197
12: 1361.95, 846.23, 0.9381
13: 1579.18, 1013.09, 0.1538
14: 1361.12, 1012.53, 0.1899
15: 1556.56, 1080.00, 0.0125
16: 1350.78, 1080.00, 0.0148

Frame: 685, Person: 0
0: 1459.37, 278.50, 0.9964
1: 1484.56, 247.42, 0.9850
2: 1429.75, 250.99, 0.9891
3: 1522.48, 261.43, 0.7868
4: 1388.92, 269.23, 0.8447
5: 1605.04, 430.77, 0.9908
6: 1318.55, 434.31, 0.9954
7: 1691.67, 647.26, 0.9149
8: 1231.46, 636.99, 0.9594
9: 1656.67, 583.30, 0.8943
10: 1260.05, 520.23, 0.9403
11: 1551.04, 850.20, 0.9143
12: 1363.22, 850.83, 0.9362
13: 1576.38, 1013.52, 0.1364
14: 1354.63, 1013.81, 0.1741
15: 1550.68, 1080.00, 0.0107
16: 1341.17, 1080.00, 0.0128

Frame: 686, Person: 0
0: 1463.14, 277.81, 0.9966
1: 1487.47, 246.86, 0.9844
2: 1432.95, 250.49, 0.9906
3: 1522.98, 260.48, 0.7550
4: 1390.24, 268.67, 0.8715
5: 1603.20, 428.15, 0.9904
6: 1319.32, 434.96, 0.9961
7: 1686.92, 640.90, 0.9062
8: 1230.82, 633.03, 0.9649
9: 1673.58, 582.25, 0.8798
10: 1238.80, 497.36, 0.9449
11: 1554.01, 852.75, 0.9144
12: 1367.72, 855.25, 0.9420
13: 1578.78, 1014.24, 0.1297
14: 1353.90, 1020.20, 0.1786
15: 1548.38, 1079.13, 0.0101
16: 1336.25, 1080.00, 0.0126

Frame: 687, Person: 0
0: 1466.90, 278.45, 0.9967
1: 1490.58, 247.08, 0.9831
2: 1436.42, 250.50, 0.9910
3: 1523.21, 260.11, 0.7169
4: 1391.73, 267.84, 0.8827
5: 1598.62, 429.70, 0.9910
6: 1318.54, 435.16, 0.9962
7: 1672.84, 650.64, 0.9141
8: 1234.96, 639.61, 0.9669
9: 1682.45, 574.71, 0.8879
10: 1222.16, 487.93, 0.9485
11: 1549.78, 849.89, 0.9147
12: 1365.41, 853.11, 0.9409
13: 1582.96, 996.07, 0.1346
14: 1352.03, 1005.62, 0.1812
15: 1553.48, 1060.54, 0.0103
16: 1337.74, 1079.22, 0.0126

Frame: 688, Person: 0
0: 1470.79, 278.35, 0.9969
1: 1493.51, 246.27, 0.9824
2: 1439.26, 250.88, 0.9916
3: 1524.15, 258.13, 0.6857
4: 1392.49, 268.74, 0.8920
5: 1598.66, 425.77, 0.9914
6: 1319.28, 434.07, 0.9963
7: 1673.67, 647.71, 0.9192
8: 1238.37, 640.47, 0.9687
9: 1689.43, 563.34, 0.8929
10: 1213.94, 485.46, 0.9507
11: 1549.09, 854.60, 0.9181
12: 1364.62, 858.92, 0.9428
13: 1581.19, 998.56, 0.1310
14: 1344.34, 1010.34, 0.1746
15: 1552.27, 1063.88, 0.0095
16: 1327.90, 1080.00, 0.0114

Frame: 688, Person: 1
0: 367.82, 742.75, 0.6594
1: 360.87, 730.14, 0.2986
2: 354.88, 732.66, 0.8038
3: 322.00, 738.43, 0.2035
4: 325.87, 745.75, 0.9374
5: 321.72, 801.90, 0.5647
6: 339.76, 817.36, 0.8285
7: 385.99, 829.15, 0.0282
8: 395.36, 855.22, 0.2277
9: 388.91, 802.67, 0.0224
10: 404.90, 812.27, 0.1027
11: 336.25, 911.39, 0.0345
12: 348.01, 921.16, 0.0664
13: 391.08, 810.79, 0.0146
14: 376.90, 816.60, 0.0338
15: 376.61, 851.85, 0.0281
16: 354.05, 866.26, 0.0520

Frame: 689, Person: 0
0: 1473.08, 277.32, 0.9968
1: 1495.96, 246.07, 0.9814
2: 1441.74, 250.13, 0.9915
3: 1525.43, 259.25, 0.6719
4: 1394.74, 268.73, 0.8958
5: 1596.50, 425.07, 0.9914
6: 1321.22, 433.88, 0.9964
7: 1665.18, 646.64, 0.9190
8: 1247.22, 642.52, 0.9693
9: 1691.78, 549.17, 0.8929
10: 1214.43, 481.17, 0.9512
11: 1548.95, 848.49, 0.9204
12: 1368.02, 853.74, 0.9448
13: 1582.00, 990.86, 0.1394
14: 1353.59, 1004.44, 0.1864
15: 1549.29, 1056.90, 0.0102
16: 1342.64, 1080.00, 0.0123

Frame: 689, Person: 1
0: 367.18, 737.30, 0.2727
1: 356.73, 724.95, 0.1112
2: 357.79, 726.22, 0.3260
3: 298.70, 738.27, 0.5023
4: 340.05, 743.00, 0.9236
5: 272.18, 816.28, 0.7821
6: 390.73, 823.21, 0.8156
7: 280.92, 852.83, 0.0757
8: 454.88, 862.61, 0.1194
9: 285.80, 828.61, 0.0296
10: 417.99, 829.54, 0.0378
11: 303.96, 933.05, 0.0535
12: 383.27, 937.40, 0.0585
13: 340.89, 821.67, 0.0163
14: 416.45, 823.36, 0.0190
15: 333.49, 864.38, 0.0250
16: 397.16, 871.28, 0.0279

Frame: 690, Person: 0
0: 1475.61, 275.75, 0.9967
1: 1498.47, 244.67, 0.9807
2: 1444.41, 248.25, 0.9915
3: 1527.47, 257.65, 0.6559
4: 1396.98, 265.79, 0.8979
5: 1594.72, 423.61, 0.9913
6: 1324.21, 430.17, 0.9963
7: 1656.74, 645.31, 0.9198
8: 1252.15, 639.31, 0.9694
9: 1684.61, 541.00, 0.8951
10: 1226.00, 478.88, 0.9521
11: 1549.94, 847.25, 0.9253
12: 1371.28, 852.37, 0.9478
13: 1587.71, 994.33, 0.1491
14: 1360.71, 1007.48, 0.1975
15: 1555.39, 1058.00, 0.0110
16: 1346.51, 1080.00, 0.0131

Frame: 691, Person: 0
0: 1478.16, 275.31, 0.9968
1: 1500.82, 245.06, 0.9802
2: 1447.46, 247.89, 0.9921
3: 1529.37, 259.25, 0.6477
4: 1399.55, 265.74, 0.9048
5: 1596.05, 426.96, 0.9907
6: 1327.13, 431.87, 0.9965
7: 1656.11, 643.56, 0.9109
8: 1258.58, 638.46, 0.9704
9: 1662.00, 529.75, 0.8934
10: 1248.32, 486.99, 0.9548
11: 1553.34, 847.71, 0.9292
12: 1375.72, 851.76, 0.9533
13: 1585.47, 1010.83, 0.1641
14: 1366.95, 1019.62, 0.2249
15: 1554.70, 1075.16, 0.0123
16: 1355.72, 1080.00, 0.0152

Frame: 691, Person: 1
0: 364.60, 733.68, 0.2550
1: 353.92, 720.23, 0.0946
2: 354.84, 721.43, 0.3240
3: 293.51, 733.18, 0.4783
4: 337.55, 737.74, 0.9369
5: 267.66, 817.51, 0.7721
6: 393.11, 823.70, 0.8341
7: 280.85, 856.91, 0.0601
8: 462.83, 865.12, 0.1310
9: 287.41, 827.95, 0.0235
10: 423.30, 827.99, 0.0387
11: 298.93, 942.31, 0.0465
12: 382.98, 945.83, 0.0567
13: 340.51, 816.48, 0.0142
14: 418.08, 817.55, 0.0190
15: 333.14, 856.84, 0.0235
16: 394.82, 863.13, 0.0288

Frame: 692, Person: 0
0: 1481.65, 274.34, 0.9966
1: 1503.60, 245.74, 0.9773
2: 1451.44, 247.28, 0.9924
3: 1529.11, 261.65, 0.5827
4: 1401.00, 264.60, 0.9140
5: 1586.12, 428.06, 0.9900
6: 1330.17, 424.22, 0.9958
7: 1638.70, 646.21, 0.9070
8: 1265.99, 633.74, 0.9662
9: 1632.93, 516.14, 0.8955
10: 1286.11, 495.17, 0.9526
11: 1545.34, 839.53, 0.9340
12: 1376.20, 840.69, 0.9547
13: 1571.51, 1031.62, 0.1872
14: 1373.38, 1033.72, 0.2444
15: 1549.54, 1080.00, 0.0139
16: 1364.00, 1080.00, 0.0163

Frame: 692, Person: 1
0: 356.60, 734.90, 0.4353
1: 349.56, 721.06, 0.1696
2: 349.91, 721.50, 0.5314
3: 301.21, 730.61, 0.3640
4: 336.29, 732.62, 0.9210
5: 277.68, 813.74, 0.7400
6: 372.84, 819.25, 0.8708
7: 295.19, 865.80, 0.0669
8: 431.16, 870.80, 0.3004
9: 313.10, 822.95, 0.0356
10: 410.72, 820.67, 0.1155
11: 300.93, 932.76, 0.0658
12: 367.62, 936.77, 0.1072
13: 357.13, 833.48, 0.0149
14: 419.43, 835.18, 0.0295
15: 352.84, 839.30, 0.0171
16: 395.75, 845.39, 0.0279

Frame: 693, Person: 0
0: 1477.92, 276.93, 0.9963
1: 1500.38, 246.23, 0.9787
2: 1447.47, 250.46, 0.9913
3: 1529.95, 257.09, 0.6353
4: 1400.83, 266.18, 0.8981
5: 1585.70, 414.63, 0.9889
6: 1332.15, 422.22, 0.9957
7: 1627.83, 630.53, 0.9076
8: 1265.25, 634.03, 0.9679
9: 1591.13, 507.84, 0.9021
10: 1314.48, 477.62, 0.9572
11: 1544.45, 831.25, 0.9334
12: 1375.16, 837.41, 0.9554
13: 1576.65, 1030.87, 0.1793
14: 1376.74, 1040.41, 0.2406
15: 1555.13, 1080.00, 0.0128
16: 1358.68, 1080.00, 0.0157

Frame: 693, Person: 1
0: 356.39, 731.33, 0.3891
1: 347.48, 717.55, 0.1447
2: 349.25, 718.47, 0.4888
3: 293.24, 726.04, 0.3851
4: 331.79, 729.51, 0.9332
5: 266.99, 807.27, 0.7319
6: 369.61, 814.56, 0.8399
7: 277.68, 856.25, 0.0562
8: 428.15, 865.08, 0.1851
9: 296.47, 823.32, 0.0270
10: 407.69, 823.87, 0.0634
11: 288.97, 923.95, 0.0489
12: 360.14, 928.47, 0.0686
13: 337.81, 817.99, 0.0133
14: 404.56, 819.85, 0.0217
15: 330.49, 834.75, 0.0189
16: 382.08, 842.30, 0.0267

Frame: 694, Person: 0
0: 1471.30, 278.23, 0.9962
1: 1494.62, 248.26, 0.9794
2: 1443.11, 251.04, 0.9907
3: 1526.38, 259.50, 0.6725
4: 1398.84, 265.00, 0.8886
5: 1585.15, 417.93, 0.9886
6: 1323.81, 422.85, 0.9955
7: 1627.18, 627.23, 0.9059
8: 1255.78, 628.43, 0.9664
9: 1554.52, 522.11, 0.9076
10: 1334.86, 486.05, 0.9581
11: 1536.64, 819.06, 0.9343
12: 1361.73, 823.86, 0.9559
13: 1574.62, 1028.34, 0.2009
14: 1373.89, 1034.35, 0.2672
15: 1556.50, 1080.00, 0.0150
16: 1363.72, 1080.00, 0.0185

Frame: 694, Person: 1
0: 352.09, 726.31, 0.2322
1: 342.73, 712.64, 0.0933
2: 347.50, 712.53, 0.2718
3: 288.60, 722.83, 0.5120
4: 339.58, 723.65, 0.9179
5: 262.22, 812.96, 0.7821
6: 379.85, 815.44, 0.8225
7: 268.45, 869.92, 0.0704
8: 435.74, 874.20, 0.1262
9: 294.66, 838.84, 0.0244
10: 414.27, 838.02, 0.0351
11: 283.31, 937.15, 0.0538
12: 365.74, 939.38, 0.0613
13: 330.96, 832.24, 0.0124
14: 406.27, 832.41, 0.0158
15: 326.55, 841.93, 0.0161
16: 384.79, 847.05, 0.0190

Frame: 695, Person: 0
0: 1468.00, 278.38, 0.9960
1: 1491.94, 249.11, 0.9796
2: 1439.70, 250.86, 0.9900
3: 1524.07, 262.52, 0.6821
4: 1394.48, 265.73, 0.8775
5: 1581.87, 420.37, 0.9885
6: 1322.17, 422.46, 0.9949
7: 1629.05, 623.06, 0.9096
8: 1251.47, 621.50, 0.9624
9: 1542.33, 515.98, 0.9126
10: 1343.43, 482.92, 0.9557
11: 1537.92, 822.44, 0.9315
12: 1363.89, 826.03, 0.9512
13: 1573.99, 1027.49, 0.1945
14: 1378.42, 1029.09, 0.2481
15: 1560.78, 1080.00, 0.0146
16: 1367.93, 1080.00, 0.0173

Frame: 695, Person: 1
0: 355.85, 721.35, 0.2991
1: 346.35, 707.44, 0.1076
2: 348.54, 708.12, 0.3787
3: 290.94, 718.91, 0.4023
4: 331.55, 721.84, 0.9251
5: 264.06, 809.15, 0.7286
6: 371.05, 815.12, 0.8190
7: 270.46, 863.92, 0.0546
8: 429.22, 871.60, 0.1488
9: 288.47, 836.86, 0.0230
10: 405.79, 837.69, 0.0461
11: 285.97, 932.87, 0.0442
12: 360.02, 936.96, 0.0581
13: 336.71, 816.50, 0.0123
14: 404.54, 818.03, 0.0185
15: 328.01, 831.54, 0.0181
16: 378.47, 839.13, 0.0242

Frame: 696, Person: 0
0: 1466.81, 277.23, 0.9965
1: 1489.68, 246.71, 0.9800
2: 1437.06, 249.87, 0.9914
3: 1520.57, 258.51, 0.6485
4: 1389.91, 264.91, 0.8923
5: 1579.44, 415.56, 0.9892
6: 1322.25, 420.21, 0.9955
7: 1636.05, 624.96, 0.9128
8: 1245.46, 621.65, 0.9680
9: 1558.90, 528.32, 0.9123
10: 1324.75, 469.46, 0.9609
11: 1538.41, 825.97, 0.9335
12: 1365.49, 830.00, 0.9547
13: 1572.78, 1026.16, 0.1878
14: 1369.80, 1029.79, 0.2480
15: 1559.68, 1080.00, 0.0136
16: 1344.57, 1080.00, 0.0165

Frame: 696, Person: 1
0: 352.44, 718.35, 0.2086
1: 343.19, 703.98, 0.0831
2: 346.47, 704.29, 0.2509
3: 289.72, 715.51, 0.4355
4: 335.63, 717.40, 0.8915
5: 262.16, 810.12, 0.6953
6: 375.51, 813.45, 0.7604
7: 260.68, 871.57, 0.0508
8: 424.73, 876.35, 0.1025
9: 281.52, 841.67, 0.0195
10: 399.49, 842.56, 0.0306
11: 280.07, 944.55, 0.0388
12: 358.68, 947.08, 0.0463
13: 329.23, 827.02, 0.0114
14: 398.74, 827.60, 0.0151
15: 319.70, 841.07, 0.0171
16: 368.63, 847.39, 0.0209

Frame: 697, Person: 0
0: 1463.79, 275.77, 0.9967
1: 1486.74, 246.12, 0.9805
2: 1433.96, 249.17, 0.9917
3: 1517.41, 259.98, 0.6524
4: 1387.43, 266.28, 0.8927
5: 1577.47, 415.61, 0.9896
6: 1323.56, 418.23, 0.9957
7: 1640.76, 625.01, 0.9163
8: 1245.92, 617.61, 0.9702
9: 1577.08, 525.67, 0.9123
10: 1302.99, 473.33, 0.9614
11: 1537.11, 826.51, 0.9361
12: 1366.42, 828.91, 0.9569
13: 1570.55, 1030.06, 0.1810
14: 1365.54, 1030.79, 0.2418
15: 1561.17, 1080.00, 0.0126
16: 1338.58, 1080.00, 0.0154

Frame: 697, Person: 1
0: 353.48, 713.45, 0.2237
1: 344.01, 699.62, 0.0705
2: 347.72, 699.83, 0.2983
3: 290.07, 711.78, 0.3279
4: 336.10, 713.35, 0.9151
5: 262.92, 805.82, 0.6736
6: 369.03, 808.83, 0.8067
7: 262.99, 871.20, 0.0434
8: 417.37, 875.82, 0.1556
9: 290.68, 840.08, 0.0181
10: 402.66, 839.87, 0.0445
11: 277.65, 939.13, 0.0402
12: 351.44, 942.07, 0.0579
13: 333.46, 827.09, 0.0114
14: 396.21, 827.84, 0.0189
15: 320.32, 841.73, 0.0169
16: 363.20, 848.41, 0.0243

Frame: 698, Person: 0
0: 1458.70, 277.98, 0.9967
1: 1482.23, 247.75, 0.9819
2: 1429.07, 250.95, 0.9914
3: 1514.95, 260.72, 0.6816
4: 1383.89, 267.43, 0.8854
5: 1580.08, 414.76, 0.9901
6: 1320.40, 424.14, 0.9958
7: 1652.74, 620.43, 0.9195
8: 1239.56, 623.56, 0.9701
9: 1589.40, 551.33, 0.9117
10: 1295.01, 474.77, 0.9608
11: 1541.43, 828.96, 0.9373
12: 1367.17, 833.69, 0.9573
13: 1577.16, 1029.39, 0.1801
14: 1367.22, 1034.54, 0.2395
15: 1560.57, 1080.00, 0.0127
16: 1332.90, 1080.00, 0.0155

Frame: 698, Person: 1
0: 351.31, 713.42, 0.4757
1: 343.99, 698.20, 0.2153
2: 344.67, 699.87, 0.5183
3: 298.93, 707.67, 0.3219
4: 329.16, 712.88, 0.8483
5: 283.41, 791.23, 0.7474
6: 340.99, 802.29, 0.7818
7: 295.33, 857.01, 0.1359
8: 374.65, 872.85, 0.2125
9: 307.33, 825.10, 0.0730
10: 382.54, 827.38, 0.0996
11: 300.28, 921.15, 0.0752
12: 340.16, 928.59, 0.0814
13: 345.14, 830.76, 0.0138
14: 367.06, 834.65, 0.0169
15: 335.09, 841.25, 0.0114
16: 349.10, 852.80, 0.0132

Frame: 699, Person: 0
0: 1454.51, 278.76, 0.9967
1: 1478.11, 247.63, 0.9824
2: 1425.09, 251.02, 0.9911
3: 1512.13, 258.69, 0.6902
4: 1380.20, 265.62, 0.8776
5: 1580.51, 412.97, 0.9901
6: 1316.85, 423.87, 0.9955
7: 1663.79, 616.43, 0.9198
8: 1231.04, 625.35, 0.9669
9: 1579.03, 551.03, 0.9140
10: 1297.06, 489.41, 0.9584
11: 1541.86, 831.26, 0.9294
12: 1364.82, 836.04, 0.9498
13: 1578.94, 1020.38, 0.1666
14: 1366.83, 1022.47, 0.2165
15: 1565.98, 1080.00, 0.0121
16: 1331.51, 1080.00, 0.0144

Frame: 699, Person: 1
0: 344.94, 711.40, 0.3094
1: 336.84, 696.46, 0.1262
2: 342.12, 697.16, 0.3185
3: 286.71, 704.82, 0.4065
4: 335.59, 707.78, 0.8486
5: 255.22, 791.36, 0.7795
6: 358.64, 799.11, 0.8025
7: 248.91, 860.64, 0.1367
8: 394.91, 872.06, 0.1980
9: 277.68, 827.26, 0.0593
10: 383.79, 831.13, 0.0749
11: 270.17, 924.77, 0.0806
12: 341.98, 929.88, 0.0857
13: 310.54, 830.98, 0.0141
14: 369.33, 833.66, 0.0166
15: 304.21, 832.73, 0.0120
16: 343.30, 842.06, 0.0134

Frame: 700, Person: 0
0: 1450.70, 279.42, 0.9966
1: 1474.29, 248.22, 0.9826
2: 1422.04, 251.39, 0.9905
3: 1508.91, 258.55, 0.7019
4: 1378.16, 264.77, 0.8664
5: 1580.54, 413.85, 0.9905
6: 1313.92, 423.57, 0.9951
7: 1666.94, 620.35, 0.9231
8: 1228.18, 626.76, 0.9639
9: 1567.79, 558.81, 0.9164
10: 1298.67, 494.01, 0.9554
11: 1539.80, 839.45, 0.9289
12: 1361.24, 842.96, 0.9470
13: 1572.13, 1025.11, 0.1642
14: 1363.10, 1024.57, 0.2054
15: 1557.44, 1080.00, 0.0119
16: 1330.07, 1080.00, 0.0138

Frame: 700, Person: 1
0: 316.38, 702.46, 0.8677
1: 326.49, 692.19, 0.7583
2: 307.66, 688.88, 0.8955
3: 337.89, 703.76, 0.3263
4: 285.22, 694.87, 0.7250
5: 358.29, 777.97, 0.7609
6: 237.50, 761.72, 0.9007
7: 364.05, 843.00, 0.2089
8: 194.23, 812.02, 0.6034
9: 325.72, 784.91, 0.1731
10: 235.16, 752.75, 0.4257
11: 309.29, 889.84, 0.1450
12: 231.53, 882.97, 0.2244
13: 317.66, 829.33, 0.0226
14: 216.58, 821.44, 0.0398
15: 277.57, 836.83, 0.0144
16: 197.90, 828.80, 0.0221

Frame: 701, Person: 0
0: 1447.59, 280.37, 0.9964
1: 1471.64, 248.99, 0.9828
2: 1418.95, 251.86, 0.9898
3: 1507.19, 259.02, 0.7141
4: 1375.81, 264.59, 0.8557
5: 1578.14, 414.73, 0.9903
6: 1312.79, 424.58, 0.9947
7: 1666.22, 620.48, 0.9236
8: 1229.62, 626.63, 0.9610
9: 1570.74, 565.96, 0.9155
10: 1304.62, 487.22, 0.9526
11: 1535.71, 845.93, 0.9240
12: 1357.83, 849.35, 0.9416
13: 1567.80, 1025.06, 0.1519
14: 1360.07, 1025.32, 0.1869
15: 1551.60, 1080.00, 0.0111
16: 1325.76, 1080.00, 0.0126

Frame: 701, Person: 1
0: 318.46, 701.54, 0.8889
1: 328.88, 689.29, 0.7868
2: 306.95, 686.20, 0.9272
3: 339.38, 702.07, 0.3010
4: 278.25, 693.79, 0.7908
5: 363.99, 786.54, 0.6968
6: 223.31, 773.22, 0.8748
7: 372.21, 852.20, 0.1165
8: 181.66, 829.97, 0.4637
9: 321.87, 783.10, 0.1030
10: 240.93, 762.64, 0.3081
11: 318.93, 904.42, 0.0777
12: 229.01, 900.19, 0.1302
13: 337.30, 817.77, 0.0156
14: 225.11, 811.71, 0.0292
15: 292.21, 825.97, 0.0136
16: 212.48, 821.21, 0.0219

Frame: 702, Person: 0
0: 1444.45, 280.39, 0.9964
1: 1468.74, 249.48, 0.9833
2: 1415.50, 252.57, 0.9894
3: 1504.91, 261.12, 0.7330
4: 1372.94, 267.62, 0.8488
5: 1576.61, 414.85, 0.9903
6: 1313.59, 427.04, 0.9948
7: 1667.98, 617.95, 0.9242
8: 1231.27, 627.31, 0.9616
9: 1569.35, 576.12, 0.9149
10: 1304.03, 493.51, 0.9524
11: 1535.84, 842.86, 0.9232
12: 1359.80, 846.66, 0.9414
13: 1565.98, 1017.18, 0.1523
14: 1361.25, 1017.63, 0.1890
15: 1549.81, 1080.00, 0.0114
16: 1326.02, 1080.00, 0.0132

Frame: 703, Person: 0
0: 1443.94, 281.04, 0.9965
1: 1467.78, 250.27, 0.9833
2: 1415.17, 253.26, 0.9897
3: 1503.44, 261.52, 0.7292
4: 1372.45, 267.96, 0.8551
5: 1575.77, 414.21, 0.9906
6: 1315.48, 429.31, 0.9952
7: 1669.39, 611.97, 0.9248
8: 1233.62, 626.25, 0.9645
9: 1571.88, 588.42, 0.9140
10: 1302.81, 497.60, 0.9548
11: 1539.34, 841.06, 0.9293
12: 1365.69, 845.70, 0.9477
13: 1563.01, 1018.34, 0.1636
14: 1365.29, 1020.47, 0.2069
15: 1542.53, 1080.00, 0.0124
16: 1328.57, 1080.00, 0.0146

Frame: 704, Person: 0
0: 1443.35, 280.35, 0.9965
1: 1467.22, 250.71, 0.9830
2: 1414.90, 253.38, 0.9898
3: 1502.26, 263.16, 0.7275
4: 1371.66, 269.05, 0.8610
5: 1573.91, 412.74, 0.9908
6: 1314.30, 430.89, 0.9954
7: 1665.72, 606.56, 0.9239
8: 1235.69, 629.46, 0.9652
9: 1560.81, 593.77, 0.9095
10: 1303.50, 516.84, 0.9528
11: 1540.65, 841.87, 0.9321
12: 1367.87, 847.39, 0.9506
13: 1556.71, 1026.26, 0.1595
14: 1365.21, 1028.58, 0.2035
15: 1533.35, 1080.00, 0.0119
16: 1331.83, 1080.00, 0.0141

Frame: 705, Person: 0
0: 1441.90, 282.61, 0.9962
1: 1464.97, 251.97, 0.9821
2: 1413.28, 255.94, 0.9892
3: 1499.80, 261.31, 0.7160
4: 1370.05, 269.80, 0.8591
5: 1571.71, 410.15, 0.9905
6: 1311.48, 429.66, 0.9947
7: 1656.84, 606.18, 0.9230
8: 1238.61, 628.37, 0.9594
9: 1556.36, 610.54, 0.9036
10: 1302.69, 533.03, 0.9446
11: 1539.68, 839.01, 0.9268
12: 1366.14, 846.02, 0.9436
13: 1562.68, 1020.58, 0.1517
14: 1366.80, 1026.92, 0.1854
15: 1538.15, 1080.00, 0.0117
16: 1339.18, 1080.00, 0.0133

Frame: 706, Person: 0
0: 1437.41, 285.55, 0.9954
1: 1460.81, 255.65, 0.9767
2: 1411.18, 258.18, 0.9882
3: 1497.11, 263.68, 0.6591
4: 1369.54, 267.91, 0.8550
5: 1567.17, 403.05, 0.9863
6: 1311.93, 420.81, 0.9935
7: 1656.91, 588.87, 0.9169
8: 1240.89, 610.35, 0.9668
9: 1552.91, 620.77, 0.9088
10: 1321.71, 559.07, 0.9555
11: 1542.64, 823.14, 0.9232
12: 1369.44, 829.97, 0.9472
13: 1554.36, 1073.70, 0.1653
14: 1363.80, 1078.32, 0.2186
15: 1539.18, 1080.00, 0.0109
16: 1340.40, 1080.00, 0.0131

Frame: 707, Person: 0
0: 1434.18, 286.41, 0.9958
1: 1457.94, 256.71, 0.9818
2: 1407.28, 260.18, 0.9879
3: 1494.96, 264.16, 0.7334
4: 1365.64, 270.75, 0.8416
5: 1567.44, 405.47, 0.9907
6: 1307.18, 423.16, 0.9941
7: 1648.89, 590.40, 0.9302
8: 1245.57, 610.45, 0.9565
9: 1523.57, 624.84, 0.9082
10: 1323.25, 558.81, 0.9390
11: 1539.85, 830.65, 0.9411
12: 1364.48, 836.99, 0.9519
13: 1569.60, 1033.18, 0.1759
14: 1372.17, 1036.65, 0.2038
15: 1550.65, 1080.00, 0.0138
16: 1354.87, 1080.00, 0.0151

Frame: 708, Person: 0
0: 1432.40, 286.16, 0.9958
1: 1455.86, 255.44, 0.9815
2: 1405.30, 259.39, 0.9877
3: 1493.47, 260.62, 0.7261
4: 1363.11, 267.87, 0.8344
5: 1565.97, 404.54, 0.9906
6: 1307.03, 417.21, 0.9937
7: 1652.56, 591.63, 0.9313
8: 1245.58, 602.61, 0.9549
9: 1507.10, 601.90, 0.9176
10: 1340.52, 549.76, 0.9419
11: 1536.92, 830.66, 0.9432
12: 1362.17, 834.56, 0.9526
13: 1563.72, 1041.99, 0.1880
14: 1371.92, 1039.07, 0.2133
15: 1556.60, 1080.00, 0.0144
16: 1359.98, 1080.00, 0.0155

Frame: 709, Person: 0
0: 1431.60, 284.86, 0.9959
1: 1455.21, 253.59, 0.9827
2: 1404.13, 258.38, 0.9875
3: 1494.01, 258.76, 0.7501
4: 1364.28, 268.28, 0.8254
5: 1568.33, 400.88, 0.9906
6: 1310.36, 419.01, 0.9941
7: 1655.30, 592.71, 0.9314
8: 1245.46, 612.92, 0.9576
9: 1518.58, 578.96, 0.9211
10: 1333.28, 530.16, 0.9467
11: 1542.26, 825.46, 0.9446
12: 1368.05, 831.83, 0.9549
13: 1573.84, 1033.26, 0.2034
14: 1376.25, 1033.92, 0.2352
15: 1567.31, 1080.00, 0.0158
16: 1357.13, 1080.00, 0.0175

Frame: 710, Person: 0
0: 1432.37, 285.85, 0.9961
1: 1456.40, 254.50, 0.9830
2: 1404.50, 259.24, 0.9886
3: 1494.96, 259.71, 0.7478
4: 1364.83, 269.59, 0.8399
5: 1567.43, 398.50, 0.9903
6: 1311.00, 422.18, 0.9949
7: 1655.04, 586.62, 0.9268
8: 1236.28, 620.38, 0.9630
9: 1530.23, 556.47, 0.9181
10: 1304.05, 524.95, 0.9518
11: 1541.56, 820.43, 0.9419
12: 1369.78, 828.96, 0.9563
13: 1566.63, 1026.72, 0.1953
14: 1373.90, 1030.06, 0.2391
15: 1555.17, 1080.00, 0.0148
16: 1350.20, 1080.00, 0.0172

Frame: 711, Person: 0
0: 1434.22, 286.92, 0.9962
1: 1457.85, 255.08, 0.9834
2: 1405.84, 259.68, 0.9888
3: 1496.18, 260.21, 0.7436
4: 1365.64, 269.67, 0.8376
5: 1568.31, 402.80, 0.9903
6: 1313.02, 419.46, 0.9946
7: 1659.31, 585.94, 0.9296
8: 1234.91, 609.36, 0.9630
9: 1547.73, 534.65, 0.9244
10: 1307.26, 520.36, 0.9538
11: 1540.58, 821.26, 0.9413
12: 1368.53, 827.61, 0.9548
13: 1573.31, 1023.07, 0.1962
14: 1373.23, 1022.40, 0.2368
15: 1570.88, 1080.00, 0.0148
16: 1349.04, 1080.00, 0.0170

Frame: 712, Person: 0
0: 1435.82, 283.01, 0.9964
1: 1459.22, 252.16, 0.9834
2: 1407.92, 256.05, 0.9895
3: 1496.06, 259.38, 0.7294
4: 1367.11, 267.01, 0.8451
5: 1565.39, 400.54, 0.9904
6: 1312.80, 416.51, 0.9948
7: 1662.90, 580.22, 0.9305
8: 1220.14, 608.41, 0.9645
9: 1541.98, 508.25, 0.9280
10: 1305.06, 507.99, 0.9571
11: 1541.50, 826.70, 0.9406
12: 1371.54, 833.18, 0.9546
13: 1572.71, 1029.75, 0.1857
14: 1379.50, 1025.72, 0.2255
15: 1577.88, 1080.00, 0.0134
16: 1349.61, 1080.00, 0.0154

Frame: 713, Person: 0
0: 1438.04, 282.05, 0.9967
1: 1461.92, 250.54, 0.9834
2: 1409.38, 254.00, 0.9904
3: 1498.48, 257.41, 0.7068
4: 1366.62, 264.04, 0.8537
5: 1564.14, 398.80, 0.9903
6: 1315.72, 413.69, 0.9950
7: 1664.71, 581.86, 0.9299
8: 1220.13, 608.24, 0.9671
9: 1539.54, 503.45, 0.9288
10: 1302.61, 494.43, 0.9607
11: 1539.25, 832.19, 0.9381
12: 1370.98, 837.45, 0.9541
13: 1567.85, 1031.23, 0.1739
14: 1372.40, 1025.02, 0.2163
15: 1574.74, 1080.00, 0.0121
16: 1331.57, 1080.00, 0.0141

Frame: 714, Person: 0
0: 1439.13, 281.65, 0.9966
1: 1463.52, 249.23, 0.9832
2: 1408.99, 253.48, 0.9901
3: 1500.47, 256.19, 0.7042
4: 1365.53, 265.07, 0.8515
5: 1562.90, 396.70, 0.9895
6: 1318.90, 415.44, 0.9947
7: 1661.82, 585.06, 0.9255
8: 1226.92, 611.69, 0.9659
9: 1542.57, 505.03, 0.9250
10: 1302.86, 464.01, 0.9605
11: 1536.41, 831.43, 0.9288
12: 1370.75, 838.08, 0.9476
13: 1566.15, 1023.24, 0.1548
14: 1370.62, 1021.68, 0.1961
15: 1569.94, 1080.00, 0.0107
16: 1322.23, 1080.00, 0.0125

Frame: 715, Person: 0
0: 1439.44, 279.64, 0.9965
1: 1463.49, 247.79, 0.9828
2: 1409.14, 252.58, 0.9900
3: 1499.86, 256.05, 0.7030
4: 1365.30, 265.96, 0.8538
5: 1564.70, 397.47, 0.9897
6: 1315.02, 412.36, 0.9947
7: 1656.67, 591.31, 0.9265
8: 1228.25, 604.56, 0.9663
9: 1543.89, 508.56, 0.9244
10: 1309.88, 449.10, 0.9605
11: 1537.36, 825.72, 0.9339
12: 1368.23, 831.57, 0.9513
13: 1570.21, 1021.31, 0.1667
14: 1370.64, 1020.84, 0.2107
15: 1570.47, 1080.00, 0.0115
16: 1328.51, 1080.00, 0.0135

Frame: 716, Person: 0
0: 1440.34, 279.12, 0.9965
1: 1464.12, 247.54, 0.9829
2: 1409.93, 252.22, 0.9897
3: 1500.12, 256.69, 0.7052
4: 1365.37, 266.27, 0.8492
5: 1567.18, 399.94, 0.9904
6: 1312.94, 411.02, 0.9945
7: 1663.27, 593.75, 0.9323
8: 1226.17, 593.92, 0.9649
9: 1556.06, 526.13, 0.9278
10: 1316.15, 431.08, 0.9599
11: 1536.38, 828.23, 0.9382
12: 1364.45, 832.77, 0.9520
13: 1572.06, 1018.73, 0.1775
14: 1369.85, 1018.49, 0.2159
15: 1570.58, 1080.00, 0.0125
16: 1328.42, 1080.00, 0.0142

Frame: 717, Person: 0
0: 1441.70, 278.56, 0.9965
1: 1465.41, 247.40, 0.9830
2: 1411.52, 251.77, 0.9899
3: 1501.39, 257.03, 0.7071
4: 1367.10, 265.90, 0.8537
5: 1568.61, 399.75, 0.9903
6: 1314.43, 410.21, 0.9948
7: 1664.11, 590.21, 0.9304
8: 1224.19, 586.72, 0.9675
9: 1556.56, 534.69, 0.9255
10: 1320.19, 419.88, 0.9621
11: 1538.21, 826.85, 0.9387
12: 1366.12, 831.14, 0.9544
13: 1572.92, 1017.33, 0.1757
14: 1370.75, 1017.66, 0.2211
15: 1567.39, 1080.00, 0.0124
16: 1323.78, 1080.00, 0.0146

Frame: 718, Person: 0
0: 1441.24, 280.28, 0.9964
1: 1466.01, 249.63, 0.9825
2: 1412.16, 251.78, 0.9895
3: 1501.96, 259.41, 0.6981
4: 1367.07, 262.83, 0.8495
5: 1569.76, 402.18, 0.9901
6: 1311.72, 409.98, 0.9944
7: 1665.25, 590.30, 0.9291
8: 1224.69, 583.65, 0.9644
9: 1557.21, 539.33, 0.9228
10: 1322.86, 407.82, 0.9592
11: 1541.60, 833.23, 0.9329
12: 1367.35, 836.28, 0.9486
13: 1568.36, 1019.25, 0.1580
14: 1370.12, 1018.27, 0.1948
15: 1554.56, 1080.00, 0.0109
16: 1325.81, 1080.00, 0.0125

Frame: 719, Person: 0
0: 1445.35, 282.09, 0.9966
1: 1468.93, 251.12, 0.9808
2: 1415.27, 253.83, 0.9910
3: 1501.84, 260.50, 0.6339
4: 1366.23, 264.90, 0.8777
5: 1567.63, 403.91, 0.9902
6: 1308.85, 410.85, 0.9946
7: 1663.58, 592.49, 0.9270
8: 1221.00, 582.29, 0.9660
9: 1558.39, 545.50, 0.9205
10: 1323.62, 402.53, 0.9614
11: 1539.55, 833.77, 0.9329
12: 1365.44, 837.12, 0.9496
13: 1566.01, 1021.53, 0.1564
14: 1371.48, 1022.14, 0.1959
15: 1546.93, 1080.00, 0.0106
16: 1323.88, 1080.00, 0.0121

Frame: 720, Person: 0
0: 1450.06, 281.13, 0.9968
1: 1472.49, 250.01, 0.9804
2: 1419.51, 253.54, 0.9920
3: 1503.64, 259.26, 0.6077
4: 1369.57, 265.63, 0.8933
5: 1566.88, 404.59, 0.9901
6: 1311.68, 410.22, 0.9952
7: 1660.26, 596.18, 0.9241
8: 1218.89, 582.42, 0.9698
9: 1558.19, 545.39, 0.9193
10: 1316.96, 407.06, 0.9651
11: 1536.41, 831.75, 0.9337
12: 1364.73, 834.80, 0.9530
13: 1565.44, 1020.70, 0.1608
14: 1371.15, 1021.13, 0.2103
15: 1551.15, 1080.00, 0.0109
16: 1322.78, 1080.00, 0.0129

Frame: 721, Person: 0
0: 1453.67, 281.34, 0.9969
1: 1475.91, 250.75, 0.9801
2: 1423.34, 254.13, 0.9925
3: 1506.35, 260.28, 0.5993
4: 1373.26, 266.27, 0.9004
5: 1568.08, 405.91, 0.9899
6: 1315.58, 408.54, 0.9956
7: 1657.01, 600.33, 0.9196
8: 1218.52, 581.70, 0.9723
9: 1552.22, 545.36, 0.9156
10: 1311.94, 414.62, 0.9668
11: 1536.75, 831.68, 0.9345
12: 1367.62, 832.86, 0.9563
13: 1555.32, 1030.26, 0.1576
14: 1368.52, 1027.49, 0.2146
15: 1541.10, 1080.00, 0.0104
16: 1321.25, 1080.00, 0.0127

Frame: 722, Person: 0
0: 1455.97, 280.90, 0.9968
1: 1478.35, 250.71, 0.9802
2: 1425.93, 253.79, 0.9922
3: 1508.90, 260.78, 0.6141
4: 1376.36, 266.37, 0.8980
5: 1570.00, 407.38, 0.9898
6: 1316.13, 410.24, 0.9956
7: 1652.34, 599.63, 0.9192
8: 1219.09, 581.45, 0.9717
9: 1551.28, 551.69, 0.9137
10: 1307.93, 419.39, 0.9655
11: 1536.05, 832.11, 0.9350
12: 1365.78, 833.55, 0.9564
13: 1556.39, 1028.20, 0.1601
14: 1366.02, 1027.07, 0.2167
15: 1539.30, 1080.00, 0.0109
16: 1320.30, 1080.00, 0.0132

Frame: 723, Person: 0
0: 1458.46, 282.23, 0.9968
1: 1479.71, 250.93, 0.9800
2: 1427.75, 255.63, 0.9921
3: 1510.02, 258.63, 0.6061
4: 1377.91, 267.81, 0.8972
5: 1570.69, 407.40, 0.9898
6: 1317.43, 409.17, 0.9952
7: 1650.90, 602.48, 0.9209
8: 1218.29, 579.37, 0.9696
9: 1548.55, 552.74, 0.9162
10: 1311.07, 425.15, 0.9641
11: 1532.44, 831.38, 0.9364
12: 1362.23, 832.73, 0.9556
13: 1556.88, 1030.17, 0.1686
14: 1363.44, 1029.50, 0.2206
15: 1544.30, 1080.00, 0.0116
16: 1317.96, 1080.00, 0.0137

Frame: 724, Person: 0
0: 1460.88, 285.53, 0.9966
1: 1480.79, 253.20, 0.9798
2: 1430.02, 259.19, 0.9917
3: 1511.50, 257.43, 0.6089
4: 1380.64, 269.21, 0.8931
5: 1572.85, 407.81, 0.9892
6: 1320.57, 408.27, 0.9948
7: 1647.77, 603.32, 0.9170
8: 1212.85, 577.65, 0.9667
9: 1533.32, 558.21, 0.9131
10: 1325.58, 442.08, 0.9615
11: 1540.05, 836.26, 0.9324
12: 1369.82, 837.79, 0.9521
13: 1562.66, 1036.80, 0.1596
14: 1368.44, 1035.20, 0.2062
15: 1555.34, 1080.00, 0.0113
16: 1321.09, 1080.00, 0.0131

Frame: 725, Person: 0
0: 1463.08, 290.19, 0.9964
1: 1482.75, 257.98, 0.9775
2: 1432.50, 264.21, 0.9918
3: 1512.37, 260.86, 0.5715
4: 1381.39, 272.95, 0.9024
5: 1572.19, 410.02, 0.9890
6: 1315.43, 410.76, 0.9946
7: 1637.05, 600.43, 0.9152
8: 1218.88, 579.85, 0.9646
9: 1518.77, 552.40, 0.9104
10: 1322.73, 473.13, 0.9581
11: 1535.14, 830.16, 0.9351
12: 1361.88, 832.28, 0.9532
13: 1562.90, 1036.30, 0.1683
14: 1365.82, 1035.45, 0.2130
15: 1552.92, 1080.00, 0.0121
16: 1332.88, 1080.00, 0.0137

Frame: 726, Person: 0
0: 1463.30, 291.39, 0.9965
1: 1483.38, 259.33, 0.9771
2: 1432.94, 265.39, 0.9923
3: 1513.23, 261.46, 0.5624
4: 1381.57, 272.65, 0.9099
5: 1572.68, 409.12, 0.9901
6: 1313.78, 405.84, 0.9953
7: 1630.70, 603.97, 0.9201
8: 1220.26, 581.08, 0.9686
9: 1511.26, 549.71, 0.9156
10: 1325.69, 501.31, 0.9611
11: 1534.92, 821.49, 0.9484
12: 1361.06, 822.20, 0.9636
13: 1560.38, 1036.80, 0.2154
14: 1366.66, 1032.77, 0.2721
15: 1547.86, 1080.00, 0.0162
16: 1340.33, 1080.00, 0.0185

Frame: 727, Person: 0
0: 1464.07, 291.12, 0.9965
1: 1484.52, 258.83, 0.9773
2: 1433.46, 264.71, 0.9922
3: 1514.93, 261.22, 0.5711
4: 1381.81, 272.09, 0.9088
5: 1573.27, 411.00, 0.9901
6: 1314.70, 405.84, 0.9954
7: 1629.46, 606.83, 0.9205
8: 1223.45, 583.06, 0.9691
9: 1503.33, 550.20, 0.9189
10: 1335.25, 517.66, 0.9621
11: 1533.88, 818.55, 0.9490
12: 1360.41, 818.55, 0.9643
13: 1559.89, 1031.88, 0.2297
14: 1369.12, 1025.72, 0.2906
15: 1549.58, 1080.00, 0.0179
16: 1347.36, 1080.00, 0.0207

Frame: 727, Person: 1
0: 559.25, 422.49, 0.1948
1: 559.34, 417.06, 0.1876
2: 561.11, 416.78, 0.0888
3: 554.52, 419.54, 0.6854
4: 573.81, 419.87, 0.3382
5: 544.42, 448.13, 0.9526
6: 588.04, 448.59, 0.9108
7: 522.05, 483.24, 0.8077
8: 597.66, 484.09, 0.5470
9: 508.33, 496.84, 0.5764
10: 584.66, 498.93, 0.3435
11: 547.54, 524.79, 0.9359
12: 576.47, 524.37, 0.9083
13: 540.67, 583.04, 0.7600
14: 570.88, 583.13, 0.6615
15: 545.40, 632.20, 0.5651
16: 568.27, 631.33, 0.4788

Frame: 728, Person: 0
0: 1464.05, 284.30, 0.9965
1: 1484.59, 253.35, 0.9777
2: 1433.50, 258.73, 0.9920
3: 1514.30, 260.35, 0.5888
4: 1381.64, 270.66, 0.9051
5: 1574.60, 412.73, 0.9904
6: 1312.56, 408.66, 0.9952
7: 1631.50, 608.86, 0.9233
8: 1226.14, 587.66, 0.9673
9: 1502.59, 556.97, 0.9188
10: 1337.14, 524.46, 0.9594
11: 1534.23, 824.60, 0.9483
12: 1358.04, 824.98, 0.9625
13: 1565.15, 1036.11, 0.2174
14: 1368.97, 1030.39, 0.2700
15: 1554.59, 1080.00, 0.0166
16: 1348.83, 1080.00, 0.0188

Frame: 729, Person: 0
0: 1461.26, 278.62, 0.9963
1: 1482.68, 249.52, 0.9783
2: 1431.69, 253.35, 0.9913
3: 1512.73, 260.78, 0.6207
4: 1380.89, 267.98, 0.8959
5: 1576.30, 412.66, 0.9905
6: 1309.95, 410.37, 0.9949
7: 1636.67, 608.04, 0.9243
8: 1229.57, 593.08, 0.9649
9: 1505.86, 567.60, 0.9167
10: 1344.20, 530.46, 0.9554
11: 1538.32, 826.40, 0.9456
12: 1359.37, 827.19, 0.9595
13: 1568.02, 1037.53, 0.2009
14: 1370.58, 1031.92, 0.2460
15: 1555.40, 1080.00, 0.0150
16: 1354.23, 1080.00, 0.0169

Frame: 730, Person: 0
0: 1457.41, 274.71, 0.9960
1: 1479.83, 246.70, 0.9790
2: 1428.23, 250.07, 0.9902
3: 1511.68, 261.12, 0.6627
4: 1378.40, 267.69, 0.8812
5: 1578.75, 413.35, 0.9902
6: 1307.02, 414.74, 0.9945
7: 1644.32, 609.85, 0.9230
8: 1238.78, 598.67, 0.9609
9: 1501.75, 588.27, 0.9121
10: 1364.24, 523.50, 0.9500
11: 1540.00, 829.83, 0.9420
12: 1356.49, 831.30, 0.9556
13: 1572.92, 1042.31, 0.1816
14: 1368.76, 1038.35, 0.2204
15: 1561.42, 1080.00, 0.0134
16: 1355.54, 1080.00, 0.0150

Frame: 731, Person: 0
0: 1455.67, 270.62, 0.9959
1: 1478.28, 242.66, 0.9792
2: 1426.23, 246.04, 0.9896
3: 1510.42, 258.55, 0.6712
4: 1375.97, 265.60, 0.8744
5: 1578.71, 412.80, 0.9903
6: 1304.61, 418.64, 0.9940
7: 1647.00, 609.59, 0.9241
8: 1240.71, 605.05, 0.9554
9: 1503.17, 608.55, 0.9099
10: 1360.66, 529.86, 0.9437
11: 1539.01, 828.55, 0.9385
12: 1354.14, 831.70, 0.9503
13: 1575.96, 1041.06, 0.1729
14: 1371.32, 1040.78, 0.2018
15: 1561.18, 1080.00, 0.0128
16: 1358.55, 1080.00, 0.0138

Frame: 731, Person: 1
0: 1030.41, 451.19, 0.1023
1: 1030.03, 441.54, 0.1026
2: 1033.61, 441.27, 0.0271
3: 1024.82, 446.98, 0.4562
4: 1058.26, 446.60, 0.0782
5: 1015.71, 498.98, 0.8218
6: 1062.80, 495.45, 0.6024
7: 971.86, 564.01, 0.7978
8: 1011.72, 560.00, 0.3548
9: 959.31, 560.06, 0.6041
10: 971.68, 560.76, 0.2750
11: 1017.69, 664.09, 0.6936
12: 1049.19, 661.25, 0.5474
13: 990.61, 730.83, 0.2099
14: 1018.04, 729.84, 0.1089
15: 994.68, 781.23, 0.0470
16: 1007.20, 779.49, 0.0280

Frame: 732, Person: 0
0: 1453.10, 268.19, 0.9955
1: 1475.80, 241.13, 0.9788
2: 1423.93, 243.78, 0.9887
3: 1507.79, 259.47, 0.6801
4: 1373.93, 265.17, 0.8694
5: 1578.34, 415.81, 0.9897
6: 1300.60, 422.05, 0.9934
7: 1643.66, 616.91, 0.9179
8: 1242.73, 611.22, 0.9496
9: 1503.47, 639.12, 0.8955
10: 1370.87, 528.90, 0.9345
11: 1538.70, 835.11, 0.9195
12: 1350.99, 838.35, 0.9340
13: 1575.31, 1032.50, 0.1272
14: 1365.59, 1035.11, 0.1494
15: 1551.18, 1080.00, 0.0094
16: 1350.04, 1080.00, 0.0101

Frame: 733, Person: 0
0: 1450.64, 267.71, 0.9954
1: 1473.28, 240.72, 0.9789
2: 1421.54, 243.36, 0.9883
3: 1505.82, 258.74, 0.6881
4: 1371.63, 264.48, 0.8670
5: 1577.34, 414.29, 0.9897
6: 1300.59, 422.42, 0.9933
7: 1645.73, 612.62, 0.9180
8: 1247.64, 605.53, 0.9497
9: 1512.05, 677.98, 0.8892
10: 1383.94, 522.66, 0.9331
11: 1539.60, 832.84, 0.9200
12: 1352.19, 836.40, 0.9347
13: 1573.12, 1030.44, 0.1247
14: 1363.68, 1036.65, 0.1475
15: 1543.87, 1080.00, 0.0094
16: 1343.90, 1080.00, 0.0102

Frame: 733, Person: 1
0: 996.47, 448.87, 0.4388
1: 1003.78, 436.44, 0.4044
2: 995.19, 436.21, 0.1441
3: 1023.03, 443.73, 0.6073
4: 1015.03, 443.29, 0.1527
5: 1022.46, 508.18, 0.9074
6: 1010.55, 498.24, 0.7395
7: 949.36, 593.41, 0.8518
8: 934.75, 577.03, 0.4907
9: 940.96, 557.09, 0.7538
10: 951.34, 551.86, 0.4651
11: 1013.00, 702.09, 0.6606
12: 1002.85, 699.12, 0.5053
13: 971.71, 766.59, 0.1582
14: 973.09, 769.58, 0.0891
15: 963.67, 795.23, 0.0349
16: 954.11, 812.80, 0.0231

Frame: 734, Person: 0
0: 1448.18, 267.10, 0.9952
1: 1471.64, 240.48, 0.9796
2: 1418.50, 243.06, 0.9876
3: 1505.47, 259.85, 0.7120
4: 1368.79, 265.74, 0.8605
5: 1577.71, 414.94, 0.9895
6: 1297.76, 424.00, 0.9932
7: 1644.35, 613.83, 0.9160
8: 1248.69, 606.38, 0.9483
9: 1524.47, 703.32, 0.8793
10: 1391.86, 523.27, 0.9281
11: 1539.48, 835.80, 0.9158
12: 1350.25, 839.76, 0.9316
13: 1569.07, 1034.61, 0.1107
14: 1358.64, 1044.06, 0.1324
15: 1533.89, 1080.00, 0.0083
16: 1339.16, 1080.00, 0.0091

Frame: 735, Person: 0
0: 1445.62, 267.79, 0.9946
1: 1470.16, 241.53, 0.9768
2: 1416.80, 243.41, 0.9859
3: 1504.23, 263.10, 0.6945
4: 1368.25, 267.16, 0.8467
5: 1576.67, 414.83, 0.9869
6: 1296.77, 426.25, 0.9916
7: 1645.88, 611.82, 0.9102
8: 1247.40, 604.06, 0.9481
9: 1536.09, 720.42, 0.8723
10: 1389.87, 522.31, 0.9265
11: 1531.96, 840.96, 0.8983
12: 1343.68, 845.13, 0.9197
13: 1538.22, 1072.83, 0.0840
14: 1342.16, 1080.00, 0.1030
15: 1486.46, 1080.00, 0.0054
16: 1317.35, 1080.00, 0.0060

Frame: 736, Person: 0
0: 1443.19, 267.17, 0.9944
1: 1468.13, 241.19, 0.9776
2: 1414.28, 243.19, 0.9846
3: 1503.14, 264.05, 0.7237
4: 1367.02, 268.70, 0.8356
5: 1576.70, 417.16, 0.9875
6: 1296.33, 427.86, 0.9919
7: 1641.13, 620.66, 0.9127
8: 1248.65, 606.72, 0.9486
9: 1538.32, 750.12, 0.8678
10: 1395.10, 516.01, 0.9244
11: 1526.17, 840.92, 0.8995
12: 1338.73, 844.03, 0.9209
13: 1522.29, 1070.42, 0.0845
14: 1332.58, 1080.00, 0.1040
15: 1460.16, 1080.00, 0.0055
16: 1305.76, 1080.00, 0.0061

Frame: 737, Person: 0
0: 1443.05, 267.16, 0.9944
1: 1467.59, 240.67, 0.9773
2: 1413.76, 243.20, 0.9847
3: 1501.98, 262.92, 0.7146
4: 1366.23, 268.62, 0.8404
5: 1576.19, 416.90, 0.9874
6: 1296.70, 428.42, 0.9918
7: 1638.37, 627.97, 0.9099
8: 1252.19, 609.95, 0.9476
9: 1545.18, 772.58, 0.8571
10: 1397.89, 506.82, 0.9215
11: 1530.59, 844.71, 0.8893
12: 1344.19, 848.60, 0.9131
13: 1526.23, 1068.83, 0.0742
14: 1339.09, 1080.00, 0.0924
15: 1460.45, 1080.00, 0.0048
16: 1312.98, 1080.00, 0.0054

Frame: 738, Person: 0
0: 1442.20, 266.78, 0.9951
1: 1466.61, 240.66, 0.9808
2: 1412.16, 242.78, 0.9861
3: 1501.94, 262.01, 0.7547
4: 1364.51, 266.91, 0.8496
5: 1576.62, 423.18, 0.9903
6: 1298.81, 423.92, 0.9940
7: 1632.18, 648.50, 0.9140
8: 1260.56, 609.45, 0.9526
9: 1549.20, 802.25, 0.8494
10: 1405.17, 509.07, 0.9232
11: 1537.80, 849.58, 0.9077
12: 1352.07, 849.00, 0.9293
13: 1548.37, 1029.08, 0.0936
14: 1349.76, 1041.45, 0.1198
15: 1494.43, 1080.00, 0.0074
16: 1331.69, 1080.00, 0.0086

Frame: 739, Person: 0
0: 1442.28, 267.24, 0.9943
1: 1468.03, 239.47, 0.9785
2: 1412.67, 240.99, 0.9840
3: 1503.72, 261.99, 0.7542
4: 1365.93, 266.27, 0.8174
5: 1573.72, 415.79, 0.9853
6: 1301.35, 432.53, 0.9930
7: 1639.15, 631.10, 0.9117
8: 1255.10, 607.59, 0.9625
9: 1561.72, 802.57, 0.8755
10: 1406.85, 498.00, 0.9427
11: 1534.13, 840.20, 0.9178
12: 1351.96, 846.71, 0.9403
13: 1525.14, 1080.00, 0.1242
14: 1357.20, 1080.00, 0.1637
15: 1462.21, 1080.00, 0.0077
16: 1322.84, 1080.00, 0.0094

Frame: 740, Person: 0
0: 1442.21, 266.79, 0.9945
1: 1467.96, 238.90, 0.9789
2: 1412.36, 240.54, 0.9847
3: 1503.47, 261.17, 0.7545
4: 1366.11, 265.67, 0.8263
5: 1572.58, 415.23, 0.9852
6: 1303.15, 432.20, 0.9935
7: 1636.44, 634.92, 0.9085
8: 1256.95, 607.96, 0.9653
9: 1575.11, 828.13, 0.8663
10: 1406.28, 494.23, 0.9446
11: 1535.04, 841.94, 0.9153
12: 1356.27, 848.78, 0.9414
13: 1521.37, 1080.00, 0.1201
14: 1362.68, 1080.00, 0.1656
15: 1453.02, 1080.00, 0.0076
16: 1329.40, 1080.00, 0.0095

Frame: 741, Person: 0
0: 1442.53, 266.19, 0.9945
1: 1468.70, 238.55, 0.9792
2: 1412.43, 240.12, 0.9848
3: 1504.69, 261.66, 0.7598
4: 1366.32, 266.00, 0.8272
5: 1572.39, 415.65, 0.9851
6: 1303.48, 432.44, 0.9937
7: 1633.34, 633.26, 0.9082
8: 1259.13, 606.10, 0.9665
9: 1584.84, 824.87, 0.8640
10: 1404.45, 492.14, 0.9452
11: 1536.76, 840.86, 0.9171
12: 1357.87, 848.37, 0.9436
13: 1529.14, 1080.00, 0.1207
14: 1366.20, 1080.00, 0.1690
15: 1462.16, 1080.00, 0.0077
16: 1334.29, 1080.00, 0.0098

Frame: 742, Person: 0
0: 1443.55, 266.69, 0.9946
1: 1469.37, 238.77, 0.9792
2: 1413.43, 240.37, 0.9851
3: 1505.02, 261.06, 0.7524
4: 1366.95, 265.30, 0.8309
5: 1572.53, 415.50, 0.9851
6: 1304.51, 431.13, 0.9937
7: 1635.78, 634.18, 0.9086
8: 1257.35, 605.30, 0.9667
9: 1589.81, 830.18, 0.8652
10: 1405.16, 494.48, 0.9462
11: 1538.27, 838.12, 0.9156
12: 1359.83, 845.36, 0.9424
13: 1532.34, 1080.00, 0.1216
14: 1368.39, 1080.00, 0.1702
15: 1468.35, 1080.00, 0.0078
16: 1335.27, 1080.00, 0.0099

Frame: 743, Person: 0
0: 1444.14, 265.49, 0.9946
1: 1469.41, 237.68, 0.9791
2: 1414.10, 239.55, 0.9849
3: 1504.47, 260.31, 0.7537
4: 1367.51, 265.16, 0.8293
5: 1574.61, 416.10, 0.9858
6: 1304.59, 431.11, 0.9937
7: 1639.47, 636.45, 0.9124
8: 1256.67, 604.72, 0.9661
9: 1590.15, 835.41, 0.8690
10: 1404.19, 496.07, 0.9457
11: 1541.23, 839.32, 0.9208
12: 1361.85, 846.16, 0.9447
13: 1534.14, 1080.00, 0.1290
14: 1370.62, 1080.00, 0.1762
15: 1470.17, 1080.00, 0.0082
16: 1338.88, 1080.00, 0.0103

Frame: 744, Person: 0
0: 1444.85, 264.66, 0.9945
1: 1470.24, 236.73, 0.9791
2: 1414.53, 238.81, 0.9846
3: 1505.63, 259.63, 0.7582
4: 1368.06, 265.08, 0.8259
5: 1576.05, 416.55, 0.9858
6: 1305.23, 431.31, 0.9936
7: 1640.14, 638.08, 0.9115
8: 1256.30, 604.94, 0.9652
9: 1588.80, 834.08, 0.8674
10: 1402.49, 495.80, 0.9441
11: 1540.46, 841.90, 0.9184
12: 1361.03, 848.48, 0.9427
13: 1532.56, 1080.00, 0.1241
14: 1371.49, 1080.00, 0.1692
15: 1466.34, 1080.00, 0.0079
16: 1339.72, 1080.00, 0.0099

Frame: 745, Person: 0
0: 1444.56, 263.11, 0.9945
1: 1470.59, 235.70, 0.9796
2: 1414.57, 237.37, 0.9844
3: 1506.71, 259.75, 0.7687
4: 1368.75, 264.35, 0.8215
5: 1576.79, 415.28, 0.9858
6: 1305.35, 430.82, 0.9937
7: 1642.27, 636.37, 0.9119
8: 1256.28, 605.93, 0.9658
9: 1590.10, 833.84, 0.8666
10: 1403.12, 495.13, 0.9440
11: 1539.65, 840.52, 0.9176
12: 1359.55, 847.12, 0.9425
13: 1531.82, 1080.00, 0.1205
14: 1368.76, 1080.00, 0.1656
15: 1466.47, 1080.00, 0.0076
16: 1336.30, 1080.00, 0.0096

Frame: 746, Person: 0
0: 1443.04, 262.69, 0.9945
1: 1469.57, 235.04, 0.9804
2: 1413.02, 237.00, 0.9838
3: 1507.18, 259.17, 0.7865
4: 1368.49, 264.51, 0.8117
5: 1577.77, 414.90, 0.9857
6: 1305.71, 431.87, 0.9937
7: 1642.11, 635.89, 0.9126
8: 1257.81, 606.84, 0.9663
9: 1589.81, 832.13, 0.8683
10: 1403.79, 492.78, 0.9445
11: 1539.25, 842.30, 0.9204
12: 1358.33, 849.42, 0.9447
13: 1533.77, 1080.00, 0.1235
14: 1367.55, 1080.00, 0.1705
15: 1469.36, 1080.00, 0.0078
16: 1334.92, 1080.00, 0.0100

Frame: 747, Person: 0
0: 1442.28, 262.59, 0.9943
1: 1469.00, 234.81, 0.9807
2: 1412.19, 237.07, 0.9829
3: 1507.69, 258.84, 0.7996
4: 1368.90, 264.89, 0.8008
5: 1578.03, 415.18, 0.9853
6: 1308.04, 431.86, 0.9936
7: 1640.07, 636.74, 0.9103
8: 1258.32, 605.86, 0.9652
9: 1589.04, 830.67, 0.8657
10: 1403.86, 492.08, 0.9429
11: 1540.30, 840.30, 0.9155
12: 1361.24, 847.42, 0.9413
13: 1533.95, 1080.00, 0.1197
14: 1372.11, 1080.00, 0.1660
15: 1470.15, 1080.00, 0.0078
16: 1341.21, 1080.00, 0.0100

Frame: 748, Person: 0
0: 1441.45, 263.02, 0.9942
1: 1468.28, 235.14, 0.9808
2: 1411.60, 237.34, 0.9827
3: 1507.47, 258.53, 0.8037
4: 1369.00, 264.35, 0.7973
5: 1577.69, 414.87, 0.9850
6: 1308.51, 430.49, 0.9936
7: 1638.61, 638.64, 0.9086
8: 1257.20, 605.36, 0.9653
9: 1584.82, 832.54, 0.8646
10: 1405.00, 492.41, 0.9431
11: 1539.92, 839.26, 0.9146
12: 1361.51, 845.80, 0.9413
13: 1531.53, 1080.00, 0.1207
14: 1371.46, 1080.00, 0.1685
15: 1468.85, 1080.00, 0.0079
16: 1341.01, 1080.00, 0.0102

Frame: 749, Person: 0
0: 1441.36, 262.95, 0.9943
1: 1468.35, 235.01, 0.9811
2: 1411.68, 237.01, 0.9827
3: 1507.81, 258.18, 0.8062
4: 1369.23, 263.51, 0.7950
5: 1577.81, 414.84, 0.9852
6: 1308.77, 430.21, 0.9936
7: 1638.53, 638.03, 0.9107
8: 1257.73, 604.73, 0.9657
9: 1584.09, 831.44, 0.8690
10: 1404.23, 492.57, 0.9444
11: 1540.40, 839.41, 0.9197
12: 1361.85, 845.85, 0.9446
13: 1532.75, 1080.00, 0.1294
14: 1371.67, 1080.00, 0.1790
15: 1471.98, 1080.00, 0.0085
16: 1342.14, 1080.00, 0.0109

Frame: 750, Person: 0
0: 1440.58, 262.02, 0.9940
1: 1468.31, 234.40, 0.9815
2: 1411.34, 236.18, 0.9813
3: 1509.35, 258.22, 0.8234
4: 1370.68, 263.08, 0.7780
5: 1579.24, 414.78, 0.9848
6: 1310.19, 429.84, 0.9934
7: 1637.74, 637.76, 0.9089
8: 1258.85, 604.19, 0.9642
9: 1587.05, 831.58, 0.8655
10: 1404.07, 492.82, 0.9413
11: 1539.52, 837.10, 0.9148
12: 1361.27, 843.21, 0.9409
13: 1529.92, 1080.00, 0.1238
14: 1370.28, 1080.00, 0.1712
15: 1468.18, 1080.00, 0.0083
16: 1343.01, 1080.00, 0.0107

Frame: 751, Person: 0
0: 1440.15, 261.34, 0.9939
1: 1467.56, 234.02, 0.9817
2: 1411.31, 236.02, 0.9808
3: 1508.73, 258.29, 0.8306
4: 1371.94, 263.64, 0.7738
5: 1579.32, 415.06, 0.9849
6: 1311.36, 429.28, 0.9935
7: 1637.48, 638.99, 0.9094
8: 1257.85, 602.74, 0.9643
9: 1586.98, 832.10, 0.8648
10: 1402.94, 491.53, 0.9408
11: 1538.17, 835.62, 0.9140
12: 1360.42, 841.25, 0.9404
13: 1529.36, 1080.00, 0.1228
14: 1367.71, 1080.00, 0.1703
15: 1470.03, 1080.00, 0.0083
16: 1339.71, 1080.00, 0.0107

Frame: 752, Person: 0
0: 1437.10, 260.83, 0.9937
1: 1465.33, 234.20, 0.9824
2: 1409.42, 235.56, 0.9791
3: 1508.47, 259.29, 0.8499
4: 1372.86, 263.05, 0.7511
5: 1579.65, 414.73, 0.9849
6: 1312.43, 428.40, 0.9933
7: 1638.46, 637.34, 0.9109
8: 1257.50, 600.93, 0.9635
9: 1587.57, 833.67, 0.8653
10: 1402.95, 490.38, 0.9387
11: 1537.69, 834.83, 0.9139
12: 1360.28, 839.81, 0.9397
13: 1527.82, 1080.00, 0.1219
14: 1365.85, 1080.00, 0.1677
15: 1470.13, 1080.00, 0.0083
16: 1338.21, 1080.00, 0.0107

Frame: 753, Person: 0
0: 1437.34, 260.82, 0.9938
1: 1465.85, 234.31, 0.9825
2: 1409.63, 235.32, 0.9797
3: 1508.93, 259.71, 0.8480
4: 1372.57, 262.64, 0.7561
5: 1579.48, 414.95, 0.9848
6: 1312.09, 428.56, 0.9935
7: 1638.75, 636.71, 0.9102
8: 1256.88, 601.68, 0.9645
9: 1588.35, 831.85, 0.8659
10: 1401.13, 491.62, 0.9405
11: 1538.71, 834.24, 0.9158
12: 1361.42, 839.20, 0.9419
13: 1527.54, 1080.00, 0.1251
14: 1367.11, 1080.00, 0.1737
15: 1469.41, 1080.00, 0.0085
16: 1339.95, 1080.00, 0.0111

Frame: 754, Person: 0
0: 1437.30, 259.90, 0.9938
1: 1465.64, 233.07, 0.9826
2: 1409.04, 234.87, 0.9797
3: 1509.03, 258.54, 0.8510
4: 1372.09, 263.43, 0.7557
5: 1579.99, 414.45, 0.9847
6: 1312.53, 429.36, 0.9935
7: 1638.55, 637.15, 0.9091
8: 1256.48, 602.62, 0.9647
9: 1587.57, 832.64, 0.8640
10: 1401.16, 491.45, 0.9404
11: 1537.55, 833.87, 0.9134
12: 1360.40, 839.36, 0.9406
13: 1527.46, 1080.00, 0.1219
14: 1367.53, 1080.00, 0.1712
15: 1468.80, 1080.00, 0.0083
16: 1339.57, 1080.00, 0.0110

Frame: 755, Person: 0
0: 1437.62, 259.61, 0.9939
1: 1465.96, 232.82, 0.9828
2: 1409.34, 234.49, 0.9798
3: 1509.18, 258.51, 0.8504
4: 1372.12, 263.11, 0.7552
5: 1579.72, 414.65, 0.9848
6: 1313.05, 429.02, 0.9935
7: 1639.06, 637.33, 0.9103
8: 1255.93, 601.74, 0.9645
9: 1586.88, 833.88, 0.8659
10: 1401.09, 490.74, 0.9406
11: 1537.75, 835.47, 0.9146
12: 1360.89, 840.65, 0.9410
13: 1527.14, 1080.00, 0.1225
14: 1366.74, 1080.00, 0.1705
15: 1470.05, 1080.00, 0.0083
16: 1337.31, 1080.00, 0.0109

Frame: 756, Person: 0
0: 1437.72, 260.53, 0.9939
1: 1465.87, 233.68, 0.9828
2: 1409.57, 235.52, 0.9799
3: 1508.99, 258.74, 0.8499
4: 1372.71, 263.71, 0.7568
5: 1579.65, 414.00, 0.9849
6: 1313.49, 428.74, 0.9936
7: 1638.61, 637.14, 0.9110
8: 1256.64, 602.18, 0.9654
9: 1587.32, 832.74, 0.8671
10: 1400.49, 490.89, 0.9417
11: 1537.10, 834.57, 0.9179
12: 1360.56, 839.85, 0.9437
13: 1526.00, 1080.00, 0.1275
14: 1365.40, 1080.00, 0.1780
15: 1469.28, 1080.00, 0.0086
16: 1336.20, 1080.00, 0.0113

Frame: 757, Person: 0
0: 1437.69, 260.69, 0.9939
1: 1466.06, 233.84, 0.9828
2: 1409.56, 235.49, 0.9800
3: 1509.38, 258.87, 0.8503
4: 1372.63, 263.37, 0.7564
5: 1579.61, 414.14, 0.9849
6: 1313.20, 428.29, 0.9936
7: 1638.65, 636.99, 0.9109
8: 1255.57, 601.67, 0.9654
9: 1587.34, 832.93, 0.8674
10: 1399.65, 491.80, 0.9418
11: 1536.13, 834.49, 0.9177
12: 1359.37, 839.43, 0.9436
13: 1524.59, 1080.00, 0.1275
14: 1363.49, 1080.00, 0.1780
15: 1467.89, 1080.00, 0.0086
16: 1333.78, 1080.00, 0.0113

Frame: 757, Person: 1
0: 936.52, 448.26, 0.2652
1: 940.04, 437.63, 0.2978
2: 944.36, 437.65, 0.0591
3: 951.00, 444.87, 0.8121
4: 988.50, 443.43, 0.2123
5: 941.69, 494.54, 0.9700
6: 1006.99, 496.69, 0.8266
7: 878.74, 559.49, 0.9258
8: 1007.34, 573.11, 0.4344
9: 849.05, 558.33, 0.7931
10: 984.08, 581.19, 0.3374
11: 951.47, 662.86, 0.8873
12: 996.03, 664.42, 0.7357
13: 922.92, 755.57, 0.4135
14: 993.21, 763.30, 0.2040
15: 922.03, 806.34, 0.1021
16: 1009.56, 813.79, 0.0561

Frame: 758, Person: 0
0: 1437.35, 261.02, 0.9939
1: 1465.84, 234.23, 0.9829
2: 1409.32, 235.73, 0.9799
3: 1509.15, 259.34, 0.8512
4: 1372.34, 263.53, 0.7556
5: 1579.42, 414.44, 0.9851
6: 1312.13, 428.83, 0.9936
7: 1638.34, 636.40, 0.9121
8: 1254.95, 602.21, 0.9652
9: 1587.62, 833.09, 0.8694
10: 1399.41, 492.27, 0.9419
11: 1535.04, 834.17, 0.9202
12: 1357.98, 839.18, 0.9450
13: 1522.20, 1080.00, 0.1331
14: 1362.17, 1080.00, 0.1841
15: 1463.78, 1080.00, 0.0090
16: 1333.18, 1080.00, 0.0118

Frame: 758, Person: 1
0: 929.46, 446.94, 0.2407
1: 932.42, 436.78, 0.2958
2: 937.97, 436.72, 0.0466
3: 944.41, 443.45, 0.8101
4: 983.13, 441.88, 0.1592
5: 938.06, 490.86, 0.9711
6: 1000.45, 491.62, 0.7725
7: 879.48, 551.88, 0.9399
8: 983.31, 559.65, 0.3667
9: 849.09, 561.53, 0.8241
10: 937.82, 567.84, 0.3061
11: 948.60, 654.55, 0.9056
12: 991.56, 655.74, 0.7369
13: 929.45, 753.59, 0.4846
14: 991.37, 761.34, 0.2227
15: 931.24, 809.81, 0.1300
16: 1002.33, 815.88, 0.0650

Frame: 759, Person: 0
0: 1437.03, 261.03, 0.9938
1: 1465.69, 234.24, 0.9829
2: 1408.96, 235.81, 0.9795
3: 1509.50, 259.53, 0.8550
4: 1372.53, 263.85, 0.7520
5: 1579.60, 415.03, 0.9849
6: 1312.96, 429.02, 0.9936
7: 1637.14, 637.03, 0.9108
8: 1255.96, 601.38, 0.9650
9: 1588.06, 832.51, 0.8673
10: 1399.64, 491.44, 0.9412
11: 1535.31, 834.80, 0.9188
12: 1358.83, 839.75, 0.9443
13: 1523.21, 1080.00, 0.1304
14: 1364.72, 1080.00, 0.1816
15: 1464.32, 1080.00, 0.0089
16: 1336.39, 1080.00, 0.0117

Frame: 760, Person: 0
0: 1436.72, 261.26, 0.9939
1: 1465.53, 234.25, 0.9832
2: 1408.53, 235.96, 0.9797
3: 1509.82, 259.34, 0.8571
4: 1372.28, 264.00, 0.7514
5: 1579.60, 415.22, 0.9847
6: 1313.27, 429.55, 0.9937
7: 1637.16, 637.31, 0.9101
8: 1255.25, 602.39, 0.9656
9: 1587.44, 832.32, 0.8681
10: 1398.43, 492.53, 0.9424
11: 1534.86, 835.60, 0.9187
12: 1358.47, 840.63, 0.9448
13: 1523.24, 1080.00, 0.1309
14: 1364.01, 1080.00, 0.1837
15: 1466.26, 1080.00, 0.0089
16: 1335.72, 1080.00, 0.0119

Frame: 761, Person: 0
0: 1436.83, 261.31, 0.9940
1: 1465.59, 234.25, 0.9833
2: 1408.50, 236.04, 0.9801
3: 1509.82, 259.44, 0.8568
4: 1372.05, 264.32, 0.7552
5: 1579.44, 415.88, 0.9848
6: 1313.31, 430.31, 0.9938
7: 1636.99, 638.02, 0.9098
8: 1254.41, 603.19, 0.9663
9: 1587.10, 833.66, 0.8681
10: 1397.57, 493.28, 0.9435
11: 1534.43, 835.42, 0.9195
12: 1358.35, 840.45, 0.9459
13: 1522.34, 1080.00, 0.1334
14: 1363.97, 1080.00, 0.1886
15: 1465.25, 1080.00, 0.0092
16: 1335.48, 1080.00, 0.0123

Frame: 762, Person: 0
0: 1436.89, 261.38, 0.9939
1: 1465.76, 234.28, 0.9832
2: 1408.44, 236.03, 0.9800
3: 1509.99, 259.50, 0.8556
4: 1371.77, 264.33, 0.7557
5: 1579.46, 415.78, 0.9846
6: 1313.03, 430.71, 0.9937
7: 1636.68, 637.92, 0.9084
8: 1254.60, 604.12, 0.9657
9: 1587.01, 834.04, 0.8652
10: 1397.10, 493.41, 0.9423
11: 1535.22, 836.03, 0.9156
12: 1358.94, 841.35, 0.9432
13: 1523.80, 1080.00, 0.1265
14: 1365.35, 1080.00, 0.1794
15: 1465.69, 1080.00, 0.0087
16: 1336.86, 1080.00, 0.0116

Frame: 763, Person: 0
0: 1437.10, 261.92, 0.9939
1: 1466.02, 234.63, 0.9830
2: 1408.49, 236.43, 0.9802
3: 1510.24, 259.39, 0.8532
4: 1371.58, 264.30, 0.7581
5: 1579.16, 415.61, 0.9844
6: 1312.87, 430.42, 0.9937
7: 1636.34, 638.02, 0.9067
8: 1253.94, 604.24, 0.9658
9: 1587.31, 833.66, 0.8637
10: 1396.76, 493.90, 0.9425
11: 1534.03, 835.85, 0.9139
12: 1358.11, 841.12, 0.9424
13: 1521.74, 1080.00, 0.1249
14: 1365.15, 1080.00, 0.1784
15: 1462.42, 1080.00, 0.0086
16: 1336.42, 1080.00, 0.0116

Frame: 764, Person: 0
0: 1436.79, 261.70, 0.9939
1: 1465.74, 234.33, 0.9831
2: 1408.20, 236.28, 0.9799
3: 1510.23, 259.01, 0.8550
4: 1371.60, 264.29, 0.7551
5: 1579.26, 415.05, 0.9845
6: 1312.31, 430.77, 0.9936
7: 1636.74, 637.51, 0.9074
8: 1251.74, 606.08, 0.9650
9: 1587.10, 832.86, 0.8639
10: 1395.24, 494.93, 0.9413
11: 1532.35, 836.51, 0.9128
12: 1356.17, 842.09, 0.9410
13: 1520.03, 1080.00, 0.1225
14: 1363.84, 1080.00, 0.1737
15: 1459.45, 1080.00, 0.0084
16: 1333.84, 1080.00, 0.0113

Frame: 765, Person: 0
0: 1437.05, 262.16, 0.9938
1: 1466.01, 234.61, 0.9831
2: 1408.38, 236.72, 0.9795
3: 1510.82, 258.99, 0.8557
4: 1371.86, 264.66, 0.7513
5: 1579.73, 415.77, 0.9845
6: 1311.92, 431.65, 0.9934
7: 1637.48, 638.18, 0.9077
8: 1247.75, 607.83, 0.9634
9: 1586.90, 833.52, 0.8645
10: 1391.96, 497.61, 0.9397
11: 1530.66, 837.24, 0.9108
12: 1354.14, 842.90, 0.9385
13: 1519.26, 1080.00, 0.1187
14: 1363.94, 1080.00, 0.1661
15: 1458.76, 1080.00, 0.0081
16: 1332.96, 1080.00, 0.0107

Frame: 766, Person: 0
0: 1436.53, 263.04, 0.9936
1: 1465.65, 235.70, 0.9833
2: 1408.34, 237.65, 0.9784
3: 1511.40, 260.43, 0.8629
4: 1373.13, 265.54, 0.7374
5: 1580.17, 419.22, 0.9846
6: 1312.77, 432.11, 0.9930
7: 1637.81, 640.50, 0.9097
8: 1239.75, 607.00, 0.9609
9: 1585.42, 833.05, 0.8667
10: 1378.84, 508.90, 0.9368
11: 1529.72, 839.27, 0.9085
12: 1353.29, 843.79, 0.9347
13: 1526.35, 1080.00, 0.1165
14: 1368.10, 1080.00, 0.1591
15: 1469.67, 1080.00, 0.0081
16: 1334.93, 1080.00, 0.0105

Frame: 767, Person: 0
0: 1436.08, 264.03, 0.9935
1: 1465.32, 236.43, 0.9840
2: 1408.36, 238.12, 0.9769
3: 1512.61, 260.26, 0.8713
4: 1374.45, 264.53, 0.7144
5: 1582.67, 420.06, 0.9852
6: 1313.67, 430.59, 0.9924
7: 1642.26, 638.21, 0.9163
8: 1231.20, 605.50, 0.9574
9: 1588.01, 827.34, 0.8771
10: 1372.03, 523.36, 0.9345
11: 1531.51, 841.31, 0.9116
12: 1353.30, 844.99, 0.9327
13: 1533.64, 1080.00, 0.1195
14: 1369.11, 1080.00, 0.1545
15: 1480.60, 1080.00, 0.0082
16: 1330.60, 1080.00, 0.0103

Frame: 768, Person: 0
0: 1435.05, 264.41, 0.9935
1: 1464.61, 237.32, 0.9845
2: 1408.33, 238.51, 0.9760
3: 1513.10, 261.60, 0.8803
4: 1376.21, 264.52, 0.7010
5: 1586.40, 420.62, 0.9860
6: 1312.40, 429.89, 0.9922
7: 1650.68, 631.13, 0.9224
8: 1224.49, 602.16, 0.9566
9: 1600.42, 813.75, 0.8853
10: 1358.15, 536.82, 0.9333
11: 1533.11, 843.09, 0.9198
12: 1350.86, 846.09, 0.9367
13: 1539.96, 1080.00, 0.1233
14: 1364.01, 1080.00, 0.1544
15: 1489.03, 1080.00, 0.0081
16: 1323.10, 1080.00, 0.0099

Frame: 769, Person: 0
0: 1432.04, 266.54, 0.9930
1: 1462.23, 239.64, 0.9848
2: 1407.15, 241.17, 0.9731
3: 1513.70, 262.36, 0.8933
4: 1380.61, 264.56, 0.6962
5: 1592.82, 423.41, 0.9865
6: 1309.22, 428.73, 0.9913
7: 1654.92, 633.27, 0.9211
8: 1216.21, 601.92, 0.9478
9: 1611.55, 817.16, 0.8738
10: 1356.35, 536.78, 0.9194
11: 1531.26, 858.35, 0.9025
12: 1343.17, 860.97, 0.9221
13: 1541.59, 1080.00, 0.0906
14: 1348.30, 1080.00, 0.1126
15: 1487.30, 1080.00, 0.0060
16: 1315.49, 1080.00, 0.0071

Frame: 770, Person: 0
0: 1430.93, 268.79, 0.9930
1: 1460.90, 241.40, 0.9856
2: 1406.63, 243.01, 0.9718
3: 1514.12, 262.40, 0.9027
4: 1382.15, 264.54, 0.6727
5: 1594.92, 425.43, 0.9876
6: 1311.18, 426.96, 0.9908
7: 1667.25, 630.30, 0.9294
8: 1207.72, 599.78, 0.9445
9: 1621.42, 811.39, 0.8872
10: 1346.12, 569.49, 0.9169
11: 1529.35, 861.04, 0.9067
12: 1339.51, 861.82, 0.9199
13: 1555.14, 1080.00, 0.0977
14: 1346.37, 1080.00, 0.1144
15: 1516.05, 1080.00, 0.0068
16: 1309.46, 1080.00, 0.0078

Frame: 771, Person: 0
0: 1429.30, 271.12, 0.9938
1: 1459.36, 243.12, 0.9872
2: 1404.88, 245.51, 0.9749
3: 1514.02, 262.49, 0.9165
4: 1382.33, 266.43, 0.6856
5: 1598.90, 427.21, 0.9884
6: 1312.32, 426.12, 0.9929
7: 1682.28, 626.54, 0.9299
8: 1190.61, 592.90, 0.9552
9: 1638.22, 796.63, 0.8953
10: 1308.71, 592.05, 0.9300
11: 1528.69, 864.93, 0.9211
12: 1339.64, 863.44, 0.9380
13: 1544.01, 1080.00, 0.1154
14: 1342.46, 1080.00, 0.1441
15: 1512.48, 1080.00, 0.0079
16: 1312.27, 1080.00, 0.0097

Frame: 772, Person: 0
0: 1428.75, 272.50, 0.9939
1: 1458.91, 244.60, 0.9876
2: 1404.82, 246.92, 0.9756
3: 1514.29, 263.45, 0.9216
4: 1382.59, 266.92, 0.6848
5: 1604.12, 428.01, 0.9888
6: 1308.15, 423.54, 0.9931
7: 1693.08, 615.90, 0.9328
8: 1182.80, 581.59, 0.9564
9: 1648.26, 775.89, 0.9017
10: 1293.63, 618.16, 0.9308
11: 1533.03, 864.73, 0.9257
12: 1335.88, 862.00, 0.9411
13: 1560.79, 1080.00, 0.1212
14: 1334.06, 1080.00, 0.1499
15: 1538.68, 1080.00, 0.0085
16: 1307.00, 1080.00, 0.0103

Frame: 773, Person: 0
0: 1428.83, 276.13, 0.9943
1: 1458.59, 247.82, 0.9877
2: 1405.19, 249.90, 0.9775
3: 1513.04, 264.00, 0.9198
4: 1382.44, 266.76, 0.7013
5: 1606.44, 428.62, 0.9892
6: 1305.14, 421.42, 0.9937
7: 1702.04, 609.47, 0.9331
8: 1173.55, 573.42, 0.9595
9: 1661.40, 761.39, 0.9043
10: 1263.08, 640.11, 0.9339
11: 1537.96, 868.35, 0.9295
12: 1338.28, 864.61, 0.9455
13: 1566.64, 1080.00, 0.1228
14: 1337.04, 1080.00, 0.1542
15: 1549.75, 1080.00, 0.0084
16: 1320.46, 1080.00, 0.0103

Frame: 774, Person: 0
0: 1426.44, 279.80, 0.9941
1: 1456.58, 251.03, 0.9882
2: 1403.70, 252.42, 0.9755
3: 1512.91, 265.01, 0.9259
4: 1382.60, 265.95, 0.6703
5: 1610.29, 428.34, 0.9893
6: 1302.94, 420.79, 0.9929
7: 1715.00, 602.88, 0.9354
8: 1162.93, 571.54, 0.9529
9: 1668.90, 746.54, 0.9074
10: 1246.70, 655.20, 0.9257
11: 1544.56, 871.04, 0.9187
12: 1340.56, 867.39, 0.9321
13: 1581.48, 1080.00, 0.1078
14: 1342.19, 1080.00, 0.1278
15: 1569.42, 1080.00, 0.0075
16: 1327.50, 1080.00, 0.0089

Frame: 775, Person: 0
0: 1425.39, 279.51, 0.9935
1: 1455.71, 251.24, 0.9861
2: 1402.34, 252.77, 0.9713
3: 1512.71, 263.26, 0.9226
4: 1380.63, 264.47, 0.6633
5: 1609.37, 422.51, 0.9905
6: 1305.39, 412.99, 0.9934
7: 1724.26, 603.77, 0.9433
8: 1161.73, 562.98, 0.9573
9: 1675.27, 738.20, 0.9212
10: 1229.57, 645.55, 0.9333
11: 1541.41, 868.36, 0.9289
12: 1341.96, 862.54, 0.9404
13: 1549.81, 1080.00, 0.1424
14: 1332.30, 1080.00, 0.1662
15: 1546.21, 1080.00, 0.0093
16: 1329.32, 1080.00, 0.0109

Frame: 776, Person: 0
0: 1425.28, 281.47, 0.9935
1: 1455.80, 253.21, 0.9858
2: 1401.84, 254.94, 0.9720
3: 1511.96, 264.07, 0.9207
4: 1378.80, 265.98, 0.6735
5: 1607.42, 420.18, 0.9907
6: 1303.62, 412.90, 0.9936
7: 1731.16, 593.37, 0.9433
8: 1160.55, 557.48, 0.9573
9: 1680.81, 725.94, 0.9237
10: 1221.36, 639.60, 0.9340
11: 1533.38, 864.87, 0.9342
12: 1337.09, 858.91, 0.9452
13: 1526.46, 1080.00, 0.1561
14: 1329.30, 1080.00, 0.1813
15: 1519.90, 1080.00, 0.0100
16: 1335.54, 1080.00, 0.0117

Frame: 777, Person: 0
0: 1422.28, 285.98, 0.9945
1: 1454.49, 256.57, 0.9891
2: 1398.99, 257.21, 0.9759
3: 1513.13, 266.39, 0.9299
4: 1375.94, 266.03, 0.6432
5: 1609.19, 422.65, 0.9892
6: 1299.84, 417.64, 0.9926
7: 1743.98, 580.35, 0.9349
8: 1151.90, 559.40, 0.9498
9: 1676.26, 709.30, 0.9176
10: 1225.67, 647.14, 0.9265
11: 1531.55, 873.85, 0.9198
12: 1331.27, 867.55, 0.9324
13: 1529.17, 1080.00, 0.1075
14: 1325.79, 1080.00, 0.1241
15: 1521.62, 1080.00, 0.0070
16: 1325.59, 1080.00, 0.0081

Frame: 778, Person: 0
0: 1420.82, 288.61, 0.9942
1: 1452.08, 259.00, 0.9889
2: 1397.91, 260.33, 0.9736
3: 1511.15, 266.60, 0.9349
4: 1376.96, 267.98, 0.6255
5: 1609.96, 421.08, 0.9897
6: 1302.29, 416.36, 0.9923
7: 1747.53, 577.76, 0.9386
8: 1151.80, 555.50, 0.9476
9: 1668.83, 706.05, 0.9214
10: 1228.52, 647.86, 0.9241
11: 1531.42, 876.27, 0.9258
12: 1332.07, 869.77, 0.9351
13: 1530.81, 1080.00, 0.1124
14: 1328.65, 1080.00, 0.1257
15: 1529.44, 1080.00, 0.0071
16: 1329.47, 1080.00, 0.0081

Frame: 779, Person: 0
0: 1420.49, 290.89, 0.9932
1: 1450.72, 261.95, 0.9860
2: 1397.87, 262.90, 0.9694
3: 1509.18, 266.57, 0.9249
4: 1377.02, 266.69, 0.6451
5: 1606.52, 416.05, 0.9909
6: 1303.36, 409.06, 0.9930
7: 1742.67, 575.27, 0.9465
8: 1154.53, 549.94, 0.9531
9: 1670.71, 704.55, 0.9312
10: 1233.34, 654.03, 0.9326
11: 1538.42, 871.57, 0.9374
12: 1341.47, 865.82, 0.9445
13: 1541.32, 1080.00, 0.1643
14: 1341.65, 1080.00, 0.1826
15: 1550.85, 1080.00, 0.0107
16: 1350.64, 1080.00, 0.0122

Frame: 780, Person: 0
0: 1419.26, 294.67, 0.9934
1: 1449.10, 265.90, 0.9862
2: 1397.19, 266.04, 0.9698
3: 1507.98, 267.71, 0.9243
4: 1376.51, 266.30, 0.6374
5: 1606.11, 414.31, 0.9909
6: 1302.86, 406.41, 0.9930
7: 1742.33, 571.28, 0.9477
8: 1154.98, 545.63, 0.9537
9: 1652.62, 699.12, 0.9368
10: 1242.77, 651.09, 0.9369
11: 1538.47, 867.94, 0.9441
12: 1341.18, 861.33, 0.9503
13: 1538.31, 1080.00, 0.1953
14: 1340.91, 1080.00, 0.2145
15: 1550.00, 1080.00, 0.0130
16: 1351.72, 1080.00, 0.0148

Frame: 781, Person: 0
0: 1418.19, 296.30, 0.9931
1: 1448.06, 267.57, 0.9858
2: 1396.28, 267.69, 0.9674
3: 1507.04, 268.77, 0.9250
4: 1375.78, 267.42, 0.6228
5: 1605.02, 412.99, 0.9913
6: 1301.00, 406.05, 0.9925
7: 1742.94, 565.50, 0.9516
8: 1153.32, 543.18, 0.9506
9: 1650.84, 684.27, 0.9400
10: 1239.19, 643.52, 0.9336
11: 1535.66, 867.74, 0.9464
12: 1336.98, 861.62, 0.9495
13: 1541.73, 1080.00, 0.1993
14: 1338.30, 1080.00, 0.2095
15: 1557.82, 1080.00, 0.0132
16: 1349.92, 1080.00, 0.0144

Frame: 782, Person: 0
0: 1416.71, 298.48, 0.9932
1: 1446.22, 269.69, 0.9862
2: 1395.12, 269.56, 0.9675
3: 1505.98, 269.22, 0.9267
4: 1375.72, 267.49, 0.6149
5: 1606.21, 412.21, 0.9912
6: 1301.37, 405.05, 0.9927
7: 1742.45, 565.19, 0.9512
8: 1156.39, 544.41, 0.9526
9: 1644.68, 680.47, 0.9418
10: 1249.64, 647.33, 0.9370
11: 1538.36, 868.96, 0.9490
12: 1339.09, 862.54, 0.9530
13: 1540.65, 1080.00, 0.2146
14: 1337.93, 1080.00, 0.2290
15: 1556.13, 1080.00, 0.0144
16: 1351.92, 1080.00, 0.0160

Frame: 783, Person: 0
0: 1416.94, 301.58, 0.9935
1: 1446.24, 272.32, 0.9864
2: 1394.80, 272.05, 0.9693
3: 1506.16, 269.47, 0.9220
4: 1374.37, 267.69, 0.6228
5: 1605.45, 410.85, 0.9912
6: 1299.99, 405.53, 0.9928
7: 1742.43, 563.79, 0.9513
8: 1154.09, 548.52, 0.9536
9: 1649.40, 674.42, 0.9430
10: 1246.56, 645.49, 0.9392
11: 1539.23, 868.60, 0.9514
12: 1339.82, 863.33, 0.9555
13: 1540.90, 1080.00, 0.2280
14: 1339.84, 1080.00, 0.2438
15: 1555.47, 1080.00, 0.0155
16: 1353.57, 1080.00, 0.0171

Frame: 784, Person: 0
0: 1416.60, 303.77, 0.9933
1: 1445.40, 274.21, 0.9861
2: 1394.21, 274.48, 0.9682
3: 1505.42, 269.59, 0.9228
4: 1374.16, 269.37, 0.6171
5: 1604.79, 409.19, 0.9914
6: 1300.52, 404.10, 0.9928
7: 1742.68, 560.93, 0.9526
8: 1151.73, 543.36, 0.9536
9: 1642.25, 669.59, 0.9446
10: 1241.76, 638.07, 0.9397
11: 1534.52, 864.85, 0.9519
12: 1335.80, 859.41, 0.9554
13: 1540.35, 1080.00, 0.2412
14: 1338.57, 1080.00, 0.2558
15: 1557.82, 1080.00, 0.0172
16: 1352.00, 1080.00, 0.0189

Frame: 785, Person: 0
0: 1416.36, 307.54, 0.9956
1: 1446.32, 274.44, 0.9926
2: 1392.88, 275.09, 0.9750
3: 1509.78, 268.31, 0.9450
4: 1372.03, 269.29, 0.5533
5: 1610.32, 416.92, 0.9928
6: 1304.67, 415.48, 0.9921
7: 1747.05, 555.96, 0.9584
8: 1155.32, 548.96, 0.9392
9: 1630.54, 652.46, 0.9434
10: 1246.71, 623.64, 0.9184
11: 1534.08, 871.22, 0.9527
12: 1331.46, 866.03, 0.9478
13: 1559.02, 1068.61, 0.1781
14: 1331.13, 1048.67, 0.1630
15: 1569.14, 1080.00, 0.0146
16: 1323.96, 1080.00, 0.0144

Frame: 786, Person: 0
0: 1418.00, 309.29, 0.9956
1: 1446.62, 275.75, 0.9924
2: 1394.18, 276.89, 0.9762
3: 1508.77, 267.03, 0.9404
4: 1372.07, 269.26, 0.5650
5: 1609.60, 414.83, 0.9925
6: 1303.65, 412.94, 0.9923
7: 1747.06, 551.67, 0.9571
8: 1149.88, 543.49, 0.9425
9: 1615.00, 614.83, 0.9481
10: 1254.83, 596.66, 0.9289
11: 1537.94, 869.69, 0.9560
12: 1334.15, 865.05, 0.9528
13: 1567.37, 1066.34, 0.2049
14: 1335.80, 1044.84, 0.1918
15: 1588.70, 1080.00, 0.0173
16: 1330.29, 1080.00, 0.0173

Frame: 787, Person: 0
0: 1418.64, 309.36, 0.9953
1: 1446.82, 277.55, 0.9909
2: 1395.42, 278.28, 0.9760
3: 1507.32, 270.05, 0.9288
4: 1372.79, 271.78, 0.5668
5: 1599.35, 409.70, 0.9907
6: 1306.30, 409.41, 0.9914
7: 1760.81, 533.61, 0.9529
8: 1137.33, 532.72, 0.9439
9: 1599.50, 586.74, 0.9557
10: 1268.03, 579.50, 0.9427
11: 1523.75, 857.61, 0.9557
12: 1330.44, 852.99, 0.9547
13: 1546.92, 1080.00, 0.2363
14: 1349.67, 1071.89, 0.2303
15: 1591.81, 1080.00, 0.0184
16: 1345.90, 1080.00, 0.0190

Frame: 788, Person: 0
0: 1419.89, 311.67, 0.9956
1: 1447.61, 278.15, 0.9922
2: 1396.09, 279.18, 0.9749
3: 1508.85, 266.39, 0.9374
4: 1373.93, 268.91, 0.5371
5: 1605.37, 404.49, 0.9926
6: 1308.88, 405.64, 0.9916
7: 1752.95, 533.27, 0.9613
8: 1144.08, 531.93, 0.9407
9: 1598.09, 547.11, 0.9596
10: 1259.18, 529.31, 0.9393
11: 1538.49, 862.33, 0.9606
12: 1340.85, 858.86, 0.9551
13: 1568.46, 1045.01, 0.2603
14: 1347.96, 1021.23, 0.2338
15: 1605.89, 1080.00, 0.0235
16: 1339.13, 1080.00, 0.0227

Frame: 789, Person: 0
0: 1420.21, 311.48, 0.9956
1: 1448.49, 278.25, 0.9922
2: 1396.27, 278.97, 0.9749
3: 1509.53, 266.95, 0.9369
4: 1373.23, 268.74, 0.5415
5: 1605.60, 404.02, 0.9931
6: 1303.11, 405.21, 0.9917
7: 1759.04, 530.88, 0.9636
8: 1136.40, 533.02, 0.9395
9: 1612.67, 519.54, 0.9630
10: 1252.29, 509.13, 0.9405
11: 1533.54, 858.94, 0.9654
12: 1333.59, 855.92, 0.9592
13: 1563.61, 1047.59, 0.2955
14: 1347.38, 1024.27, 0.2604
15: 1600.59, 1080.00, 0.0268
16: 1344.77, 1080.00, 0.0253

Frame: 790, Person: 0
0: 1420.99, 310.90, 0.9958
1: 1449.61, 277.86, 0.9921
2: 1396.70, 278.56, 0.9773
3: 1509.70, 267.72, 0.9315
4: 1371.82, 269.26, 0.5638
5: 1601.22, 401.01, 0.9927
6: 1305.55, 404.02, 0.9918
7: 1770.47, 518.67, 0.9619
8: 1130.13, 526.78, 0.9429
9: 1607.94, 506.09, 0.9634
10: 1257.01, 495.88, 0.9457
11: 1530.45, 855.03, 0.9631
12: 1334.99, 852.12, 0.9580
13: 1561.09, 1049.83, 0.2733
14: 1353.95, 1023.10, 0.2471
15: 1606.96, 1080.00, 0.0237
16: 1341.67, 1076.13, 0.0228

Frame: 791, Person: 0
0: 1422.23, 310.70, 0.9957
1: 1450.79, 277.34, 0.9920
2: 1397.63, 278.26, 0.9769
3: 1510.00, 267.75, 0.9284
4: 1371.82, 269.74, 0.5571
5: 1599.18, 401.16, 0.9923
6: 1307.51, 405.13, 0.9907
7: 1775.16, 516.98, 0.9611
8: 1130.44, 527.00, 0.9358
9: 1610.14, 500.03, 0.9635
10: 1258.80, 486.38, 0.9422
11: 1528.02, 857.00, 0.9574
12: 1335.40, 854.32, 0.9497
13: 1557.87, 1046.99, 0.2480
14: 1355.83, 1019.95, 0.2168
15: 1609.19, 1080.00, 0.0210
16: 1342.71, 1073.89, 0.0196

Frame: 792, Person: 0
0: 1423.03, 310.74, 0.9959
1: 1451.77, 277.33, 0.9919
2: 1398.21, 278.09, 0.9785
3: 1510.35, 268.18, 0.9242
4: 1371.22, 269.62, 0.5796
5: 1598.20, 402.06, 0.9923
6: 1306.03, 406.13, 0.9912
7: 1777.62, 515.79, 0.9603
8: 1127.86, 528.55, 0.9398
9: 1616.08, 496.38, 0.9632
10: 1259.24, 487.63, 0.9452
11: 1527.07, 858.82, 0.9572
12: 1334.18, 856.36, 0.9511
13: 1556.82, 1049.66, 0.2416
14: 1354.65, 1022.46, 0.2162
15: 1608.69, 1080.00, 0.0201
16: 1340.28, 1073.79, 0.0191

Frame: 793, Person: 0
0: 1423.78, 310.55, 0.9960
1: 1452.53, 277.31, 0.9917
2: 1398.72, 278.19, 0.9801
3: 1510.40, 268.05, 0.9183
4: 1370.83, 269.76, 0.6069
5: 1596.18, 399.45, 0.9920
6: 1305.28, 405.33, 0.9919
7: 1774.71, 512.76, 0.9583
8: 1128.26, 529.88, 0.9446
9: 1613.49, 491.85, 0.9615
10: 1258.18, 486.71, 0.9481
11: 1526.30, 856.60, 0.9576
12: 1333.91, 855.05, 0.9539
13: 1558.31, 1053.09, 0.2371
14: 1355.18, 1026.98, 0.2204
15: 1611.44, 1080.00, 0.0193
16: 1339.90, 1075.97, 0.0189

Frame: 794, Person: 0
0: 1424.97, 310.20, 0.9961
1: 1453.75, 277.22, 0.9914
2: 1399.68, 278.10, 0.9815
3: 1510.28, 269.16, 0.9112
4: 1370.53, 270.60, 0.6306
5: 1592.16, 400.40, 0.9921
6: 1306.12, 404.29, 0.9924
7: 1768.34, 514.15, 0.9586
8: 1129.59, 528.23, 0.9493
9: 1612.95, 487.94, 0.9618
10: 1255.70, 486.63, 0.9516
11: 1524.14, 853.92, 0.9598
12: 1334.22, 851.93, 0.9576
13: 1559.96, 1051.79, 0.2474
14: 1354.95, 1024.86, 0.2350
15: 1617.87, 1080.00, 0.0203
16: 1337.95, 1074.96, 0.0202

Frame: 795, Person: 0
0: 1426.49, 309.71, 0.9962
1: 1454.85, 276.77, 0.9910
2: 1401.13, 277.88, 0.9826
3: 1510.16, 268.82, 0.9041
4: 1371.26, 270.69, 0.6555
5: 1594.09, 402.29, 0.9922
6: 1303.34, 403.96, 0.9930
7: 1760.01, 523.02, 0.9571
8: 1133.45, 530.93, 0.9526
9: 1611.97, 485.63, 0.9603
10: 1250.23, 489.21, 0.9532
11: 1525.51, 851.55, 0.9619
12: 1332.87, 849.15, 0.9613
13: 1561.97, 1052.76, 0.2627
14: 1353.38, 1026.94, 0.2568
15: 1612.45, 1080.00, 0.0217
16: 1342.39, 1080.00, 0.0220

Frame: 796, Person: 0
0: 1426.41, 308.62, 0.9962
1: 1454.35, 276.22, 0.9908
2: 1401.73, 277.02, 0.9824
3: 1508.75, 268.45, 0.9012
4: 1372.76, 269.84, 0.6579
5: 1592.92, 399.51, 0.9922
6: 1305.41, 403.43, 0.9931
7: 1751.74, 523.50, 0.9571
8: 1143.29, 536.90, 0.9533
9: 1609.94, 484.40, 0.9594
10: 1248.00, 495.45, 0.9525
11: 1527.84, 844.43, 0.9627
12: 1336.72, 842.79, 0.9624
13: 1561.06, 1047.66, 0.2739
14: 1349.31, 1023.94, 0.2679
15: 1608.72, 1080.00, 0.0228
16: 1339.02, 1080.00, 0.0231

Frame: 797, Person: 0
0: 1426.74, 307.44, 0.9958
1: 1454.64, 274.73, 0.9894
2: 1401.88, 275.55, 0.9823
3: 1508.55, 267.65, 0.8850
4: 1370.72, 269.35, 0.6654
5: 1594.26, 401.75, 0.9908
6: 1305.29, 407.27, 0.9928
7: 1734.10, 526.58, 0.9470
8: 1151.18, 537.15, 0.9525
9: 1603.10, 492.36, 0.9483
10: 1239.93, 505.97, 0.9471
11: 1530.10, 835.60, 0.9540
12: 1337.64, 833.98, 0.9552
13: 1559.86, 1038.95, 0.2164
14: 1351.44, 1018.44, 0.2237
15: 1567.67, 1080.00, 0.0171
16: 1314.80, 1073.93, 0.0182

Frame: 798, Person: 0
0: 1424.55, 305.04, 0.9956
1: 1452.29, 272.74, 0.9891
2: 1399.95, 273.90, 0.9818
3: 1504.96, 267.79, 0.8843
4: 1369.13, 270.25, 0.6695
5: 1590.15, 402.84, 0.9907
6: 1304.43, 411.87, 0.9927
7: 1724.70, 527.17, 0.9460
8: 1160.50, 541.79, 0.9511
9: 1599.44, 502.10, 0.9454
10: 1240.40, 506.62, 0.9443
11: 1528.00, 836.79, 0.9536
12: 1337.91, 836.66, 0.9548
13: 1556.97, 1038.13, 0.2148
14: 1351.80, 1021.61, 0.2216
15: 1558.53, 1080.00, 0.0172
16: 1317.69, 1077.99, 0.0182

Frame: 799, Person: 0
0: 1420.01, 303.13, 0.9959
1: 1447.15, 271.06, 0.9903
2: 1395.56, 272.85, 0.9809
3: 1500.75, 266.90, 0.9037
4: 1369.43, 270.65, 0.6594
5: 1585.39, 401.38, 0.9923
6: 1308.41, 412.07, 0.9934
7: 1723.34, 535.99, 0.9554
8: 1165.51, 558.23, 0.9536
9: 1601.38, 506.87, 0.9554
10: 1264.28, 502.75, 0.9509
11: 1530.58, 832.77, 0.9634
12: 1346.86, 834.92, 0.9639
13: 1563.09, 1032.02, 0.3040
14: 1361.05, 1018.69, 0.3040
15: 1588.81, 1080.00, 0.0274
16: 1344.16, 1080.00, 0.0284

Frame: 800, Person: 0
0: 1419.02, 300.36, 0.9959
1: 1446.02, 268.08, 0.9897
2: 1394.23, 270.12, 0.9821
3: 1497.73, 265.42, 0.8906
4: 1366.05, 269.65, 0.6834
5: 1581.97, 400.88, 0.9921
6: 1303.75, 414.30, 0.9934
7: 1721.78, 541.76, 0.9528
8: 1165.01, 567.31, 0.9527
9: 1596.94, 513.12, 0.9527
10: 1262.12, 494.69, 0.9505
11: 1526.92, 828.52, 0.9570
12: 1342.12, 831.65, 0.9581
13: 1561.13, 1020.93, 0.2722
14: 1355.02, 1009.89, 0.2746
15: 1583.68, 1080.00, 0.0236
16: 1334.57, 1080.00, 0.0245

Frame: 801, Person: 0
0: 1419.50, 299.42, 0.9961
1: 1445.96, 266.56, 0.9882
2: 1393.71, 268.48, 0.9852
3: 1494.80, 264.24, 0.8509
4: 1360.24, 268.30, 0.7314
5: 1575.83, 400.97, 0.9899
6: 1303.66, 417.24, 0.9938
7: 1713.49, 535.86, 0.9373
8: 1164.61, 560.89, 0.9602
9: 1592.59, 523.70, 0.9367
10: 1250.82, 490.02, 0.9535
11: 1528.01, 836.04, 0.9400
12: 1345.61, 839.31, 0.9489
13: 1559.47, 1021.82, 0.1699
14: 1356.19, 1011.56, 0.1968
15: 1560.14, 1080.00, 0.0132
16: 1303.57, 1061.66, 0.0152

Frame: 802, Person: 0
0: 1418.49, 299.44, 0.9964
1: 1444.79, 266.66, 0.9882
2: 1392.42, 268.24, 0.9874
3: 1492.31, 265.09, 0.8358
4: 1357.31, 268.18, 0.7622
5: 1571.53, 400.32, 0.9891
6: 1305.28, 415.24, 0.9945
7: 1716.92, 535.26, 0.9308
8: 1160.50, 556.88, 0.9665
9: 1584.27, 532.81, 0.9326
10: 1254.19, 485.76, 0.9600
11: 1529.25, 834.57, 0.9325
12: 1349.97, 836.55, 0.9483
13: 1556.94, 1017.83, 0.1490
14: 1354.70, 1003.73, 0.1886
15: 1562.81, 1080.00, 0.0114
16: 1291.90, 1049.74, 0.0140

Frame: 803, Person: 0
0: 1419.38, 299.42, 0.9968
1: 1444.86, 267.25, 0.9883
2: 1392.77, 269.44, 0.9894
3: 1489.35, 268.67, 0.8213
4: 1355.53, 272.73, 0.7916
5: 1569.79, 403.82, 0.9892
6: 1306.89, 413.99, 0.9952
7: 1723.53, 536.59, 0.9300
8: 1154.61, 542.08, 0.9725
9: 1586.90, 547.87, 0.9298
10: 1239.84, 479.89, 0.9652
11: 1532.16, 845.10, 0.9292
12: 1354.94, 844.49, 0.9499
13: 1558.49, 1015.97, 0.1285
14: 1354.66, 997.12, 0.1751
15: 1567.53, 1080.00, 0.0097
16: 1285.24, 1043.93, 0.0125

Frame: 804, Person: 0
0: 1420.24, 299.58, 0.9970
1: 1445.39, 267.40, 0.9879
2: 1393.67, 269.45, 0.9902
3: 1488.53, 268.64, 0.8044
4: 1354.76, 272.02, 0.8072
5: 1571.12, 406.35, 0.9893
6: 1303.06, 412.34, 0.9953
7: 1727.94, 540.75, 0.9286
8: 1149.85, 535.30, 0.9732
9: 1588.59, 556.78, 0.9272
10: 1228.77, 478.36, 0.9654
11: 1529.92, 854.27, 0.9275
12: 1349.80, 851.40, 0.9495
13: 1552.92, 1026.55, 0.1166
14: 1347.78, 1004.68, 0.1612
15: 1559.71, 1080.00, 0.0084
16: 1281.52, 1048.82, 0.0109

Frame: 805, Person: 0
0: 1421.66, 299.84, 0.9968
1: 1446.00, 267.40, 0.9873
2: 1395.04, 270.03, 0.9900
3: 1488.03, 267.89, 0.7889
4: 1355.35, 272.60, 0.8070
5: 1571.82, 404.81, 0.9885
6: 1303.05, 413.68, 0.9947
7: 1731.77, 535.90, 0.9255
8: 1151.15, 532.84, 0.9697
9: 1595.03, 562.97, 0.9221
10: 1226.43, 470.37, 0.9614
11: 1529.99, 854.10, 0.9152
12: 1348.76, 852.22, 0.9387
13: 1553.29, 1023.95, 0.0958
14: 1342.73, 1005.07, 0.1298
15: 1557.48, 1080.00, 0.0068
16: 1272.12, 1044.11, 0.0086

Frame: 806, Person: 0
0: 1426.15, 299.19, 0.9968
1: 1450.22, 266.21, 0.9867
2: 1398.77, 269.67, 0.9904
3: 1491.19, 266.59, 0.7737
4: 1357.34, 273.35, 0.8186
5: 1575.71, 404.73, 0.9882
6: 1302.94, 415.92, 0.9947
7: 1731.28, 540.60, 0.9216
8: 1154.78, 536.92, 0.9694
9: 1589.61, 567.86, 0.9179
10: 1223.21, 466.25, 0.9610
11: 1532.39, 854.84, 0.9096
12: 1349.22, 853.98, 0.9356
13: 1555.66, 1021.56, 0.0905
14: 1346.02, 1005.33, 0.1246
15: 1554.95, 1080.00, 0.0064
16: 1280.65, 1045.14, 0.0081

Frame: 807, Person: 0
0: 1433.06, 298.74, 0.9969
1: 1456.61, 265.24, 0.9867
2: 1404.88, 269.73, 0.9907
3: 1496.84, 265.79, 0.7686
4: 1362.83, 275.12, 0.8228
5: 1579.64, 406.52, 0.9887
6: 1308.61, 416.06, 0.9948
7: 1731.64, 550.84, 0.9245
8: 1160.61, 541.36, 0.9702
9: 1582.71, 568.06, 0.9225
10: 1231.01, 468.14, 0.9627
11: 1528.77, 859.18, 0.9146
12: 1346.66, 857.43, 0.9386
13: 1556.09, 1020.80, 0.1013
14: 1346.85, 1003.48, 0.1379
15: 1556.01, 1080.00, 0.0073
16: 1278.97, 1051.92, 0.0092

Frame: 808, Person: 0
0: 1438.49, 298.09, 0.9969
1: 1461.95, 264.15, 0.9861
2: 1410.14, 268.42, 0.9909
3: 1501.58, 264.26, 0.7535
4: 1367.64, 273.20, 0.8306
5: 1581.96, 407.83, 0.9885
6: 1312.72, 416.94, 0.9949
7: 1728.70, 561.24, 0.9209
8: 1167.16, 552.55, 0.9700
9: 1579.11, 572.20, 0.9206
10: 1244.57, 470.48, 0.9630
11: 1526.88, 860.27, 0.9095
12: 1347.03, 858.35, 0.9358
13: 1548.66, 1018.50, 0.1019
14: 1350.05, 1001.83, 0.1406
15: 1542.31, 1080.00, 0.0075
16: 1282.59, 1052.65, 0.0095

Frame: 809, Person: 0
0: 1446.60, 296.42, 0.9972
1: 1470.10, 263.00, 0.9855
2: 1417.78, 266.98, 0.9917
3: 1507.39, 264.24, 0.7230
4: 1371.64, 272.23, 0.8616
5: 1584.23, 407.48, 0.9916
6: 1309.21, 419.40, 0.9956
7: 1725.54, 565.16, 0.9378
8: 1177.71, 569.70, 0.9700
9: 1570.30, 567.68, 0.9377
10: 1253.36, 478.41, 0.9661
11: 1531.52, 849.15, 0.9440
12: 1349.39, 849.77, 0.9580
13: 1548.44, 1023.95, 0.1926
14: 1350.29, 1012.11, 0.2353
15: 1553.71, 1080.00, 0.0145
16: 1314.46, 1080.00, 0.0166

Frame: 810, Person: 0
0: 1451.90, 297.07, 0.9971
1: 1474.92, 263.32, 0.9852
2: 1422.70, 267.32, 0.9914
3: 1511.69, 263.50, 0.7123
4: 1375.33, 271.62, 0.8614
5: 1586.10, 406.37, 0.9920
6: 1314.47, 421.57, 0.9955
7: 1719.57, 563.96, 0.9412
8: 1181.03, 578.97, 0.9691
9: 1564.20, 565.29, 0.9414
10: 1269.36, 484.71, 0.9663
11: 1540.15, 845.46, 0.9524
12: 1360.26, 848.08, 0.9630
13: 1548.78, 1031.62, 0.2300
14: 1357.06, 1022.97, 0.2693
15: 1548.92, 1080.00, 0.0177
16: 1313.74, 1080.00, 0.0196

Frame: 811, Person: 0
0: 1452.10, 295.15, 0.9969
1: 1475.28, 262.14, 0.9852
2: 1423.52, 265.86, 0.9909
3: 1513.30, 263.26, 0.7378
4: 1377.90, 270.63, 0.8575
5: 1586.21, 409.20, 0.9921
6: 1315.21, 420.89, 0.9958
7: 1709.49, 565.43, 0.9418
8: 1197.95, 577.74, 0.9710
9: 1559.10, 567.57, 0.9435
10: 1317.77, 500.90, 0.9675
11: 1537.53, 839.26, 0.9632
12: 1356.59, 841.67, 0.9721
13: 1554.18, 1042.36, 0.2974
14: 1358.92, 1034.15, 0.3498
15: 1558.90, 1080.00, 0.0254
16: 1324.72, 1080.00, 0.0289

Frame: 812, Person: 0
0: 1451.98, 292.25, 0.9969
1: 1475.24, 259.42, 0.9863
2: 1423.01, 263.65, 0.9905
3: 1515.12, 261.95, 0.7789
4: 1379.51, 270.53, 0.8449
5: 1587.01, 414.22, 0.9918
6: 1319.43, 414.39, 0.9957
7: 1701.56, 571.88, 0.9412
8: 1201.89, 567.11, 0.9717
9: 1538.58, 560.94, 0.9460
10: 1337.67, 551.86, 0.9672
11: 1532.44, 843.67, 0.9634
12: 1352.65, 841.69, 0.9728
13: 1555.40, 1051.83, 0.2996
14: 1357.84, 1033.46, 0.3573
15: 1576.12, 1080.00, 0.0265
16: 1334.23, 1080.00, 0.0310

Frame: 813, Person: 0
0: 1451.69, 289.90, 0.9968
1: 1475.50, 257.79, 0.9861
2: 1423.09, 260.96, 0.9903
3: 1514.95, 262.34, 0.7805
4: 1378.88, 268.71, 0.8450
5: 1586.12, 416.16, 0.9921
6: 1316.95, 416.87, 0.9958
7: 1694.79, 571.66, 0.9429
8: 1204.90, 572.63, 0.9710
9: 1530.64, 560.06, 0.9465
10: 1334.35, 573.04, 0.9654
11: 1532.87, 841.89, 0.9652
12: 1352.19, 840.34, 0.9735
13: 1553.43, 1050.53, 0.3154
14: 1356.87, 1032.18, 0.3685
15: 1570.20, 1080.00, 0.0286
16: 1339.13, 1080.00, 0.0329

Frame: 814, Person: 0
0: 1451.30, 285.09, 0.9966
1: 1475.68, 253.69, 0.9859
2: 1422.78, 256.40, 0.9898
3: 1515.12, 260.74, 0.7844
4: 1378.63, 266.37, 0.8407
5: 1586.65, 414.08, 0.9916
6: 1315.86, 417.74, 0.9955
7: 1693.51, 572.10, 0.9390
8: 1205.31, 576.70, 0.9687
9: 1531.87, 565.38, 0.9414
10: 1331.16, 558.04, 0.9628
11: 1536.17, 835.70, 0.9582
12: 1354.80, 835.49, 0.9682
13: 1558.50, 1035.88, 0.2759
14: 1362.22, 1020.66, 0.3264
15: 1569.70, 1080.00, 0.0244
16: 1343.66, 1080.00, 0.0282

Frame: 815, Person: 0
0: 1450.30, 284.32, 0.9966
1: 1474.80, 252.88, 0.9860
2: 1421.47, 255.87, 0.9896
3: 1514.55, 260.32, 0.7884
4: 1377.51, 266.47, 0.8352
5: 1586.01, 414.52, 0.9917
6: 1315.65, 415.97, 0.9953
7: 1692.72, 576.68, 0.9402
8: 1205.34, 576.44, 0.9676
9: 1533.05, 560.99, 0.9425
10: 1331.18, 557.12, 0.9618
11: 1535.40, 839.78, 0.9593
12: 1354.33, 838.78, 0.9684
13: 1559.00, 1044.15, 0.2773
14: 1362.69, 1027.44, 0.3231
15: 1573.20, 1080.00, 0.0241
16: 1344.94, 1080.00, 0.0276

Frame: 816, Person: 0
0: 1448.93, 285.42, 0.9966
1: 1473.08, 253.97, 0.9862
2: 1419.97, 257.50, 0.9894
3: 1513.02, 261.37, 0.7952
4: 1376.79, 268.87, 0.8309
5: 1584.53, 414.76, 0.9916
6: 1316.48, 416.68, 0.9953
7: 1690.94, 574.91, 0.9404
8: 1204.40, 574.37, 0.9676
9: 1529.28, 557.74, 0.9430
10: 1331.50, 554.72, 0.9621
11: 1534.19, 839.51, 0.9589
12: 1354.50, 838.76, 0.9681
13: 1559.50, 1041.60, 0.2761
14: 1363.91, 1025.10, 0.3225
15: 1575.56, 1080.00, 0.0242
16: 1344.89, 1080.00, 0.0278

Frame: 817, Person: 0
0: 1447.85, 285.71, 0.9966
1: 1472.08, 254.45, 0.9864
2: 1418.83, 258.23, 0.9891
3: 1512.44, 262.22, 0.8020
4: 1376.10, 270.30, 0.8245
5: 1584.05, 414.69, 0.9918
6: 1317.22, 415.70, 0.9953
7: 1688.50, 576.53, 0.9427
8: 1205.10, 572.85, 0.9681
9: 1522.16, 555.69, 0.9448
10: 1331.82, 552.18, 0.9626
11: 1533.95, 839.99, 0.9615
12: 1354.86, 838.64, 0.9698
13: 1559.04, 1044.71, 0.2856
14: 1363.87, 1027.09, 0.3312
15: 1576.14, 1080.00, 0.0250
16: 1343.95, 1080.00, 0.0286

Frame: 818, Person: 0
0: 1446.98, 285.22, 0.9965
1: 1471.57, 254.36, 0.9864
2: 1418.17, 257.81, 0.9887
3: 1512.32, 262.72, 0.8067
4: 1375.89, 270.00, 0.8188
5: 1583.67, 414.20, 0.9919
6: 1317.57, 414.82, 0.9952
7: 1687.91, 575.61, 0.9438
8: 1207.31, 571.62, 0.9675
9: 1523.37, 555.29, 0.9451
10: 1334.76, 549.23, 0.9618
11: 1534.06, 839.73, 0.9627
12: 1355.51, 838.17, 0.9703
13: 1558.74, 1047.13, 0.2889
14: 1365.48, 1029.24, 0.3320
15: 1574.64, 1080.00, 0.0252
16: 1345.32, 1080.00, 0.0286

Frame: 819, Person: 0
0: 1446.24, 284.73, 0.9964
1: 1470.90, 253.57, 0.9866
2: 1417.38, 257.49, 0.9881
3: 1512.44, 261.61, 0.8177
4: 1376.13, 270.12, 0.8078
5: 1583.77, 413.41, 0.9918
6: 1318.25, 416.24, 0.9950
7: 1688.82, 574.95, 0.9439
8: 1208.08, 574.12, 0.9656
9: 1525.22, 554.33, 0.9453
10: 1333.75, 548.42, 0.9601
11: 1533.00, 838.39, 0.9612
12: 1354.77, 837.83, 0.9684
13: 1561.50, 1042.82, 0.2862
14: 1367.25, 1026.53, 0.3247
15: 1580.54, 1080.00, 0.0253
16: 1348.81, 1080.00, 0.0285

Frame: 820, Person: 0
0: 1446.24, 284.93, 0.9963
1: 1471.01, 253.66, 0.9867
2: 1417.62, 257.52, 0.9878
3: 1512.88, 261.36, 0.8208
4: 1376.83, 269.74, 0.8033
5: 1584.24, 413.56, 0.9917
6: 1318.48, 416.98, 0.9948
7: 1690.23, 574.45, 0.9433
8: 1207.37, 575.09, 0.9642
9: 1525.62, 553.69, 0.9451
10: 1331.99, 548.71, 0.9589
11: 1532.13, 837.53, 0.9599
12: 1353.93, 837.16, 0.9671
13: 1561.27, 1041.74, 0.2828
14: 1367.90, 1025.61, 0.3187
15: 1580.42, 1080.00, 0.0250
16: 1349.98, 1080.00, 0.0280

Frame: 821, Person: 0
0: 1446.34, 284.94, 0.9963
1: 1471.07, 253.72, 0.9868
2: 1417.87, 257.55, 0.9877
3: 1513.12, 261.67, 0.8268
4: 1377.68, 270.09, 0.8009
5: 1586.12, 414.78, 0.9916
6: 1318.52, 417.88, 0.9949
7: 1691.84, 575.66, 0.9420
8: 1207.11, 575.45, 0.9646
9: 1526.93, 552.62, 0.9442
10: 1330.87, 549.70, 0.9590
11: 1532.87, 838.35, 0.9578
12: 1353.54, 837.65, 0.9658
13: 1560.82, 1035.32, 0.2750
14: 1365.23, 1018.71, 0.3138
15: 1578.77, 1080.00, 0.0247
16: 1348.57, 1080.00, 0.0280

Frame: 822, Person: 0
0: 1445.30, 285.28, 0.9963
1: 1470.61, 254.08, 0.9875
2: 1417.00, 257.60, 0.9872
3: 1513.98, 262.52, 0.8437
4: 1378.15, 270.32, 0.7875
5: 1587.68, 416.58, 0.9916
6: 1320.13, 417.74, 0.9950
7: 1693.55, 576.83, 0.9433
8: 1207.11, 572.91, 0.9652
9: 1531.25, 551.75, 0.9461
10: 1330.85, 547.33, 0.9599
11: 1532.70, 839.08, 0.9593
12: 1353.22, 837.31, 0.9671
13: 1560.16, 1035.54, 0.2872
14: 1362.67, 1017.46, 0.3273
15: 1580.05, 1080.00, 0.0263
16: 1345.86, 1080.00, 0.0300

Frame: 823, Person: 0
0: 1442.99, 285.80, 0.9962
1: 1469.22, 254.63, 0.9881
2: 1415.44, 257.80, 0.9863
3: 1514.62, 262.60, 0.8617
4: 1378.91, 269.67, 0.7671
5: 1589.01, 415.84, 0.9912
6: 1320.98, 418.09, 0.9949
7: 1694.29, 576.46, 0.9410
8: 1206.19, 574.54, 0.9643
9: 1525.80, 547.66, 0.9445
10: 1325.63, 543.53, 0.9586
11: 1532.65, 840.98, 0.9556
12: 1352.94, 838.95, 0.9646
13: 1556.07, 1036.24, 0.2646
14: 1359.44, 1017.22, 0.3052
15: 1578.53, 1080.00, 0.0237
16: 1346.24, 1080.00, 0.0275

Frame: 824, Person: 0
0: 1441.93, 287.13, 0.9962
1: 1468.41, 255.73, 0.9884
2: 1414.36, 258.96, 0.9864
3: 1514.73, 263.09, 0.8666
4: 1379.10, 270.24, 0.7654
5: 1589.00, 414.35, 0.9912
6: 1323.09, 418.64, 0.9951
7: 1698.88, 572.54, 0.9412
8: 1205.55, 575.12, 0.9660
9: 1539.68, 546.04, 0.9451
10: 1327.00, 536.08, 0.9607
11: 1534.05, 841.11, 0.9565
12: 1356.10, 840.15, 0.9659
13: 1560.30, 1036.02, 0.2678
14: 1366.42, 1018.70, 0.3136
15: 1581.36, 1080.00, 0.0240
16: 1348.00, 1080.00, 0.0284

Frame: 825, Person: 0
0: 1441.11, 288.41, 0.9961
1: 1468.13, 256.94, 0.9887
2: 1413.52, 260.34, 0.9849
3: 1515.86, 264.28, 0.8774
4: 1379.93, 271.90, 0.7425
5: 1589.53, 414.68, 0.9915
6: 1323.95, 419.78, 0.9946
7: 1699.28, 571.84, 0.9453
8: 1200.86, 575.13, 0.9622
9: 1559.51, 538.67, 0.9474
10: 1309.15, 522.50, 0.9576
11: 1530.80, 835.89, 0.9583
12: 1353.63, 835.61, 0.9648
13: 1562.14, 1032.30, 0.2807
14: 1367.23, 1017.77, 0.3132
15: 1580.47, 1080.00, 0.0253
16: 1344.22, 1080.00, 0.0287

Frame: 826, Person: 0
0: 1438.13, 290.59, 0.9960
1: 1466.37, 259.40, 0.9892
2: 1411.21, 262.49, 0.9841
3: 1516.06, 266.66, 0.8898
4: 1380.21, 273.62, 0.7304
5: 1590.42, 414.28, 0.9913
6: 1320.50, 425.59, 0.9947
7: 1703.88, 572.59, 0.9421
8: 1194.16, 591.21, 0.9609
9: 1587.03, 525.67, 0.9423
10: 1289.04, 514.58, 0.9540
11: 1530.38, 836.54, 0.9526
12: 1351.19, 838.86, 0.9605
13: 1560.41, 1027.06, 0.2471
14: 1360.67, 1017.12, 0.2796
15: 1576.91, 1080.00, 0.0216
16: 1338.68, 1080.00, 0.0249

Frame: 827, Person: 0
0: 1437.73, 292.92, 0.9959
1: 1466.47, 261.74, 0.9886
2: 1411.47, 263.84, 0.9838
3: 1515.36, 268.53, 0.8801
4: 1380.82, 272.95, 0.7254
5: 1592.02, 414.66, 0.9909
6: 1319.06, 424.32, 0.9940
7: 1704.26, 581.58, 0.9392
8: 1198.99, 599.60, 0.9551
9: 1595.07, 508.00, 0.9382
10: 1269.49, 514.29, 0.9470
11: 1534.06, 841.43, 0.9410
12: 1353.92, 842.96, 0.9488
13: 1562.25, 1023.17, 0.2022
14: 1363.34, 1011.48, 0.2238
15: 1571.75, 1080.00, 0.0165
16: 1347.61, 1080.00, 0.0185

Frame: 828, Person: 0
0: 1435.94, 294.12, 0.9957
1: 1465.40, 262.57, 0.9893
2: 1410.07, 264.27, 0.9823
3: 1516.75, 268.66, 0.8952
4: 1381.24, 272.28, 0.6905
5: 1592.94, 416.68, 0.9906
6: 1321.24, 423.83, 0.9933
7: 1708.83, 578.65, 0.9406
8: 1195.68, 591.89, 0.9509
9: 1594.71, 504.13, 0.9412
10: 1264.31, 510.79, 0.9445
11: 1530.44, 844.80, 0.9381
12: 1349.88, 844.74, 0.9441
13: 1563.12, 1023.85, 0.1955
14: 1357.96, 1009.02, 0.2096
15: 1582.41, 1080.00, 0.0161
16: 1341.44, 1080.00, 0.0176

Frame: 829, Person: 0
0: 1434.90, 297.44, 0.9958
1: 1464.40, 264.95, 0.9895
2: 1408.82, 266.46, 0.9824
3: 1516.62, 267.87, 0.8938
4: 1379.48, 271.01, 0.6880
5: 1594.01, 415.09, 0.9905
6: 1317.52, 422.72, 0.9931
7: 1714.25, 574.66, 0.9408
8: 1187.37, 590.70, 0.9491
9: 1594.42, 503.57, 0.9428
10: 1265.37, 511.20, 0.9444
11: 1530.09, 849.60, 0.9372
12: 1346.44, 849.91, 0.9424
13: 1562.49, 1031.46, 0.1903
14: 1356.11, 1016.59, 0.2013
15: 1582.46, 1080.00, 0.0154
16: 1339.89, 1080.00, 0.0166

Frame: 830, Person: 0
0: 1433.44, 298.43, 0.9960
1: 1463.02, 265.94, 0.9900
2: 1407.13, 267.49, 0.9830
3: 1515.92, 268.54, 0.8966
4: 1377.59, 271.63, 0.6902
5: 1592.67, 413.39, 0.9911
6: 1316.24, 420.21, 0.9936
7: 1721.45, 570.52, 0.9451
8: 1174.87, 587.44, 0.9538
9: 1596.49, 499.94, 0.9481
10: 1268.84, 508.56, 0.9505
11: 1530.08, 846.83, 0.9448
12: 1346.54, 847.13, 0.9497
13: 1565.05, 1032.41, 0.2142
14: 1359.98, 1015.56, 0.2281
15: 1592.50, 1080.00, 0.0175
16: 1338.68, 1080.00, 0.0191

Frame: 831, Person: 0
0: 1432.53, 301.15, 0.9959
1: 1461.54, 267.87, 0.9903
2: 1405.95, 270.18, 0.9815
3: 1515.32, 268.33, 0.9032
4: 1377.09, 273.16, 0.6640
5: 1595.74, 414.60, 0.9913
6: 1313.97, 421.10, 0.9929
7: 1729.05, 569.69, 0.9476
8: 1166.92, 583.02, 0.9479
9: 1607.39, 498.44, 0.9503
10: 1266.95, 496.84, 0.9468
11: 1530.42, 853.85, 0.9433
12: 1344.12, 854.25, 0.9449
13: 1564.58, 1028.90, 0.2126
14: 1358.70, 1013.09, 0.2157
15: 1591.04, 1080.00, 0.0178
16: 1338.95, 1080.00, 0.0186

Frame: 832, Person: 0
0: 1429.38, 302.38, 0.9958
1: 1458.62, 269.45, 0.9909
2: 1403.77, 271.32, 0.9801
3: 1514.20, 269.40, 0.9157
4: 1376.93, 273.07, 0.6269
5: 1599.90, 415.33, 0.9909
6: 1313.64, 417.66, 0.9922
7: 1745.90, 561.23, 0.9466
8: 1161.09, 568.13, 0.9444
9: 1617.81, 487.12, 0.9501
10: 1264.88, 495.10, 0.9430
11: 1531.79, 861.28, 0.9374
12: 1342.15, 858.55, 0.9384
13: 1558.08, 1035.07, 0.1826
14: 1346.59, 1012.45, 0.1829
15: 1591.96, 1080.00, 0.0148
16: 1329.70, 1078.63, 0.0155

Frame: 833, Person: 0
0: 1428.00, 306.16, 0.9959
1: 1456.29, 272.76, 0.9911
2: 1403.01, 274.43, 0.9810
3: 1512.12, 269.83, 0.9157
4: 1376.67, 272.89, 0.6291
5: 1603.51, 415.85, 0.9900
6: 1310.83, 416.26, 0.9921
7: 1762.88, 549.35, 0.9412
8: 1146.00, 551.60, 0.9454
9: 1623.20, 483.15, 0.9477
10: 1258.33, 485.22, 0.9452
11: 1535.82, 867.54, 0.9251
12: 1341.64, 863.79, 0.9295
13: 1564.89, 1028.27, 0.1519
14: 1346.41, 1002.26, 0.1586
15: 1601.55, 1080.00, 0.0125
16: 1327.43, 1062.01, 0.0135

Frame: 834, Person: 0
0: 1427.49, 308.42, 0.9957
1: 1455.74, 274.55, 0.9913
2: 1402.42, 276.53, 0.9800
3: 1511.70, 270.69, 0.9185
4: 1375.29, 274.48, 0.6087
5: 1605.21, 417.07, 0.9895
6: 1307.21, 418.70, 0.9906
7: 1781.62, 541.62, 0.9391
8: 1134.92, 547.67, 0.9327
9: 1627.18, 474.23, 0.9476
10: 1253.35, 485.26, 0.9368
11: 1532.49, 870.41, 0.9107
12: 1336.68, 866.50, 0.9104
13: 1557.45, 1026.98, 0.1308
14: 1347.91, 997.99, 0.1289
15: 1600.77, 1080.00, 0.0107
16: 1337.62, 1051.07, 0.0111

Frame: 835, Person: 0
0: 1428.44, 310.46, 0.9954
1: 1458.30, 278.02, 0.9882
2: 1403.07, 278.90, 0.9785
3: 1512.94, 274.20, 0.8723
4: 1369.14, 274.79, 0.6316
5: 1602.60, 410.34, 0.9915
6: 1297.66, 407.77, 0.9893
7: 1775.35, 532.23, 0.9572
8: 1139.97, 535.33, 0.9345
9: 1634.11, 469.15, 0.9575
10: 1227.58, 478.03, 0.9392
11: 1534.07, 858.83, 0.9380
12: 1333.62, 852.70, 0.9318
13: 1527.54, 1080.00, 0.2178
14: 1324.22, 1057.53, 0.1916
15: 1576.03, 1080.00, 0.0149
16: 1352.09, 1080.00, 0.0134

Frame: 836, Person: 0
0: 1427.51, 313.77, 0.9954
1: 1457.61, 281.08, 0.9881
2: 1401.93, 281.95, 0.9789
3: 1512.59, 276.20, 0.8719
4: 1367.44, 276.86, 0.6404
5: 1601.70, 409.58, 0.9911
6: 1293.97, 410.12, 0.9895
7: 1780.83, 524.10, 0.9549
8: 1130.23, 533.99, 0.9345
9: 1635.30, 463.48, 0.9562
10: 1226.65, 468.44, 0.9400
11: 1533.81, 857.88, 0.9344
12: 1332.01, 853.37, 0.9293
13: 1528.04, 1080.00, 0.2132
14: 1326.03, 1053.98, 0.1907
15: 1579.75, 1080.00, 0.0149
16: 1355.87, 1080.00, 0.0136

Frame: 837, Person: 0
0: 1426.79, 318.24, 0.9953
1: 1456.76, 284.95, 0.9883
2: 1400.70, 286.29, 0.9784
3: 1512.48, 278.13, 0.8728
4: 1366.07, 279.83, 0.6290
5: 1601.96, 410.61, 0.9906
6: 1293.93, 410.20, 0.9887
7: 1783.47, 521.24, 0.9532
8: 1128.49, 524.82, 0.9310
9: 1636.53, 463.12, 0.9553
10: 1230.85, 454.23, 0.9382
11: 1532.25, 861.35, 0.9271
12: 1330.15, 856.51, 0.9210
13: 1525.54, 1078.31, 0.1938
14: 1323.83, 1051.19, 0.1723
15: 1578.48, 1080.00, 0.0136
16: 1353.40, 1080.00, 0.0124

Frame: 838, Person: 0
0: 1426.07, 321.12, 0.9954
1: 1456.24, 287.95, 0.9885
2: 1400.21, 288.93, 0.9783
3: 1512.46, 280.39, 0.8741
4: 1365.80, 281.28, 0.6236
5: 1600.79, 410.46, 0.9908
6: 1294.30, 410.63, 0.9886
7: 1783.18, 515.34, 0.9551
8: 1129.38, 522.34, 0.9315
9: 1632.90, 461.79, 0.9574
10: 1235.41, 456.45, 0.9396
11: 1531.95, 862.20, 0.9322
12: 1330.12, 857.60, 0.9255
13: 1528.56, 1080.00, 0.2073
14: 1325.03, 1053.12, 0.1829
15: 1583.67, 1080.00, 0.0147
16: 1352.64, 1080.00, 0.0134

Frame: 839, Person: 0
0: 1426.48, 325.30, 0.9954
1: 1455.71, 292.04, 0.9882
2: 1400.40, 293.67, 0.9786
3: 1510.73, 282.76, 0.8663
4: 1365.01, 285.04, 0.6298
5: 1599.38, 410.53, 0.9911
6: 1294.09, 409.86, 0.9884
7: 1782.05, 513.50, 0.9573
8: 1130.68, 517.86, 0.9310
9: 1629.89, 460.83, 0.9593
10: 1236.82, 459.43, 0.9397
11: 1531.16, 860.56, 0.9396
12: 1329.69, 855.54, 0.9318
13: 1527.68, 1080.00, 0.2301
14: 1322.06, 1057.39, 0.1991
15: 1586.64, 1080.00, 0.0165
16: 1350.40, 1080.00, 0.0146

Frame: 840, Person: 0
0: 1425.68, 327.89, 0.9954
1: 1454.56, 294.57, 0.9881
2: 1399.60, 296.16, 0.9789
3: 1509.26, 284.55, 0.8629
4: 1364.07, 286.70, 0.6342
5: 1597.93, 411.10, 0.9910
6: 1294.25, 410.68, 0.9884
7: 1779.33, 511.43, 0.9567
8: 1129.56, 518.54, 0.9318
9: 1627.72, 461.17, 0.9590
10: 1238.50, 466.91, 0.9408
11: 1533.32, 858.87, 0.9376
12: 1332.90, 854.13, 0.9304
13: 1528.41, 1080.00, 0.2259
14: 1324.23, 1053.67, 0.1969
15: 1585.44, 1080.00, 0.0163
16: 1350.08, 1080.00, 0.0145

Frame: 841, Person: 0
0: 1425.23, 329.26, 0.9954
1: 1453.80, 295.63, 0.9880
2: 1398.98, 297.40, 0.9790
3: 1508.44, 284.27, 0.8610
4: 1363.19, 287.07, 0.6389
5: 1598.84, 410.39, 0.9910
6: 1291.91, 411.67, 0.9886
7: 1778.67, 512.81, 0.9561
8: 1129.89, 524.25, 0.9313
9: 1625.72, 461.47, 0.9584
10: 1239.62, 472.56, 0.9399
11: 1532.76, 857.53, 0.9397
12: 1330.45, 853.36, 0.9330
13: 1525.15, 1080.00, 0.2350
14: 1320.38, 1059.04, 0.2054
15: 1579.55, 1080.00, 0.0169
16: 1349.07, 1080.00, 0.0151

Frame: 842, Person: 0
0: 1424.80, 330.45, 0.9953
1: 1453.20, 296.65, 0.9879
2: 1398.36, 298.80, 0.9783
3: 1508.26, 284.50, 0.8643
4: 1362.91, 288.24, 0.6375
5: 1599.97, 410.18, 0.9910
6: 1289.76, 412.89, 0.9886
7: 1777.87, 512.52, 0.9554
8: 1125.86, 527.39, 0.9299
9: 1625.46, 464.05, 0.9572
10: 1241.63, 479.38, 0.9381
11: 1533.82, 857.46, 0.9372
12: 1329.72, 854.32, 0.9302
13: 1526.82, 1080.00, 0.2239
14: 1321.47, 1058.55, 0.1956
15: 1578.66, 1080.00, 0.0161
16: 1351.39, 1080.00, 0.0144

Frame: 843, Person: 0
0: 1424.88, 329.88, 0.9952
1: 1452.96, 296.42, 0.9877
2: 1398.81, 298.53, 0.9784
3: 1507.64, 284.39, 0.8634
4: 1364.29, 288.13, 0.6425
5: 1597.46, 408.91, 0.9906
6: 1292.95, 413.49, 0.9889
7: 1775.46, 509.49, 0.9533
8: 1131.36, 527.68, 0.9321
9: 1624.70, 467.09, 0.9558
10: 1247.43, 478.21, 0.9395
11: 1531.62, 853.82, 0.9345
12: 1331.78, 851.29, 0.9296
13: 1521.50, 1079.77, 0.2187
14: 1324.69, 1055.79, 0.1963
15: 1571.29, 1080.00, 0.0158
16: 1353.83, 1080.00, 0.0145

Frame: 844, Person: 0
0: 1427.02, 328.48, 0.9955
1: 1452.78, 294.76, 0.9891
2: 1400.66, 298.45, 0.9806
3: 1506.62, 282.53, 0.8812
4: 1369.12, 290.91, 0.6322
5: 1593.06, 407.14, 0.9885
6: 1304.74, 417.78, 0.9900
7: 1784.76, 498.91, 0.9437
8: 1117.02, 523.00, 0.9413
9: 1614.13, 468.28, 0.9540
10: 1253.45, 483.46, 0.9477
11: 1525.80, 865.05, 0.9331
12: 1335.97, 864.66, 0.9342
13: 1537.32, 1076.74, 0.1679
14: 1345.31, 1050.77, 0.1666
15: 1596.02, 1080.00, 0.0123
16: 1329.81, 1080.00, 0.0126

Frame: 845, Person: 0
0: 1427.82, 327.50, 0.9951
1: 1453.44, 294.17, 0.9880
2: 1402.06, 297.76, 0.9798
3: 1506.24, 282.26, 0.8739
4: 1370.64, 290.41, 0.6426
5: 1598.14, 407.92, 0.9881
6: 1297.53, 419.58, 0.9895
7: 1777.11, 506.22, 0.9379
8: 1123.74, 530.35, 0.9343
9: 1616.76, 472.00, 0.9463
10: 1244.61, 489.48, 0.9384
11: 1527.04, 860.66, 0.9225
12: 1331.11, 861.16, 0.9234
13: 1536.31, 1063.90, 0.1501
14: 1344.40, 1042.51, 0.1484
15: 1574.20, 1080.00, 0.0111
16: 1344.33, 1080.00, 0.0113

Frame: 846, Person: 0
0: 1427.69, 325.10, 0.9955
1: 1452.96, 291.14, 0.9885
2: 1400.91, 295.70, 0.9820
3: 1506.16, 279.27, 0.8785
4: 1370.56, 289.48, 0.6715
5: 1597.84, 408.75, 0.9879
6: 1304.50, 414.73, 0.9918
7: 1770.71, 512.71, 0.9335
8: 1131.18, 517.23, 0.9505
9: 1627.18, 482.39, 0.9444
10: 1247.39, 478.34, 0.9508
11: 1528.41, 857.32, 0.9273
12: 1337.44, 855.61, 0.9375
13: 1535.47, 1057.03, 0.1623
14: 1346.56, 1034.90, 0.1816
15: 1568.97, 1080.00, 0.0124
16: 1340.04, 1080.00, 0.0140

Frame: 847, Person: 0
0: 1426.85, 318.06, 0.9955
1: 1452.75, 284.99, 0.9881
2: 1400.61, 289.19, 0.9823
3: 1504.61, 275.93, 0.8747
4: 1369.09, 284.90, 0.6871
5: 1592.55, 405.53, 0.9889
6: 1300.93, 412.04, 0.9921
7: 1760.59, 504.22, 0.9391
8: 1136.79, 511.86, 0.9522
9: 1628.97, 486.03, 0.9468
10: 1247.47, 484.94, 0.9510
11: 1523.63, 849.29, 0.9425
12: 1333.22, 848.24, 0.9495
13: 1532.55, 1060.48, 0.1998
14: 1341.57, 1040.62, 0.2176
15: 1565.65, 1080.00, 0.0156
16: 1339.34, 1080.00, 0.0171

Frame: 848, Person: 0
0: 1428.77, 310.68, 0.9951
1: 1453.79, 279.36, 0.9846
2: 1402.24, 283.89, 0.9835
3: 1502.52, 273.70, 0.8338
4: 1368.54, 282.21, 0.7410
5: 1587.60, 401.42, 0.9877
6: 1302.92, 398.44, 0.9926
7: 1750.68, 509.39, 0.9319
8: 1135.36, 497.13, 0.9606
9: 1623.54, 489.56, 0.9386
10: 1253.49, 484.98, 0.9557
11: 1527.85, 842.25, 0.9376
12: 1341.14, 837.89, 0.9511
13: 1532.17, 1080.00, 0.2002
14: 1343.36, 1058.35, 0.2392
15: 1570.31, 1080.00, 0.0147
16: 1333.38, 1080.00, 0.0172

Frame: 849, Person: 0
0: 1426.34, 306.68, 0.9960
1: 1451.71, 273.47, 0.9906
2: 1400.01, 277.79, 0.9830
3: 1503.26, 269.13, 0.9013
4: 1370.34, 278.26, 0.6843
5: 1582.69, 405.70, 0.9905
6: 1313.41, 412.79, 0.9927
7: 1747.04, 498.67, 0.9492
8: 1134.88, 509.12, 0.9544
9: 1608.79, 494.23, 0.9562
10: 1267.40, 479.12, 0.9572
11: 1524.90, 835.95, 0.9531
12: 1346.76, 837.10, 0.9562
13: 1559.74, 1024.69, 0.2439
14: 1370.19, 1006.22, 0.2545
15: 1609.00, 1080.00, 0.0218
16: 1345.37, 1069.89, 0.0235

Frame: 850, Person: 0
0: 1426.44, 302.44, 0.9962
1: 1451.29, 269.21, 0.9907
2: 1399.56, 274.39, 0.9842
3: 1502.00, 266.15, 0.8987
4: 1368.94, 277.07, 0.6936
5: 1580.92, 404.05, 0.9904
6: 1315.41, 408.20, 0.9931
7: 1750.49, 498.56, 0.9487
8: 1133.25, 500.13, 0.9586
9: 1598.22, 486.83, 0.9578
10: 1274.31, 468.23, 0.9617
11: 1523.69, 835.93, 0.9548
12: 1347.61, 835.28, 0.9596
13: 1556.59, 1032.22, 0.2461
14: 1369.25, 1009.32, 0.2647
15: 1616.10, 1080.00, 0.0214
16: 1342.44, 1075.53, 0.0237

Frame: 851, Person: 0
0: 1429.84, 301.82, 0.9963
1: 1453.42, 267.30, 0.9904
2: 1401.08, 274.42, 0.9854
3: 1501.97, 263.40, 0.8827
4: 1367.20, 278.84, 0.7152
5: 1577.21, 401.43, 0.9900
6: 1317.02, 408.84, 0.9928
7: 1751.98, 492.45, 0.9486
8: 1127.59, 498.06, 0.9581
9: 1594.25, 475.57, 0.9595
10: 1273.88, 461.73, 0.9635
11: 1523.57, 836.68, 0.9537
12: 1351.05, 837.98, 0.9582
13: 1558.25, 1037.75, 0.2381
14: 1376.04, 1016.55, 0.2539
15: 1626.02, 1080.00, 0.0199
16: 1344.48, 1080.00, 0.0217

Frame: 852, Person: 0
0: 1430.58, 301.74, 0.9964
1: 1453.35, 266.75, 0.9907
2: 1400.62, 275.07, 0.9858
3: 1501.40, 263.01, 0.8819
4: 1365.69, 281.16, 0.7104
5: 1573.40, 401.11, 0.9894
6: 1322.84, 405.61, 0.9922
7: 1752.38, 485.60, 0.9489
8: 1122.97, 482.05, 0.9583
9: 1586.77, 467.80, 0.9610
10: 1277.08, 449.06, 0.9653
11: 1524.12, 843.42, 0.9515
12: 1356.50, 843.29, 0.9562
13: 1557.18, 1047.32, 0.2148
14: 1375.24, 1022.44, 0.2286
15: 1639.29, 1080.00, 0.0171
16: 1334.37, 1080.00, 0.0186

Frame: 853, Person: 0
0: 1430.10, 303.63, 0.9965
1: 1452.36, 268.47, 0.9905
2: 1399.67, 277.24, 0.9866
3: 1499.23, 264.07, 0.8699
4: 1363.24, 282.92, 0.7259
5: 1567.82, 399.34, 0.9894
6: 1322.65, 404.20, 0.9921
7: 1755.89, 476.58, 0.9498
8: 1117.16, 475.06, 0.9593
9: 1587.35, 459.62, 0.9621
10: 1279.42, 443.80, 0.9669
11: 1522.73, 844.29, 0.9517
12: 1358.50, 844.87, 0.9562
13: 1561.81, 1048.91, 0.2091
14: 1384.50, 1022.94, 0.2229
15: 1652.72, 1080.00, 0.0165
16: 1340.16, 1080.00, 0.0178

Frame: 854, Person: 0
0: 1430.28, 306.41, 0.9965
1: 1451.81, 271.22, 0.9901
2: 1399.84, 279.90, 0.9869
3: 1496.66, 266.43, 0.8555
4: 1361.70, 285.03, 0.7353
5: 1563.61, 399.67, 0.9892
6: 1321.75, 406.06, 0.9915
7: 1759.66, 467.56, 0.9500
8: 1114.66, 470.79, 0.9567
9: 1586.21, 455.17, 0.9629
10: 1279.94, 440.59, 0.9663
11: 1520.97, 845.96, 0.9480
12: 1359.25, 847.12, 0.9515
13: 1557.34, 1041.76, 0.2019
14: 1386.08, 1015.46, 0.2102
15: 1651.45, 1080.00, 0.0161
16: 1342.51, 1073.69, 0.0169

Frame: 855, Person: 0
0: 1431.55, 309.40, 0.9966
1: 1452.09, 273.73, 0.9895
2: 1400.43, 283.27, 0.9879
3: 1494.90, 267.79, 0.8322
4: 1359.72, 288.34, 0.7604
5: 1561.89, 397.63, 0.9893
6: 1318.65, 409.05, 0.9916
7: 1762.22, 460.08, 0.9506
8: 1112.51, 472.55, 0.9572
9: 1588.87, 454.18, 0.9631
10: 1276.03, 440.51, 0.9670
11: 1522.89, 841.88, 0.9486
12: 1360.40, 845.48, 0.9518
13: 1560.07, 1036.43, 0.2049
14: 1387.32, 1013.86, 0.2119
15: 1652.48, 1080.00, 0.0163
16: 1342.93, 1072.24, 0.0168

Frame: 856, Person: 0
0: 1431.92, 310.87, 0.9966
1: 1451.38, 275.69, 0.9892
2: 1400.67, 286.20, 0.9881
3: 1492.51, 269.55, 0.8203
4: 1358.85, 292.32, 0.7700
5: 1559.26, 395.73, 0.9903
6: 1315.18, 409.10, 0.9915
7: 1762.73, 453.23, 0.9555
8: 1109.39, 469.05, 0.9564
9: 1594.91, 454.03, 0.9653
10: 1269.77, 445.54, 0.9661
11: 1516.88, 834.11, 0.9556
12: 1354.39, 838.69, 0.9561
13: 1554.98, 1030.61, 0.2357
14: 1382.07, 1010.12, 0.2337
15: 1647.35, 1080.00, 0.0193
16: 1339.51, 1069.71, 0.0191

Frame: 856, Person: 1
0: 182.53, 679.73, 0.7129
1: 193.92, 659.25, 0.7643
2: 171.32, 660.88, 0.5105
3: 223.63, 666.88, 0.6094
4: 164.22, 671.30, 0.1739
5: 281.59, 775.41, 0.6352
6: 149.61, 778.07, 0.4275
7: 312.96, 864.04, 0.1468
8: 135.11, 863.07, 0.0551
9: 217.65, 820.52, 0.1023
10: 153.11, 824.63, 0.0520
11: 254.71, 956.12, 0.0507
12: 172.68, 954.13, 0.0392
13: 264.23, 849.58, 0.0166
14: 178.88, 846.63, 0.0124
15: 242.37, 885.14, 0.0169
16: 193.80, 883.85, 0.0134

Frame: 857, Person: 0
0: 1431.07, 313.56, 0.9968
1: 1450.69, 278.11, 0.9895
2: 1398.80, 289.05, 0.9889
3: 1492.27, 272.22, 0.8271
4: 1357.06, 296.26, 0.7816
5: 1555.87, 399.34, 0.9902
6: 1319.67, 409.32, 0.9927
7: 1762.31, 450.96, 0.9545
8: 1112.42, 458.67, 0.9640
9: 1602.05, 450.70, 0.9662
10: 1265.14, 445.36, 0.9713
11: 1510.43, 833.65, 0.9592
12: 1353.39, 836.23, 0.9630
13: 1546.85, 1025.31, 0.2618
14: 1379.07, 1001.69, 0.2771
15: 1644.16, 1080.00, 0.0228
16: 1335.55, 1064.89, 0.0241

Frame: 858, Person: 0
0: 1427.32, 313.18, 0.9964
1: 1448.65, 279.28, 0.9872
2: 1395.61, 291.47, 0.9886
3: 1490.94, 275.57, 0.8093
4: 1354.36, 301.13, 0.7853
5: 1559.49, 395.30, 0.9895
6: 1313.16, 401.06, 0.9928
7: 1767.88, 448.78, 0.9487
8: 1118.33, 443.15, 0.9654
9: 1611.00, 451.39, 0.9605
10: 1254.47, 459.90, 0.9691
11: 1508.08, 832.35, 0.9574
12: 1346.84, 831.31, 0.9639
13: 1528.08, 1048.25, 0.2595
14: 1364.78, 1019.29, 0.2901
15: 1610.35, 1080.00, 0.0215
16: 1330.75, 1080.00, 0.0238

Frame: 859, Person: 0
0: 1426.85, 314.12, 0.9962
1: 1448.34, 279.71, 0.9865
2: 1395.16, 291.94, 0.9877
3: 1490.65, 274.55, 0.7958
4: 1353.35, 300.27, 0.7790
5: 1560.42, 391.39, 0.9896
6: 1306.32, 402.84, 0.9919
7: 1764.15, 448.66, 0.9504
8: 1116.58, 457.36, 0.9610
9: 1615.07, 442.22, 0.9594
10: 1247.92, 458.30, 0.9650
11: 1509.16, 833.54, 0.9536
12: 1342.29, 835.52, 0.9581
13: 1533.27, 1037.81, 0.2385
14: 1359.11, 1014.82, 0.2553
15: 1606.34, 1080.00, 0.0194
16: 1326.04, 1080.00, 0.0205

Frame: 860, Person: 0
0: 1426.09, 314.33, 0.9961
1: 1447.94, 280.02, 0.9866
2: 1394.51, 292.17, 0.9874
3: 1490.83, 274.85, 0.8020
4: 1353.59, 300.63, 0.7730
5: 1560.34, 389.09, 0.9891
6: 1308.90, 404.06, 0.9917
7: 1767.27, 444.11, 0.9479
8: 1116.54, 459.88, 0.9595
9: 1621.91, 438.94, 0.9567
10: 1236.32, 456.32, 0.9630
11: 1510.28, 829.25, 0.9494
12: 1345.99, 832.12, 0.9547
13: 1528.88, 1036.30, 0.2205
14: 1361.22, 1014.52, 0.2373
15: 1599.25, 1080.00, 0.0176
16: 1325.62, 1079.02, 0.0187

Frame: 861, Person: 0
0: 1426.38, 316.12, 0.9964
1: 1448.00, 280.22, 0.9893
2: 1394.47, 291.27, 0.9871
3: 1491.61, 272.40, 0.8428
4: 1354.43, 297.02, 0.7560
5: 1561.69, 392.29, 0.9901
6: 1310.75, 413.63, 0.9916
7: 1771.98, 435.53, 0.9549
8: 1126.87, 465.99, 0.9561
9: 1643.90, 440.23, 0.9610
10: 1226.71, 453.26, 0.9604
11: 1508.26, 845.30, 0.9528
12: 1342.10, 851.16, 0.9539
13: 1542.03, 1017.07, 0.2068
14: 1356.80, 1001.93, 0.2074
15: 1620.01, 1080.00, 0.0173
16: 1327.48, 1058.08, 0.0173

Frame: 862, Person: 0
0: 1426.88, 313.68, 0.9963
1: 1448.47, 278.28, 0.9893
2: 1395.07, 289.39, 0.9866
3: 1491.84, 272.17, 0.8455
4: 1355.10, 296.99, 0.7488
5: 1566.50, 392.87, 0.9903
6: 1308.75, 414.59, 0.9910
7: 1773.38, 437.23, 0.9550
8: 1129.64, 468.04, 0.9517
9: 1658.85, 435.80, 0.9589
10: 1217.03, 454.52, 0.9552
11: 1514.68, 842.70, 0.9510
12: 1344.30, 848.88, 0.9502
13: 1547.16, 1016.39, 0.1921
14: 1354.74, 1003.31, 0.1866
15: 1615.80, 1079.49, 0.0155
16: 1326.82, 1061.68, 0.0151

Frame: 863, Person: 0
0: 1426.78, 312.83, 0.9959
1: 1448.02, 276.95, 0.9897
2: 1394.65, 289.08, 0.9841
3: 1493.06, 270.44, 0.8638
4: 1356.24, 297.57, 0.7069
5: 1571.82, 394.13, 0.9902
6: 1309.76, 414.92, 0.9895
7: 1774.89, 441.36, 0.9557
8: 1125.28, 466.36, 0.9425
9: 1667.56, 427.19, 0.9593
10: 1220.71, 435.67, 0.9495
11: 1522.65, 842.90, 0.9499
12: 1349.95, 849.38, 0.9454
13: 1552.08, 1020.60, 0.1914
14: 1358.77, 1009.52, 0.1755
15: 1619.57, 1080.00, 0.0153
16: 1331.41, 1068.98, 0.0144

Frame: 864, Person: 0
0: 1426.75, 312.22, 0.9958
1: 1447.70, 276.17, 0.9893
2: 1394.49, 288.75, 0.9837
3: 1492.08, 268.93, 0.8604
4: 1356.18, 297.07, 0.7072
5: 1572.42, 391.29, 0.9901
6: 1311.45, 414.28, 0.9893
7: 1772.07, 430.20, 0.9559
8: 1138.32, 454.66, 0.9424
9: 1680.15, 420.61, 0.9579
10: 1209.72, 425.78, 0.9476
11: 1528.98, 847.77, 0.9516
12: 1356.86, 855.37, 0.9470
13: 1559.97, 1019.41, 0.1870
14: 1364.33, 1011.84, 0.1712
15: 1620.56, 1076.16, 0.0149
16: 1341.96, 1068.97, 0.0140

Frame: 865, Person: 0
0: 1427.23, 311.74, 0.9958
1: 1447.92, 275.62, 0.9896
2: 1395.28, 288.03, 0.9834
3: 1491.87, 268.86, 0.8678
4: 1357.55, 296.92, 0.7023
5: 1576.39, 394.52, 0.9904
6: 1309.62, 418.55, 0.9895
7: 1771.03, 429.73, 0.9566
8: 1138.16, 455.51, 0.9410
9: 1693.46, 418.54, 0.9578
10: 1190.48, 428.52, 0.9459
11: 1534.17, 852.27, 0.9519
12: 1359.11, 860.62, 0.9467
13: 1563.59, 1013.69, 0.1923
14: 1364.57, 1009.11, 0.1738
15: 1614.96, 1076.62, 0.0156
16: 1348.50, 1074.12, 0.0145

Frame: 866, Person: 0
0: 1426.57, 310.51, 0.9959
1: 1447.97, 274.85, 0.9895
2: 1395.50, 286.18, 0.9843
3: 1491.93, 268.89, 0.8662
4: 1358.67, 294.36, 0.7172
5: 1577.57, 394.75, 0.9899
6: 1308.32, 418.02, 0.9900
7: 1773.69, 428.09, 0.9518
8: 1141.88, 455.03, 0.9426
9: 1704.40, 415.85, 0.9530
10: 1179.76, 430.44, 0.9448
11: 1531.48, 850.75, 0.9467
12: 1354.76, 858.35, 0.9439
13: 1564.39, 1007.84, 0.1770
14: 1360.43, 1002.75, 0.1673
15: 1610.04, 1076.00, 0.0145
16: 1345.40, 1071.75, 0.0139

Frame: 867, Person: 0
0: 1427.89, 309.07, 0.9958
1: 1449.94, 273.83, 0.9892
2: 1396.95, 283.71, 0.9843
3: 1493.23, 268.65, 0.8600
4: 1358.67, 291.02, 0.7213
5: 1575.40, 394.49, 0.9900
6: 1310.19, 418.27, 0.9896
7: 1772.88, 421.11, 0.9512
8: 1145.00, 454.05, 0.9385
9: 1706.50, 407.74, 0.9525
10: 1173.36, 428.91, 0.9418
11: 1530.85, 847.64, 0.9485
12: 1357.15, 854.98, 0.9445
13: 1556.48, 1006.44, 0.1939
14: 1359.64, 1000.55, 0.1788
15: 1600.37, 1075.46, 0.0165
16: 1344.03, 1066.63, 0.0154

Frame: 868, Person: 0
0: 1427.03, 307.30, 0.9956
1: 1449.17, 272.27, 0.9890
2: 1396.57, 281.74, 0.9844
3: 1493.43, 267.09, 0.8548
4: 1359.74, 287.83, 0.7371
5: 1576.30, 395.94, 0.9878
6: 1304.03, 420.68, 0.9893
7: 1762.96, 430.39, 0.9336
8: 1132.58, 468.14, 0.9319
9: 1725.64, 408.77, 0.9330
10: 1186.07, 409.99, 0.9321
11: 1537.69, 850.43, 0.9326
12: 1359.59, 860.72, 0.9333
13: 1565.01, 1020.75, 0.1457
14: 1363.74, 1022.84, 0.1443
15: 1597.15, 1079.28, 0.0121
16: 1340.75, 1078.22, 0.0120

Frame: 869, Person: 0
0: 1426.49, 304.21, 0.9956
1: 1449.00, 270.27, 0.9885
2: 1397.25, 278.47, 0.9849
3: 1492.84, 266.25, 0.8536
4: 1361.84, 284.03, 0.7568
5: 1575.89, 395.87, 0.9879
6: 1300.95, 420.01, 0.9910
7: 1747.63, 429.71, 0.9318
8: 1139.40, 469.51, 0.9424
9: 1735.45, 415.63, 0.9290
10: 1180.69, 423.25, 0.9370
11: 1538.54, 845.57, 0.9374
12: 1358.45, 856.68, 0.9427
13: 1568.97, 1019.61, 0.1481
14: 1362.33, 1025.94, 0.1569
15: 1589.24, 1079.47, 0.0121
16: 1345.33, 1080.00, 0.0126

Frame: 870, Person: 0
0: 1426.48, 299.68, 0.9957
1: 1450.26, 267.85, 0.9889
2: 1398.29, 273.93, 0.9848
3: 1494.15, 267.67, 0.8694
4: 1363.31, 280.96, 0.7636
5: 1586.33, 402.08, 0.9897
6: 1288.03, 419.77, 0.9918
7: 1754.40, 452.05, 0.9295
8: 1146.61, 486.02, 0.9354
9: 1751.38, 409.14, 0.9205
10: 1179.98, 423.90, 0.9258
11: 1534.89, 839.44, 0.9414
12: 1342.27, 847.97, 0.9464
13: 1559.49, 1003.84, 0.2037
14: 1349.18, 1008.78, 0.2106
15: 1569.87, 1066.93, 0.0192
16: 1376.62, 1074.56, 0.0195

Frame: 871, Person: 0
0: 1426.19, 297.07, 0.9956
1: 1449.70, 264.35, 0.9887
2: 1397.45, 272.02, 0.9857
3: 1494.51, 265.34, 0.8659
4: 1363.96, 282.05, 0.7651
5: 1583.08, 402.34, 0.9855
6: 1299.16, 422.65, 0.9914
7: 1752.61, 450.80, 0.9041
8: 1144.55, 479.98, 0.9387
9: 1742.98, 421.45, 0.8983
10: 1174.24, 421.74, 0.9252
11: 1538.57, 849.52, 0.9148
12: 1353.97, 858.08, 0.9307
13: 1568.25, 1017.91, 0.1167
14: 1358.43, 1021.39, 0.1385
15: 1582.85, 1078.02, 0.0102
16: 1351.84, 1080.00, 0.0117

Frame: 872, Person: 0
0: 1426.11, 292.46, 0.9958
1: 1451.19, 262.21, 0.9891
2: 1399.11, 267.04, 0.9851
3: 1496.74, 267.49, 0.8817
4: 1367.00, 278.10, 0.7594
5: 1589.24, 407.08, 0.9895
6: 1293.53, 418.90, 0.9929
7: 1759.01, 472.18, 0.9254
8: 1150.88, 494.53, 0.9437
9: 1734.37, 416.38, 0.9189
10: 1176.83, 433.65, 0.9324
11: 1530.80, 839.43, 0.9363
12: 1339.70, 843.93, 0.9463
13: 1560.66, 999.36, 0.1931
14: 1351.72, 995.46, 0.2142
15: 1580.15, 1063.59, 0.0182
16: 1380.81, 1061.47, 0.0199

Frame: 873, Person: 0
0: 1426.61, 291.33, 0.9957
1: 1450.69, 259.25, 0.9891
2: 1397.66, 266.45, 0.9858
3: 1495.98, 263.82, 0.8746
4: 1364.65, 279.76, 0.7674
5: 1584.02, 405.06, 0.9862
6: 1298.04, 423.59, 0.9923
7: 1748.44, 462.97, 0.9080
8: 1142.51, 490.11, 0.9448
9: 1745.09, 427.44, 0.9028
10: 1176.56, 428.16, 0.9314
11: 1537.31, 848.07, 0.9127
12: 1351.27, 856.50, 0.9307
13: 1571.93, 1005.84, 0.1148
14: 1357.76, 1009.71, 0.1400
15: 1586.22, 1067.51, 0.0101
16: 1351.00, 1073.74, 0.0118

Frame: 874, Person: 0
0: 1427.51, 290.77, 0.9958
1: 1451.53, 258.36, 0.9893
2: 1398.18, 266.13, 0.9860
3: 1497.01, 262.91, 0.8763
4: 1365.11, 280.23, 0.7662
5: 1585.15, 405.11, 0.9863
6: 1299.03, 423.63, 0.9923
7: 1750.42, 466.83, 0.9087
8: 1144.02, 492.16, 0.9454
9: 1745.67, 425.67, 0.9048
10: 1177.04, 425.39, 0.9326
11: 1536.10, 848.36, 0.9125
12: 1349.83, 856.52, 0.9307
13: 1570.79, 1007.62, 0.1141
14: 1354.68, 1011.23, 0.1393
15: 1588.56, 1069.70, 0.0098
16: 1348.70, 1077.14, 0.0116

Frame: 875, Person: 0
0: 1428.01, 290.81, 0.9958
1: 1452.11, 258.25, 0.9894
2: 1398.61, 266.25, 0.9858
3: 1498.01, 262.98, 0.8790
4: 1365.62, 280.85, 0.7617
5: 1587.03, 405.27, 0.9868
6: 1298.80, 424.68, 0.9924
7: 1754.04, 468.79, 0.9142
8: 1143.03, 495.46, 0.9467
9: 1744.04, 428.12, 0.9116
10: 1179.69, 427.79, 0.9355
11: 1536.99, 848.45, 0.9146
12: 1348.85, 857.05, 0.9312
13: 1576.89, 1004.96, 0.1159
14: 1356.04, 1008.79, 0.1399
15: 1596.47, 1068.69, 0.0099
16: 1348.53, 1075.75, 0.0115

Frame: 876, Person: 0
0: 1427.87, 290.49, 0.9957
1: 1452.31, 257.68, 0.9897
2: 1398.35, 266.11, 0.9852
3: 1499.41, 262.70, 0.8884
4: 1366.17, 281.59, 0.7478
5: 1589.63, 405.89, 0.9868
6: 1298.70, 426.02, 0.9923
7: 1756.55, 473.49, 0.9146
8: 1139.75, 500.77, 0.9446
9: 1737.25, 425.77, 0.9131
10: 1184.09, 426.46, 0.9344
11: 1537.89, 850.38, 0.9129
12: 1348.32, 859.20, 0.9288
13: 1578.25, 1003.86, 0.1167
14: 1357.91, 1007.27, 0.1392
15: 1598.85, 1067.84, 0.0101
16: 1350.91, 1074.49, 0.0117

Frame: 877, Person: 0
0: 1428.37, 290.13, 0.9956
1: 1452.73, 257.31, 0.9895
2: 1398.81, 265.69, 0.9849
3: 1499.69, 262.49, 0.8852
4: 1366.50, 281.05, 0.7484
5: 1590.76, 406.81, 0.9869
6: 1296.73, 426.09, 0.9919
7: 1756.72, 478.59, 0.9135
8: 1139.64, 506.37, 0.9415
9: 1742.63, 427.00, 0.9103
10: 1193.05, 429.71, 0.9303
11: 1537.69, 854.09, 0.9083
12: 1346.32, 863.05, 0.9237
13: 1578.96, 1002.70, 0.1106
14: 1357.41, 1006.88, 0.1306
15: 1594.69, 1065.45, 0.0097
16: 1349.36, 1074.00, 0.0111

Frame: 878, Person: 0
0: 1429.20, 290.54, 0.9960
1: 1453.44, 256.94, 0.9898
2: 1399.12, 266.44, 0.9864
3: 1500.49, 261.02, 0.8860
4: 1366.99, 282.39, 0.7621
5: 1592.18, 404.81, 0.9873
6: 1299.39, 425.72, 0.9932
7: 1761.76, 480.26, 0.9160
8: 1140.32, 507.28, 0.9518
9: 1738.65, 422.71, 0.9169
10: 1175.22, 435.11, 0.9416
11: 1536.92, 852.24, 0.9133
12: 1346.88, 860.90, 0.9324
13: 1578.61, 1002.62, 0.1150
14: 1358.39, 1004.95, 0.1432
15: 1599.02, 1067.73, 0.0097
16: 1353.10, 1076.10, 0.0116

Frame: 879, Person: 0
0: 1429.43, 289.85, 0.9961
1: 1453.99, 256.28, 0.9899
2: 1399.44, 265.41, 0.9865
3: 1500.91, 261.15, 0.8855
4: 1367.22, 281.81, 0.7614
5: 1591.62, 405.02, 0.9876
6: 1298.88, 426.29, 0.9932
7: 1762.03, 486.50, 0.9188
8: 1140.01, 518.19, 0.9521
9: 1731.10, 422.41, 0.9210
10: 1180.80, 445.98, 0.9426
11: 1533.27, 852.26, 0.9093
12: 1343.21, 860.75, 0.9284
13: 1574.30, 998.84, 0.1122
14: 1354.32, 999.78, 0.1382
15: 1596.13, 1069.63, 0.0093
16: 1347.97, 1075.49, 0.0111

Frame: 880, Person: 0
0: 1430.31, 288.97, 0.9960
1: 1454.33, 254.61, 0.9902
2: 1399.85, 264.49, 0.9853
3: 1501.71, 259.61, 0.8912
4: 1368.59, 281.92, 0.7386
5: 1592.94, 407.09, 0.9880
6: 1303.88, 425.18, 0.9926
7: 1764.25, 503.55, 0.9241
8: 1134.45, 524.95, 0.9487
9: 1728.33, 441.76, 0.9267
10: 1186.98, 447.57, 0.9421
11: 1532.91, 851.15, 0.8986
12: 1345.96, 858.32, 0.9154
13: 1571.19, 984.72, 0.1066
14: 1356.86, 983.92, 0.1259
15: 1594.76, 1058.66, 0.0090
16: 1341.91, 1065.14, 0.0104

Frame: 881, Person: 0
0: 1431.12, 288.18, 0.9960
1: 1455.02, 253.54, 0.9899
2: 1400.40, 263.35, 0.9853
3: 1501.67, 258.49, 0.8872
4: 1368.27, 280.77, 0.7459
5: 1595.66, 408.98, 0.9881
6: 1300.99, 426.89, 0.9926
7: 1757.39, 520.52, 0.9210
8: 1140.27, 536.70, 0.9455
9: 1720.76, 472.69, 0.9200
10: 1186.72, 463.77, 0.9366
11: 1535.08, 852.50, 0.8930
12: 1345.09, 859.71, 0.9100
13: 1570.67, 979.48, 0.1062
14: 1354.22, 980.85, 0.1243
15: 1584.22, 1058.04, 0.0092
16: 1345.20, 1067.22, 0.0106

Frame: 882, Person: 0
0: 1431.24, 286.08, 0.9960
1: 1455.02, 252.02, 0.9901
2: 1400.93, 261.34, 0.9847
3: 1502.07, 258.29, 0.8967
4: 1369.25, 279.56, 0.7326
5: 1601.25, 414.67, 0.9889
6: 1304.14, 425.37, 0.9931
7: 1751.53, 540.31, 0.9241
8: 1150.21, 536.04, 0.9492
9: 1701.34, 503.57, 0.9204
10: 1194.24, 481.90, 0.9377
11: 1542.16, 856.58, 0.9018
12: 1349.86, 859.56, 0.9188
13: 1566.73, 986.01, 0.1130
14: 1346.08, 981.64, 0.1330
15: 1577.28, 1058.10, 0.0098
16: 1341.26, 1065.09, 0.0114

Frame: 882, Person: 1
0: 854.23, 447.20, 0.6833
1: 860.39, 435.55, 0.4962
2: 850.60, 436.46, 0.4352
3: 874.97, 446.29, 0.5045
4: 854.06, 448.40, 0.3776
5: 917.82, 512.05, 0.9227
6: 822.30, 521.18, 0.9477
7: 967.09, 611.43, 0.8237
8: 762.19, 619.41, 0.8699
9: 957.58, 661.57, 0.7562
10: 791.63, 579.65, 0.8081
11: 912.55, 703.12, 0.8145
12: 851.27, 705.28, 0.8391
13: 895.30, 771.06, 0.2580
14: 827.59, 775.15, 0.2894
15: 900.92, 810.19, 0.0591
16: 827.80, 801.82, 0.0671

Frame: 883, Person: 0
0: 1429.29, 282.57, 0.9953
1: 1454.57, 251.51, 0.9864
2: 1401.62, 258.85, 0.9841
3: 1501.19, 261.56, 0.8661
4: 1369.65, 277.15, 0.7502
5: 1595.31, 410.08, 0.9868
6: 1304.73, 419.69, 0.9935
7: 1744.93, 550.39, 0.9197
8: 1148.32, 543.20, 0.9626
9: 1665.16, 546.01, 0.9173
10: 1201.63, 504.87, 0.9500
11: 1542.62, 852.38, 0.9120
12: 1353.92, 853.44, 0.9374
13: 1542.69, 1080.00, 0.1191
14: 1344.52, 1076.84, 0.1575
15: 1549.89, 1080.00, 0.0076
16: 1327.01, 1080.00, 0.0096

Frame: 884, Person: 0
0: 1426.17, 282.15, 0.9956
1: 1452.54, 249.55, 0.9906
2: 1398.58, 256.23, 0.9813
3: 1504.11, 257.03, 0.9167
4: 1370.97, 271.89, 0.6863
5: 1598.62, 414.55, 0.9903
6: 1299.99, 424.88, 0.9932
7: 1712.93, 565.70, 0.9367
8: 1146.99, 557.71, 0.9473
9: 1630.22, 578.40, 0.9244
10: 1218.56, 493.25, 0.9350
11: 1537.91, 862.40, 0.9272
12: 1341.24, 865.94, 0.9349
13: 1576.00, 1018.53, 0.1411
14: 1346.34, 1018.52, 0.1539
15: 1579.96, 1080.00, 0.0120
16: 1331.34, 1080.00, 0.0133

Frame: 885, Person: 0
0: 1422.22, 281.11, 0.9943
1: 1449.45, 250.29, 0.9876
2: 1396.75, 255.45, 0.9766
3: 1502.64, 259.58, 0.9068
4: 1371.90, 270.33, 0.6686
5: 1592.11, 414.87, 0.9870
6: 1301.08, 420.40, 0.9922
7: 1695.93, 578.06, 0.9301
8: 1149.73, 546.40, 0.9547
9: 1615.16, 647.57, 0.9203
10: 1236.06, 497.50, 0.9422
11: 1527.80, 855.58, 0.9211
12: 1334.70, 857.56, 0.9368
13: 1546.61, 1080.00, 0.1326
14: 1332.18, 1080.00, 0.1585
15: 1543.18, 1080.00, 0.0088
16: 1308.24, 1080.00, 0.0104

Frame: 886, Person: 0
0: 1418.24, 281.22, 0.9937
1: 1445.68, 250.53, 0.9879
2: 1394.04, 255.67, 0.9717
3: 1503.22, 258.79, 0.9225
4: 1375.78, 269.44, 0.6338
5: 1592.95, 413.88, 0.9867
6: 1305.44, 422.12, 0.9923
7: 1677.11, 591.04, 0.9289
8: 1157.92, 554.47, 0.9552
9: 1617.09, 695.84, 0.9100
10: 1259.34, 479.28, 0.9384
11: 1528.30, 853.74, 0.9195
12: 1335.96, 858.27, 0.9366
13: 1553.74, 1080.00, 0.1259
14: 1333.55, 1080.00, 0.1546
15: 1541.02, 1080.00, 0.0085
16: 1301.66, 1080.00, 0.0104

Frame: 887, Person: 0
0: 1416.66, 281.57, 0.9943
1: 1444.72, 248.54, 0.9907
2: 1391.37, 255.37, 0.9704
3: 1505.70, 256.42, 0.9350
4: 1373.19, 270.45, 0.5595
5: 1589.68, 423.57, 0.9886
6: 1319.48, 421.39, 0.9906
7: 1660.22, 610.81, 0.9332
8: 1157.07, 546.49, 0.9354
9: 1599.16, 750.78, 0.8923
10: 1255.73, 452.85, 0.9130
11: 1516.72, 868.43, 0.8889
12: 1333.87, 864.32, 0.8923
13: 1553.00, 1010.23, 0.0771
14: 1329.83, 1015.68, 0.0823
15: 1543.55, 1058.12, 0.0068
16: 1265.81, 1063.48, 0.0075

Frame: 888, Person: 0
0: 1415.20, 282.67, 0.9946
1: 1445.71, 250.03, 0.9911
2: 1389.62, 256.08, 0.9717
3: 1509.35, 258.92, 0.9389
4: 1371.80, 270.67, 0.5584
5: 1588.23, 426.81, 0.9890
6: 1321.80, 414.90, 0.9917
7: 1646.46, 627.55, 0.9347
8: 1159.37, 534.60, 0.9444
9: 1587.62, 784.16, 0.8905
10: 1238.94, 437.67, 0.9210
11: 1508.72, 871.34, 0.9057
12: 1329.29, 862.25, 0.9134
13: 1541.92, 1026.01, 0.0875
14: 1327.90, 1027.28, 0.0985
15: 1528.09, 1072.73, 0.0076
16: 1265.09, 1076.64, 0.0088

Frame: 889, Person: 0
0: 1413.78, 283.75, 0.9943
1: 1444.86, 251.85, 0.9908
2: 1389.20, 257.21, 0.9694
3: 1509.20, 260.41, 0.9407
4: 1373.49, 270.33, 0.5420
5: 1587.83, 429.17, 0.9891
6: 1322.44, 411.11, 0.9916
7: 1633.12, 645.27, 0.9346
8: 1168.26, 533.05, 0.9425
9: 1576.01, 807.36, 0.8844
10: 1229.05, 429.74, 0.9157
11: 1505.16, 874.05, 0.9111
12: 1327.63, 862.21, 0.9178
13: 1539.24, 1039.28, 0.0908
14: 1333.60, 1039.27, 0.1015
15: 1520.10, 1080.00, 0.0077
16: 1281.90, 1080.00, 0.0089

Frame: 890, Person: 0
0: 1414.43, 285.78, 0.9943
1: 1445.74, 253.86, 0.9907
2: 1389.85, 259.44, 0.9687
3: 1510.96, 261.59, 0.9421
4: 1375.43, 271.91, 0.5352
5: 1590.16, 431.64, 0.9890
6: 1326.45, 408.03, 0.9919
7: 1628.86, 661.40, 0.9321
8: 1176.07, 529.40, 0.9445
9: 1573.77, 823.07, 0.8783
10: 1224.79, 412.33, 0.9160
11: 1500.53, 876.62, 0.9116
12: 1325.08, 861.28, 0.9209
13: 1524.29, 1041.69, 0.0940
14: 1324.33, 1039.61, 0.1081
15: 1499.81, 1080.00, 0.0081
16: 1275.06, 1080.00, 0.0095

Frame: 891, Person: 0
0: 1416.11, 288.32, 0.9946
1: 1446.44, 256.57, 0.9908
2: 1392.18, 262.23, 0.9716
3: 1511.19, 262.45, 0.9421
4: 1379.03, 273.18, 0.5659
5: 1592.53, 433.37, 0.9890
6: 1330.73, 411.31, 0.9936
7: 1630.45, 664.53, 0.9272
8: 1185.41, 533.31, 0.9544
9: 1576.60, 826.17, 0.8729
10: 1221.82, 415.60, 0.9262
11: 1506.49, 876.35, 0.9219
12: 1332.39, 861.31, 0.9373
13: 1527.95, 1053.22, 0.1063
14: 1328.50, 1051.70, 0.1337
15: 1506.35, 1080.00, 0.0091
16: 1286.16, 1080.00, 0.0115

Frame: 892, Person: 0
0: 1415.57, 289.75, 0.9929
1: 1445.58, 260.53, 0.9888
2: 1394.08, 263.85, 0.9587
3: 1514.22, 266.77, 0.9407
4: 1388.20, 273.87, 0.4804
5: 1598.88, 421.61, 0.9851
6: 1337.04, 418.13, 0.9908
7: 1633.95, 657.56, 0.9236
8: 1202.30, 552.69, 0.9475
9: 1583.06, 853.47, 0.8719
10: 1231.82, 427.56, 0.9127
11: 1513.62, 859.44, 0.9087
12: 1341.33, 852.82, 0.9244
13: 1507.82, 1080.00, 0.1029
14: 1339.66, 1080.00, 0.1250
15: 1460.06, 1080.00, 0.0068
16: 1298.71, 1080.00, 0.0084

Frame: 893, Person: 0
0: 1416.84, 292.12, 0.9939
1: 1448.60, 261.29, 0.9908
2: 1395.83, 263.29, 0.9643
3: 1516.50, 267.34, 0.9452
4: 1385.64, 269.35, 0.4969
5: 1599.39, 437.68, 0.9894
6: 1330.48, 416.17, 0.9914
7: 1644.56, 665.91, 0.9325
8: 1187.94, 555.37, 0.9342
9: 1593.60, 824.53, 0.8791
10: 1243.50, 452.77, 0.9027
11: 1520.15, 879.40, 0.9183
12: 1341.05, 865.38, 0.9216
13: 1544.51, 1051.83, 0.1128
14: 1340.05, 1047.89, 0.1212
15: 1521.14, 1080.00, 0.0101
16: 1301.08, 1080.00, 0.0114

Frame: 894, Person: 0
0: 1416.67, 295.67, 0.9932
1: 1447.85, 264.77, 0.9915
2: 1395.65, 267.20, 0.9528
3: 1518.72, 267.71, 0.9553
4: 1387.89, 270.55, 0.4306
5: 1604.42, 433.15, 0.9918
6: 1332.94, 417.84, 0.9884
7: 1653.98, 656.03, 0.9491
8: 1198.11, 570.36, 0.9035
9: 1608.11, 831.87, 0.8990
10: 1290.70, 471.31, 0.8739
11: 1536.28, 876.87, 0.9306
12: 1354.92, 867.86, 0.9170
13: 1565.38, 1046.76, 0.1426
14: 1356.77, 1051.94, 0.1245
15: 1548.06, 1080.00, 0.0134
16: 1326.31, 1080.00, 0.0127

Frame: 895, Person: 0
0: 1417.27, 298.05, 0.9931
1: 1448.83, 266.87, 0.9912
2: 1396.29, 268.31, 0.9552
3: 1519.05, 268.97, 0.9532
4: 1386.27, 269.73, 0.4612
5: 1605.95, 436.95, 0.9918
6: 1319.41, 423.53, 0.9888
7: 1657.30, 654.13, 0.9474
8: 1188.60, 583.63, 0.9011
9: 1612.38, 833.55, 0.8970
10: 1295.33, 512.34, 0.8691
11: 1533.47, 876.01, 0.9243
12: 1342.30, 869.31, 0.9097
13: 1575.44, 1038.89, 0.1343
14: 1354.51, 1045.70, 0.1174
15: 1557.40, 1080.00, 0.0130
16: 1338.30, 1080.00, 0.0123

Frame: 896, Person: 0
0: 1419.12, 298.66, 0.9942
1: 1450.32, 266.86, 0.9916
2: 1397.38, 268.71, 0.9652
3: 1519.52, 268.53, 0.9518
4: 1387.20, 270.29, 0.5167
5: 1608.02, 438.26, 0.9915
6: 1326.04, 418.88, 0.9920
7: 1661.36, 648.32, 0.9445
8: 1192.40, 568.70, 0.9356
9: 1618.74, 818.22, 0.9001
10: 1276.81, 545.01, 0.9044
11: 1534.67, 880.25, 0.9292
12: 1346.36, 870.24, 0.9300
13: 1576.44, 1036.31, 0.1369
14: 1353.45, 1035.13, 0.1417
15: 1561.11, 1080.00, 0.0133
16: 1337.10, 1080.00, 0.0144

Frame: 897, Person: 0
0: 1419.79, 295.98, 0.9920
1: 1450.47, 267.23, 0.9888
2: 1399.58, 265.55, 0.9486
3: 1519.31, 270.97, 0.9451
4: 1390.70, 267.11, 0.4287
5: 1606.17, 426.74, 0.9894
6: 1328.77, 416.73, 0.9881
7: 1658.39, 633.32, 0.9489
8: 1198.62, 564.89, 0.9273
9: 1614.05, 828.11, 0.9147
10: 1286.23, 538.96, 0.9004
11: 1529.85, 864.16, 0.9432
12: 1345.65, 856.44, 0.9366
13: 1535.47, 1080.00, 0.1667
14: 1351.18, 1080.00, 0.1561
15: 1489.92, 1080.00, 0.0112
16: 1313.28, 1080.00, 0.0114

Frame: 898, Person: 0
0: 1419.27, 294.83, 0.9918
1: 1450.66, 265.91, 0.9882
2: 1398.52, 263.88, 0.9489
3: 1518.60, 270.32, 0.9397
4: 1387.18, 266.23, 0.4422
5: 1602.21, 423.64, 0.9889
6: 1321.89, 423.54, 0.9878
7: 1654.25, 634.01, 0.9463
8: 1203.82, 584.72, 0.9233
9: 1610.19, 828.14, 0.9095
10: 1294.88, 524.39, 0.8955
11: 1525.93, 855.68, 0.9369
12: 1340.35, 852.63, 0.9296
13: 1531.75, 1080.00, 0.1579
14: 1351.68, 1080.00, 0.1474
15: 1480.41, 1080.00, 0.0106
16: 1319.84, 1080.00, 0.0107

Frame: 898, Person: 1
0: 885.95, 441.34, 0.5725
1: 892.79, 427.42, 0.4166
2: 882.47, 428.25, 0.2917
3: 911.95, 443.71, 0.4560
4: 885.25, 445.61, 0.2350
5: 968.40, 529.47, 0.8646
6: 850.63, 543.01, 0.9132
7: 1017.51, 643.62, 0.7275
8: 759.72, 669.30, 0.8017
9: 953.59, 601.65, 0.6949
10: 804.91, 588.02, 0.7527
11: 979.16, 754.32, 0.6220
12: 904.37, 756.17, 0.6712
13: 907.95, 764.51, 0.1360
14: 838.64, 760.45, 0.1555
15: 916.54, 797.10, 0.0320
16: 843.73, 777.13, 0.0371

Frame: 899, Person: 0
0: 1418.25, 292.69, 0.9920
1: 1449.61, 264.17, 0.9879
2: 1397.45, 262.54, 0.9517
3: 1516.35, 269.27, 0.9380
4: 1386.68, 266.47, 0.4627
5: 1601.94, 418.81, 0.9885
6: 1320.73, 423.40, 0.9888
7: 1652.63, 637.63, 0.9421
8: 1205.11, 593.92, 0.9295
9: 1604.70, 830.84, 0.8998
10: 1274.66, 521.77, 0.8970
11: 1523.63, 856.18, 0.9292
12: 1339.05, 854.34, 0.9262
13: 1527.24, 1080.00, 0.1342
14: 1353.26, 1080.00, 0.1329
15: 1466.21, 1080.00, 0.0087
16: 1322.90, 1080.00, 0.0091

Frame: 900, Person: 0
0: 1417.50, 292.91, 0.9920
1: 1448.34, 264.37, 0.9878
2: 1396.53, 263.23, 0.9516
3: 1514.66, 269.10, 0.9385
4: 1385.30, 267.42, 0.4622
5: 1602.56, 418.14, 0.9888
6: 1319.78, 422.86, 0.9891
7: 1654.36, 633.92, 0.9446
8: 1207.61, 588.30, 0.9322
9: 1600.76, 816.40, 0.9061
10: 1279.48, 514.90, 0.9018
11: 1527.29, 853.78, 0.9385
12: 1340.44, 852.40, 0.9356
13: 1536.87, 1080.00, 0.1521
14: 1354.83, 1080.00, 0.1503
15: 1481.20, 1080.00, 0.0097
16: 1325.16, 1080.00, 0.0102

Frame: 901, Person: 0
0: 1417.87, 293.85, 0.9919
1: 1448.11, 265.16, 0.9876
2: 1396.67, 264.18, 0.9521
3: 1514.52, 268.76, 0.9385
4: 1385.04, 267.59, 0.4634
5: 1604.19, 419.40, 0.9882
6: 1320.90, 420.61, 0.9890
7: 1658.00, 636.78, 0.9407
8: 1208.06, 583.03, 0.9317
9: 1586.84, 819.28, 0.9046
10: 1295.70, 518.62, 0.9033
11: 1527.46, 850.80, 0.9351
12: 1340.03, 847.50, 0.9335
13: 1535.81, 1080.00, 0.1502
14: 1355.33, 1080.00, 0.1514
15: 1483.91, 1080.00, 0.0097
16: 1325.41, 1080.00, 0.0104

Frame: 902, Person: 0
0: 1418.90, 296.02, 0.9938
1: 1450.05, 264.84, 0.9908
2: 1396.01, 267.33, 0.9641
3: 1516.67, 266.84, 0.9497
4: 1382.02, 271.67, 0.5213
5: 1605.02, 429.11, 0.9915
6: 1322.76, 421.92, 0.9917
7: 1658.77, 645.95, 0.9411
8: 1208.68, 589.73, 0.9273
9: 1571.98, 790.82, 0.9011
10: 1291.25, 537.42, 0.8974
11: 1524.63, 847.45, 0.9299
12: 1338.26, 839.97, 0.9296
13: 1547.02, 1026.84, 0.1578
14: 1344.04, 1027.61, 0.1596
15: 1516.84, 1080.00, 0.0149
16: 1329.02, 1080.00, 0.0159

Frame: 903, Person: 0
0: 1425.94, 297.11, 0.9918
1: 1455.95, 267.80, 0.9864
2: 1403.38, 267.24, 0.9553
3: 1520.53, 270.12, 0.9306
4: 1387.52, 270.42, 0.4787
5: 1607.57, 419.66, 0.9876
6: 1327.17, 417.51, 0.9895
7: 1662.66, 634.54, 0.9351
8: 1217.54, 580.82, 0.9360
9: 1553.78, 758.63, 0.9140
10: 1304.50, 532.60, 0.9149
11: 1524.93, 827.38, 0.9279
12: 1340.01, 821.24, 0.9300
13: 1523.71, 1064.87, 0.1884
14: 1352.13, 1063.44, 0.1972
15: 1477.82, 1080.00, 0.0148
16: 1331.19, 1080.00, 0.0163

Frame: 904, Person: 0
0: 1430.28, 301.14, 0.9937
1: 1460.22, 269.40, 0.9900
2: 1406.25, 272.31, 0.9664
3: 1523.70, 268.15, 0.9420
4: 1388.31, 275.03, 0.5361
5: 1608.45, 426.56, 0.9906
6: 1328.27, 423.45, 0.9910
7: 1659.87, 633.97, 0.9383
8: 1222.99, 593.51, 0.9232
9: 1536.84, 702.03, 0.9165
10: 1302.13, 541.28, 0.9033
11: 1526.64, 838.28, 0.9387
12: 1340.24, 832.62, 0.9374
13: 1551.00, 1039.79, 0.2022
14: 1346.33, 1036.18, 0.1987
15: 1537.06, 1080.00, 0.0190
16: 1341.93, 1080.00, 0.0197

Frame: 905, Person: 0
0: 1432.83, 303.88, 0.9927
1: 1462.12, 273.55, 0.9866
2: 1409.76, 273.22, 0.9645
3: 1525.45, 271.69, 0.9189
4: 1392.26, 272.22, 0.5239
5: 1610.51, 423.31, 0.9849
6: 1333.05, 415.79, 0.9892
7: 1665.09, 627.22, 0.9250
8: 1230.71, 579.63, 0.9394
9: 1533.85, 667.25, 0.9218
10: 1319.91, 543.01, 0.9284
11: 1534.36, 838.18, 0.9245
12: 1347.09, 831.56, 0.9345
13: 1548.96, 1080.00, 0.1913
14: 1349.16, 1080.00, 0.2135
15: 1540.52, 1080.00, 0.0146
16: 1347.10, 1080.00, 0.0169

Frame: 906, Person: 0
0: 1434.35, 304.66, 0.9930
1: 1463.33, 275.68, 0.9857
2: 1410.97, 273.94, 0.9677
3: 1525.05, 275.80, 0.9098
4: 1391.00, 273.66, 0.5401
5: 1603.61, 423.39, 0.9848
6: 1337.15, 410.66, 0.9917
7: 1655.25, 632.77, 0.9222
8: 1244.15, 579.20, 0.9562
9: 1522.62, 631.91, 0.9251
10: 1345.99, 536.35, 0.9441
11: 1536.39, 821.76, 0.9392
12: 1354.74, 812.14, 0.9519
13: 1549.31, 1078.66, 0.2510
14: 1359.75, 1060.60, 0.3002
15: 1544.43, 1080.00, 0.0207
16: 1348.34, 1080.00, 0.0260

Frame: 907, Person: 0
0: 1431.60, 306.59, 0.9934
1: 1459.89, 276.08, 0.9853
2: 1407.48, 275.48, 0.9723
3: 1521.32, 273.61, 0.8964
4: 1387.54, 273.32, 0.5953
5: 1602.32, 425.39, 0.9823
6: 1337.83, 410.49, 0.9916
7: 1660.68, 630.02, 0.9048
8: 1246.73, 579.23, 0.9568
9: 1524.98, 600.68, 0.9178
10: 1367.86, 525.88, 0.9481
11: 1536.12, 817.63, 0.9165
12: 1355.73, 807.92, 0.9420
13: 1543.21, 1072.59, 0.2117
14: 1347.56, 1053.39, 0.2788
15: 1550.52, 1080.00, 0.0176
16: 1345.84, 1080.00, 0.0235

Frame: 908, Person: 0
0: 1427.45, 307.79, 0.9933
1: 1454.79, 277.28, 0.9844
2: 1403.24, 277.38, 0.9721
3: 1515.28, 274.19, 0.8906
4: 1383.58, 275.49, 0.6025
5: 1601.06, 424.04, 0.9825
6: 1335.75, 410.75, 0.9918
7: 1658.43, 629.85, 0.9039
8: 1261.56, 581.96, 0.9584
9: 1523.85, 580.49, 0.9171
10: 1390.40, 516.58, 0.9487
11: 1539.35, 818.62, 0.9215
12: 1358.48, 809.48, 0.9466
13: 1540.63, 1080.00, 0.2167
14: 1347.95, 1064.40, 0.2891
15: 1541.13, 1080.00, 0.0173
16: 1350.56, 1080.00, 0.0234

Frame: 909, Person: 0
0: 1420.99, 307.15, 0.9930
1: 1448.36, 276.78, 0.9847
2: 1396.84, 277.83, 0.9698
3: 1509.82, 274.68, 0.8992
4: 1379.00, 278.09, 0.5779
5: 1598.73, 419.73, 0.9826
6: 1335.90, 412.69, 0.9913
7: 1659.94, 621.57, 0.9074
8: 1271.41, 582.72, 0.9565
9: 1530.26, 573.82, 0.9185
10: 1402.06, 504.75, 0.9464
11: 1544.84, 814.48, 0.9243
12: 1365.27, 807.86, 0.9470
13: 1543.82, 1080.00, 0.2223
14: 1351.31, 1067.90, 0.2904
15: 1543.05, 1080.00, 0.0176
16: 1352.78, 1080.00, 0.0235

Frame: 910, Person: 0
0: 1413.70, 307.16, 0.9930
1: 1443.46, 275.15, 0.9892
2: 1389.66, 277.80, 0.9623
3: 1508.26, 273.37, 0.9414
4: 1374.44, 279.32, 0.4888
5: 1597.12, 421.95, 0.9897
6: 1332.18, 422.45, 0.9903
7: 1659.78, 617.92, 0.9383
8: 1276.26, 599.28, 0.9282
9: 1531.39, 566.24, 0.9373
10: 1407.78, 502.69, 0.9228
11: 1545.95, 826.40, 0.9485
12: 1366.70, 823.47, 0.9482
13: 1569.61, 1019.23, 0.2942
14: 1373.06, 1010.18, 0.2960
15: 1574.12, 1080.00, 0.0312
16: 1383.12, 1080.00, 0.0336

Frame: 911, Person: 0
0: 1414.77, 306.39, 0.9926
1: 1442.45, 276.63, 0.9844
2: 1389.56, 277.24, 0.9654
3: 1503.01, 276.28, 0.9010
4: 1367.83, 279.38, 0.5158
5: 1590.76, 414.39, 0.9847
6: 1327.57, 410.58, 0.9902
7: 1660.67, 618.78, 0.9248
8: 1274.46, 584.55, 0.9527
9: 1524.70, 563.81, 0.9306
10: 1403.43, 505.56, 0.9420
11: 1542.60, 811.20, 0.9408
12: 1362.51, 804.87, 0.9508
13: 1543.85, 1075.51, 0.2655
14: 1360.15, 1059.28, 0.3075
15: 1536.45, 1080.00, 0.0212
16: 1350.69, 1080.00, 0.0259

Frame: 912, Person: 0
0: 1414.96, 307.22, 0.9928
1: 1441.81, 276.53, 0.9843
2: 1388.65, 278.06, 0.9672
3: 1501.52, 274.44, 0.8945
4: 1365.75, 280.01, 0.5318
5: 1588.37, 413.98, 0.9844
6: 1326.44, 411.29, 0.9905
7: 1654.87, 623.38, 0.9228
8: 1268.09, 589.83, 0.9540
9: 1516.99, 558.22, 0.9307
10: 1394.12, 503.51, 0.9448
11: 1540.28, 810.90, 0.9404
12: 1361.56, 805.52, 0.9516
13: 1543.82, 1079.17, 0.2691
14: 1363.56, 1064.50, 0.3161
15: 1538.45, 1080.00, 0.0214
16: 1353.80, 1080.00, 0.0263

Frame: 913, Person: 0
0: 1415.47, 306.96, 0.9928
1: 1441.35, 276.08, 0.9838
2: 1389.05, 278.04, 0.9685
3: 1499.89, 273.10, 0.8870
4: 1366.48, 279.79, 0.5490
5: 1584.65, 414.20, 0.9829
6: 1327.19, 410.51, 0.9903
7: 1648.25, 625.97, 0.9154
8: 1257.16, 589.96, 0.9536
9: 1510.89, 563.81, 0.9250
10: 1373.21, 509.40, 0.9444
11: 1534.55, 809.60, 0.9294
12: 1359.25, 804.08, 0.9446
13: 1542.17, 1077.31, 0.2314
14: 1365.23, 1062.65, 0.2816
15: 1539.88, 1080.00, 0.0177
16: 1352.65, 1080.00, 0.0223

Frame: 914, Person: 0
0: 1412.06, 308.26, 0.9933
1: 1439.26, 274.50, 0.9881
2: 1385.68, 279.30, 0.9665
3: 1497.57, 270.24, 0.9194
4: 1364.14, 281.39, 0.5370
5: 1579.00, 420.30, 0.9899
6: 1322.84, 422.80, 0.9887
7: 1643.69, 618.49, 0.9425
8: 1248.87, 600.65, 0.9169
9: 1500.90, 565.47, 0.9419
10: 1353.88, 514.13, 0.9189
11: 1528.37, 822.26, 0.9456
12: 1355.48, 821.62, 0.9400
13: 1568.60, 1022.76, 0.2883
14: 1378.07, 1015.58, 0.2695
15: 1582.30, 1080.00, 0.0290
16: 1381.36, 1080.00, 0.0286

Frame: 915, Person: 0
0: 1410.47, 310.32, 0.9939
1: 1437.26, 276.31, 0.9882
2: 1383.51, 281.68, 0.9711
3: 1494.75, 271.63, 0.9143
4: 1361.08, 284.08, 0.5808
5: 1576.68, 420.64, 0.9897
6: 1320.95, 424.53, 0.9905
7: 1645.37, 615.97, 0.9383
8: 1248.10, 600.07, 0.9313
9: 1506.09, 566.72, 0.9388
10: 1355.43, 513.98, 0.9294
11: 1526.55, 824.28, 0.9470
12: 1353.91, 823.91, 0.9473
13: 1563.55, 1029.97, 0.2814
14: 1372.40, 1023.33, 0.2837
15: 1575.40, 1080.00, 0.0276
16: 1372.14, 1080.00, 0.0291

Frame: 916, Person: 0
0: 1408.73, 311.36, 0.9933
1: 1434.13, 280.18, 0.9839
2: 1381.51, 283.42, 0.9720
3: 1491.28, 276.55, 0.8807
4: 1357.86, 285.97, 0.5850
5: 1576.83, 413.10, 0.9831
6: 1320.65, 412.64, 0.9910
7: 1650.54, 619.13, 0.9149
8: 1251.03, 586.98, 0.9577
9: 1517.15, 566.87, 0.9233
10: 1357.38, 512.39, 0.9473
11: 1528.40, 811.39, 0.9305
12: 1354.10, 806.99, 0.9476
13: 1539.40, 1075.98, 0.2247
14: 1358.23, 1062.61, 0.2827
15: 1539.65, 1080.00, 0.0171
16: 1343.34, 1080.00, 0.0221

Frame: 917, Person: 0
0: 1410.19, 312.58, 0.9932
1: 1434.65, 280.74, 0.9826
2: 1382.05, 285.09, 0.9726
3: 1489.41, 275.89, 0.8621
4: 1356.05, 287.68, 0.6048
5: 1573.96, 411.06, 0.9839
6: 1319.47, 414.02, 0.9906
7: 1657.27, 612.54, 0.9176
8: 1252.55, 590.30, 0.9548
9: 1539.73, 554.02, 0.9227
10: 1351.68, 514.10, 0.9434
11: 1526.31, 811.71, 0.9276
12: 1354.46, 808.91, 0.9432
13: 1534.46, 1066.52, 0.2159
14: 1359.43, 1055.70, 0.2646
15: 1532.91, 1080.00, 0.0165
16: 1346.55, 1080.00, 0.0205

Frame: 918, Person: 0
0: 1411.67, 311.82, 0.9937
1: 1435.51, 278.95, 0.9827
2: 1384.05, 284.73, 0.9761
3: 1490.26, 272.84, 0.8520
4: 1360.46, 286.87, 0.6555
5: 1579.32, 414.51, 0.9833
6: 1321.72, 412.25, 0.9912
7: 1659.92, 614.46, 0.9090
8: 1246.11, 586.38, 0.9573
9: 1553.25, 532.61, 0.9154
10: 1339.49, 514.17, 0.9458
11: 1529.90, 817.39, 0.9118
12: 1355.81, 813.34, 0.9375
13: 1536.22, 1071.80, 0.1777
14: 1345.96, 1059.68, 0.2347
15: 1545.81, 1080.00, 0.0130
16: 1347.43, 1080.00, 0.0169

Frame: 919, Person: 0
0: 1417.16, 314.18, 0.9937
1: 1441.11, 281.03, 0.9820
2: 1389.29, 286.20, 0.9753
3: 1494.34, 274.12, 0.8381
4: 1363.17, 286.25, 0.6474
5: 1582.31, 419.16, 0.9853
6: 1321.39, 408.87, 0.9895
7: 1673.46, 617.07, 0.9208
8: 1243.55, 582.43, 0.9478
9: 1585.06, 508.90, 0.9231
10: 1326.41, 523.10, 0.9363
11: 1527.12, 831.14, 0.9157
12: 1351.48, 823.73, 0.9311
13: 1534.62, 1080.00, 0.1748
14: 1342.32, 1065.58, 0.2060
15: 1549.89, 1080.00, 0.0123
16: 1348.54, 1080.00, 0.0143

Frame: 920, Person: 0
0: 1422.88, 315.58, 0.9937
1: 1447.01, 282.57, 0.9811
2: 1395.11, 286.45, 0.9754
3: 1498.30, 274.62, 0.8072
4: 1365.76, 283.47, 0.6427
5: 1579.91, 418.92, 0.9865
6: 1321.56, 406.07, 0.9869
7: 1685.84, 615.06, 0.9314
8: 1241.74, 588.66, 0.9341
9: 1609.06, 495.80, 0.9332
10: 1319.87, 539.77, 0.9267
11: 1519.25, 836.68, 0.9226
12: 1346.53, 828.12, 0.9260
13: 1526.10, 1080.00, 0.1940
14: 1343.66, 1076.03, 0.1998
15: 1549.73, 1080.00, 0.0134
16: 1352.96, 1080.00, 0.0137

Frame: 921, Person: 0
0: 1436.24, 317.05, 0.9941
1: 1460.42, 284.87, 0.9786
2: 1407.94, 287.90, 0.9793
3: 1509.23, 274.53, 0.7461
4: 1374.71, 281.43, 0.6952
5: 1583.08, 409.40, 0.9868
6: 1325.58, 394.63, 0.9874
7: 1690.97, 605.89, 0.9321
8: 1244.89, 590.76, 0.9385
9: 1624.03, 466.49, 0.9315
10: 1315.80, 554.27, 0.9278
11: 1514.39, 832.37, 0.9259
12: 1343.10, 822.47, 0.9299
13: 1518.01, 1080.00, 0.1929
14: 1340.46, 1074.63, 0.1998
15: 1542.01, 1080.00, 0.0129
16: 1350.73, 1080.00, 0.0130

Frame: 922, Person: 0
0: 1448.31, 319.56, 0.9943
1: 1472.27, 287.10, 0.9766
2: 1420.31, 288.61, 0.9818
3: 1518.52, 276.36, 0.6931
4: 1383.50, 279.50, 0.7357
5: 1589.04, 417.81, 0.9860
6: 1324.78, 398.91, 0.9877
7: 1691.37, 604.37, 0.9241
8: 1238.83, 596.09, 0.9382
9: 1639.02, 439.19, 0.9260
10: 1306.82, 566.59, 0.9279
11: 1516.28, 837.88, 0.9121
12: 1340.32, 827.01, 0.9195
13: 1521.75, 1080.00, 0.1693
14: 1336.06, 1067.46, 0.1793
15: 1541.55, 1080.00, 0.0114
16: 1349.33, 1080.00, 0.0115

Frame: 923, Person: 0
0: 1462.00, 321.66, 0.9943
1: 1486.85, 290.40, 0.9743
2: 1435.22, 290.02, 0.9833
3: 1529.98, 283.46, 0.6501
4: 1395.66, 281.62, 0.7625
5: 1593.65, 427.70, 0.9849
6: 1327.39, 403.73, 0.9869
7: 1695.58, 602.16, 0.9174
8: 1236.95, 596.17, 0.9349
9: 1648.78, 419.66, 0.9180
10: 1299.55, 570.65, 0.9223
11: 1511.58, 849.08, 0.8857
12: 1333.42, 835.90, 0.8955
13: 1521.73, 1080.00, 0.1232
14: 1327.79, 1054.85, 0.1309
15: 1542.56, 1080.00, 0.0082
16: 1341.37, 1080.00, 0.0081

Frame: 924, Person: 0
0: 1470.33, 324.78, 0.9941
1: 1495.13, 293.55, 0.9751
2: 1443.52, 292.59, 0.9821
3: 1539.47, 284.66, 0.6671
4: 1404.32, 281.88, 0.7479
5: 1603.01, 429.78, 0.9855
6: 1329.91, 401.92, 0.9864
7: 1700.02, 604.44, 0.9225
8: 1229.39, 591.75, 0.9312
9: 1661.55, 422.67, 0.9227
10: 1294.90, 570.58, 0.9196
11: 1511.50, 847.53, 0.8949
12: 1328.34, 833.37, 0.8992
13: 1526.73, 1080.00, 0.1364
14: 1322.13, 1056.73, 0.1384
15: 1548.29, 1080.00, 0.0091
16: 1333.97, 1080.00, 0.0088

Frame: 925, Person: 0
0: 1481.23, 323.62, 0.9938
1: 1506.12, 293.38, 0.9737
2: 1455.12, 291.97, 0.9816
3: 1548.33, 287.37, 0.6547
4: 1415.07, 283.15, 0.7557
5: 1609.94, 434.42, 0.9852
6: 1331.12, 404.62, 0.9858
7: 1702.51, 615.38, 0.9204
8: 1224.87, 593.05, 0.9266
9: 1670.94, 431.00, 0.9182
10: 1290.64, 547.04, 0.9136
11: 1512.42, 853.67, 0.8877
12: 1326.03, 839.70, 0.8901
13: 1529.28, 1080.00, 0.1208
14: 1322.30, 1065.10, 0.1198
15: 1546.12, 1080.00, 0.0078
16: 1334.17, 1080.00, 0.0073

Frame: 926, Person: 0
0: 1488.44, 323.81, 0.9939
1: 1514.58, 293.68, 0.9727
2: 1462.46, 291.05, 0.9822
3: 1554.99, 290.54, 0.6225
4: 1419.52, 283.03, 0.7592
5: 1609.84, 440.57, 0.9839
6: 1335.90, 408.63, 0.9842
7: 1705.22, 624.45, 0.9147
8: 1228.00, 589.55, 0.9189
9: 1673.39, 435.77, 0.9114
10: 1276.44, 509.66, 0.9065
11: 1511.21, 862.38, 0.8644
12: 1327.50, 847.16, 0.8648
13: 1525.38, 1080.00, 0.0984
14: 1319.93, 1060.85, 0.0951
15: 1541.76, 1080.00, 0.0063
16: 1325.36, 1080.00, 0.0058

Frame: 927, Person: 0
0: 1491.89, 321.78, 0.9940
1: 1517.90, 291.21, 0.9739
2: 1464.85, 289.79, 0.9826
3: 1558.41, 288.81, 0.6315
4: 1421.22, 283.82, 0.7580
5: 1612.80, 440.89, 0.9843
6: 1339.19, 404.99, 0.9846
7: 1705.59, 631.93, 0.9176
8: 1224.09, 579.05, 0.9230
9: 1675.55, 439.17, 0.9123
10: 1268.35, 489.83, 0.9093
11: 1513.95, 866.29, 0.8747
12: 1328.72, 849.87, 0.8750
13: 1535.38, 1080.00, 0.1008
14: 1316.22, 1067.72, 0.0976
15: 1558.86, 1080.00, 0.0064
16: 1312.83, 1080.00, 0.0058

Frame: 928, Person: 0
0: 1493.14, 319.61, 0.9950
1: 1518.97, 288.51, 0.9748
2: 1465.36, 287.82, 0.9868
3: 1557.75, 287.85, 0.6098
4: 1420.62, 284.48, 0.8102
5: 1608.89, 440.94, 0.9830
6: 1339.39, 408.64, 0.9895
7: 1705.54, 636.34, 0.9048
8: 1216.97, 574.46, 0.9493
9: 1676.30, 445.39, 0.9055
10: 1257.21, 436.47, 0.9358
11: 1510.58, 864.25, 0.8661
12: 1328.22, 849.79, 0.8916
13: 1531.30, 1080.00, 0.0934
14: 1313.70, 1063.68, 0.1105
15: 1554.52, 1080.00, 0.0058
16: 1301.85, 1080.00, 0.0062

Frame: 929, Person: 0
0: 1488.60, 318.24, 0.9952
1: 1514.87, 287.55, 0.9778
2: 1461.48, 286.80, 0.9862
3: 1555.59, 288.32, 0.6744
4: 1420.49, 285.08, 0.7844
5: 1610.86, 444.83, 0.9831
6: 1344.47, 405.39, 0.9903
7: 1704.72, 642.28, 0.9061
8: 1213.04, 556.92, 0.9540
9: 1674.02, 439.33, 0.9065
10: 1222.74, 420.75, 0.9392
11: 1514.20, 865.72, 0.8684
12: 1333.52, 847.31, 0.8973
13: 1536.04, 1080.00, 0.0911
14: 1313.75, 1059.72, 0.1114
15: 1566.43, 1080.00, 0.0055
16: 1302.98, 1080.00, 0.0062

Frame: 930, Person: 0
0: 1485.64, 316.89, 0.9952
1: 1510.85, 285.37, 0.9780
2: 1457.83, 286.29, 0.9864
3: 1551.34, 285.39, 0.6815
4: 1417.11, 285.79, 0.7867
5: 1609.28, 446.23, 0.9822
6: 1341.35, 404.99, 0.9906
7: 1697.49, 645.43, 0.9000
8: 1203.52, 548.34, 0.9556
9: 1671.67, 440.48, 0.9002
10: 1206.31, 417.74, 0.9402
11: 1520.60, 867.11, 0.8562
12: 1338.70, 849.45, 0.8916
13: 1552.98, 1080.00, 0.0817
14: 1324.15, 1053.42, 0.1039
15: 1589.79, 1080.00, 0.0051
16: 1319.53, 1080.00, 0.0059

Frame: 931, Person: 0
0: 1478.88, 315.72, 0.9953
1: 1503.41, 283.81, 0.9778
2: 1451.10, 285.21, 0.9868
3: 1542.94, 283.25, 0.6703
4: 1409.65, 284.56, 0.7945
5: 1604.31, 443.88, 0.9814
6: 1333.01, 405.59, 0.9907
7: 1698.62, 644.25, 0.8929
8: 1187.54, 545.20, 0.9555
9: 1670.75, 449.46, 0.8918
10: 1187.55, 401.32, 0.9393
11: 1522.32, 863.54, 0.8287
12: 1339.35, 847.41, 0.8735
13: 1546.96, 1069.11, 0.0668
14: 1320.54, 1041.23, 0.0872
15: 1581.83, 1080.00, 0.0042
16: 1317.14, 1080.00, 0.0049

Frame: 932, Person: 0
0: 1472.46, 315.24, 0.9954
1: 1495.86, 283.07, 0.9770
2: 1445.04, 284.74, 0.9874
3: 1533.64, 281.61, 0.6373
4: 1402.45, 283.28, 0.8072
5: 1598.59, 440.25, 0.9822
6: 1326.73, 406.99, 0.9906
7: 1699.25, 638.76, 0.8957
8: 1183.75, 550.27, 0.9544
9: 1672.22, 448.84, 0.8930
10: 1179.75, 401.98, 0.9389
11: 1527.01, 858.06, 0.8323
12: 1343.55, 844.10, 0.8738
13: 1547.61, 1069.33, 0.0687
14: 1319.39, 1044.38, 0.0872
15: 1581.11, 1080.00, 0.0042
16: 1313.93, 1080.00, 0.0047

Frame: 933, Person: 0
0: 1466.63, 314.55, 0.9964
1: 1491.38, 280.08, 0.9846
2: 1438.45, 282.00, 0.9893
3: 1529.53, 277.45, 0.7465
4: 1397.59, 280.10, 0.8309
5: 1596.63, 444.02, 0.9860
6: 1318.76, 421.62, 0.9934
7: 1697.29, 626.19, 0.8958
8: 1176.24, 564.03, 0.9518
9: 1689.05, 462.09, 0.9031
10: 1173.03, 398.36, 0.9454
11: 1523.32, 863.59, 0.8542
12: 1341.27, 854.84, 0.8905
13: 1546.78, 1001.50, 0.0841
14: 1328.02, 986.39, 0.1064
15: 1570.85, 1044.98, 0.0063
16: 1336.95, 1050.99, 0.0073

Frame: 934, Person: 0
0: 1460.40, 313.24, 0.9955
1: 1483.09, 279.61, 0.9778
2: 1431.81, 283.36, 0.9877
3: 1521.09, 278.05, 0.6401
4: 1389.18, 284.51, 0.8156
5: 1590.97, 436.30, 0.9819
6: 1317.79, 417.46, 0.9907
7: 1704.38, 625.32, 0.8911
8: 1179.36, 565.07, 0.9536
9: 1690.17, 452.12, 0.8877
10: 1179.72, 408.10, 0.9384
11: 1532.57, 859.10, 0.8170
12: 1349.36, 851.96, 0.8641
13: 1553.04, 1067.49, 0.0595
14: 1328.51, 1053.04, 0.0776
15: 1579.76, 1080.00, 0.0036
16: 1319.66, 1080.00, 0.0041

Frame: 935, Person: 0
0: 1453.91, 313.24, 0.9954
1: 1475.30, 279.64, 0.9773
2: 1425.84, 284.67, 0.9873
3: 1512.89, 276.77, 0.6381
4: 1385.01, 286.25, 0.8144
5: 1588.51, 429.19, 0.9822
6: 1314.48, 419.47, 0.9906
7: 1711.51, 610.61, 0.8946
8: 1183.10, 566.36, 0.9533
9: 1695.58, 451.06, 0.8880
10: 1184.81, 405.14, 0.9369
11: 1532.39, 859.17, 0.8220
12: 1348.89, 855.33, 0.8666
13: 1550.60, 1073.32, 0.0566
14: 1327.43, 1064.28, 0.0734
15: 1572.39, 1080.00, 0.0032
16: 1317.19, 1080.00, 0.0037

Frame: 936, Person: 0
0: 1447.27, 311.77, 0.9956
1: 1469.66, 277.72, 0.9778
2: 1418.46, 282.93, 0.9877
3: 1508.36, 275.31, 0.6425
4: 1377.03, 285.18, 0.8157
5: 1585.26, 427.25, 0.9824
6: 1310.08, 419.66, 0.9907
7: 1713.70, 607.48, 0.8938
8: 1185.25, 573.07, 0.9534
9: 1696.50, 441.58, 0.8905
10: 1185.89, 419.42, 0.9382
11: 1533.25, 858.28, 0.8268
12: 1350.61, 854.82, 0.8716
13: 1546.91, 1079.69, 0.0592
14: 1334.25, 1069.27, 0.0777
15: 1566.87, 1080.00, 0.0033
16: 1330.82, 1080.00, 0.0039

Frame: 937, Person: 0
0: 1440.20, 312.29, 0.9960
1: 1463.93, 276.10, 0.9812
2: 1410.29, 283.13, 0.9884
3: 1503.32, 273.65, 0.7007
4: 1370.42, 288.13, 0.8253
5: 1584.31, 427.39, 0.9846
6: 1300.89, 435.03, 0.9926
7: 1723.52, 604.44, 0.8897
8: 1188.97, 601.97, 0.9521
9: 1721.40, 441.08, 0.8925
10: 1183.57, 426.12, 0.9396
11: 1524.61, 866.93, 0.8240
12: 1341.14, 869.04, 0.8718
13: 1534.05, 1039.13, 0.0564
14: 1330.02, 1038.31, 0.0762
15: 1536.35, 1080.00, 0.0035
16: 1335.51, 1080.00, 0.0042

Frame: 938, Person: 0
0: 1434.47, 311.59, 0.9961
1: 1457.94, 275.23, 0.9816
2: 1404.77, 282.26, 0.9884
3: 1496.84, 272.59, 0.6968
4: 1365.04, 287.07, 0.8229
5: 1579.81, 424.73, 0.9852
6: 1297.11, 436.44, 0.9923
7: 1723.10, 596.92, 0.8949
8: 1190.33, 608.24, 0.9499
9: 1724.32, 424.79, 0.8958
10: 1180.48, 432.16, 0.9374
11: 1526.77, 872.98, 0.8257
12: 1343.66, 876.63, 0.8690
13: 1533.22, 1045.24, 0.0548
14: 1329.68, 1045.59, 0.0715
15: 1535.22, 1080.00, 0.0033
16: 1336.60, 1080.00, 0.0038

Frame: 939, Person: 0
0: 1427.29, 309.23, 0.9961
1: 1451.16, 274.12, 0.9805
2: 1399.40, 279.29, 0.9887
3: 1489.08, 273.14, 0.6723
4: 1359.66, 282.89, 0.8305
5: 1576.76, 422.99, 0.9856
6: 1289.48, 436.86, 0.9924
7: 1726.40, 594.22, 0.8922
8: 1192.64, 618.29, 0.9491
9: 1729.43, 419.43, 0.8913
10: 1179.77, 439.76, 0.9350
11: 1529.55, 865.79, 0.8164
12: 1344.07, 869.66, 0.8627
13: 1526.78, 1042.72, 0.0508
14: 1326.05, 1042.60, 0.0666
15: 1518.87, 1080.00, 0.0029
16: 1335.46, 1080.00, 0.0034

Frame: 940, Person: 0
0: 1422.73, 306.08, 0.9960
1: 1447.27, 271.56, 0.9815
2: 1394.97, 276.60, 0.9881
3: 1486.12, 273.59, 0.7055
4: 1356.70, 283.29, 0.8197
5: 1574.27, 423.73, 0.9852
6: 1289.38, 439.81, 0.9924
7: 1724.97, 592.42, 0.8912
8: 1193.78, 621.02, 0.9493
9: 1730.99, 424.81, 0.8895
10: 1181.46, 443.08, 0.9343
11: 1529.55, 863.63, 0.8126
12: 1345.18, 868.23, 0.8612
13: 1527.03, 1041.24, 0.0493
14: 1324.34, 1042.17, 0.0655
15: 1519.74, 1080.00, 0.0029
16: 1330.21, 1080.00, 0.0034

Frame: 941, Person: 0
0: 1420.53, 301.82, 0.9960
1: 1445.12, 267.37, 0.9829
2: 1392.40, 273.39, 0.9877
3: 1485.10, 270.71, 0.7400
4: 1355.73, 283.11, 0.8074
5: 1573.06, 421.61, 0.9854
6: 1289.62, 439.25, 0.9924
7: 1722.47, 590.13, 0.8957
8: 1192.20, 618.60, 0.9502
9: 1724.84, 427.64, 0.8935
10: 1179.28, 445.04, 0.9349
11: 1524.29, 864.15, 0.8245
12: 1340.03, 869.18, 0.8696
13: 1527.71, 1045.54, 0.0523
14: 1319.28, 1047.23, 0.0692
15: 1527.11, 1080.00, 0.0030
16: 1324.12, 1080.00, 0.0036

Frame: 942, Person: 0
0: 1419.86, 300.50, 0.9962
1: 1444.10, 264.53, 0.9862
2: 1390.27, 270.94, 0.9873
3: 1485.35, 266.44, 0.7996
4: 1354.71, 280.13, 0.7950
5: 1576.26, 426.24, 0.9867
6: 1290.08, 440.12, 0.9929
7: 1717.66, 593.52, 0.8971
8: 1187.14, 610.92, 0.9447
9: 1722.39, 434.85, 0.8987
10: 1183.79, 438.80, 0.9337
11: 1528.90, 862.38, 0.8144
12: 1343.58, 867.26, 0.8558
13: 1545.85, 977.86, 0.0590
14: 1328.30, 979.90, 0.0752
15: 1547.87, 1033.32, 0.0044
16: 1337.86, 1044.76, 0.0051

Frame: 943, Person: 0
0: 1419.58, 298.38, 0.9962
1: 1444.46, 263.21, 0.9865
2: 1390.00, 268.95, 0.9873
3: 1485.65, 267.56, 0.8067
4: 1354.05, 279.87, 0.7956
5: 1574.42, 427.23, 0.9869
6: 1290.14, 440.59, 0.9930
7: 1715.21, 592.46, 0.8988
8: 1185.95, 609.78, 0.9447
9: 1717.37, 438.54, 0.8997
10: 1183.01, 440.08, 0.9336
11: 1527.74, 863.61, 0.8229
12: 1343.64, 868.11, 0.8620
13: 1542.65, 983.15, 0.0617
14: 1327.63, 984.11, 0.0780
15: 1546.23, 1040.72, 0.0045
16: 1336.32, 1049.12, 0.0053

Frame: 944, Person: 0
0: 1418.29, 296.98, 0.9961
1: 1443.50, 262.07, 0.9872
2: 1388.61, 268.15, 0.9868
3: 1486.01, 267.59, 0.8267
4: 1354.20, 280.82, 0.7848
5: 1574.35, 428.22, 0.9870
6: 1291.58, 440.90, 0.9931
7: 1710.94, 592.35, 0.9003
8: 1185.14, 606.99, 0.9461
9: 1714.47, 436.92, 0.9016
10: 1183.20, 439.34, 0.9349
11: 1526.88, 863.97, 0.8362
12: 1343.63, 868.38, 0.8737
13: 1544.31, 989.30, 0.0674
14: 1329.46, 990.33, 0.0857
15: 1550.01, 1047.19, 0.0050
16: 1337.77, 1057.89, 0.0059

Frame: 945, Person: 0
0: 1419.05, 296.37, 0.9961
1: 1443.86, 261.61, 0.9871
2: 1389.06, 268.11, 0.9870
3: 1485.79, 267.51, 0.8242
4: 1354.07, 281.76, 0.7886
5: 1574.17, 428.22, 0.9869
6: 1290.97, 440.09, 0.9931
7: 1710.16, 590.26, 0.8996
8: 1182.57, 602.39, 0.9460
9: 1713.77, 432.38, 0.9012
10: 1183.01, 435.29, 0.9350
11: 1526.68, 863.04, 0.8379
12: 1343.42, 867.27, 0.8752
13: 1542.57, 991.31, 0.0675
14: 1329.13, 992.16, 0.0858
15: 1549.17, 1048.42, 0.0050
16: 1338.88, 1060.84, 0.0059

Frame: 946, Person: 0
0: 1419.64, 294.73, 0.9961
1: 1444.59, 260.46, 0.9872
2: 1389.43, 267.01, 0.9868
3: 1486.49, 267.98, 0.8298
4: 1354.37, 282.47, 0.7868
5: 1574.35, 428.60, 0.9871
6: 1291.68, 439.81, 0.9932
7: 1708.42, 589.94, 0.9019
8: 1182.47, 600.36, 0.9472
9: 1712.92, 431.12, 0.9025
10: 1183.33, 434.16, 0.9357
11: 1527.13, 863.79, 0.8436
12: 1344.26, 867.76, 0.8798
13: 1541.75, 991.51, 0.0692
14: 1328.85, 991.98, 0.0880
15: 1548.54, 1048.35, 0.0051
16: 1338.45, 1061.29, 0.0060

Frame: 947, Person: 0
0: 1418.32, 294.08, 0.9961
1: 1443.90, 260.32, 0.9875
2: 1388.97, 265.99, 0.9865
3: 1486.63, 268.31, 0.8396
4: 1355.21, 280.71, 0.7786
5: 1574.34, 428.79, 0.9873
6: 1291.83, 438.92, 0.9933
7: 1708.52, 589.42, 0.9036
8: 1182.48, 600.05, 0.9477
9: 1713.04, 430.56, 0.9043
10: 1183.19, 435.05, 0.9359
11: 1526.15, 863.85, 0.8503
12: 1343.30, 867.15, 0.8850
13: 1540.11, 995.87, 0.0727
14: 1327.82, 995.04, 0.0920
15: 1548.27, 1054.88, 0.0053
16: 1338.76, 1064.89, 0.0063

Frame: 948, Person: 0
0: 1418.85, 292.75, 0.9960
1: 1444.56, 258.93, 0.9876
2: 1389.35, 264.85, 0.9861
3: 1487.75, 267.40, 0.8447
4: 1355.83, 280.46, 0.7734
5: 1575.79, 428.96, 0.9869
6: 1291.65, 439.56, 0.9931
7: 1709.85, 589.91, 0.9004
8: 1180.51, 600.32, 0.9458
9: 1713.24, 430.98, 0.9016
10: 1183.30, 432.67, 0.9340
11: 1525.76, 862.96, 0.8378
12: 1342.16, 866.49, 0.8751
13: 1540.01, 988.41, 0.0675
14: 1327.95, 988.09, 0.0859
15: 1547.83, 1044.86, 0.0050
16: 1340.22, 1055.60, 0.0060

Frame: 949, Person: 0
0: 1419.18, 291.72, 0.9960
1: 1444.84, 258.11, 0.9877
2: 1389.81, 263.94, 0.9862
3: 1487.93, 267.25, 0.8473
4: 1356.62, 280.17, 0.7737
5: 1575.53, 428.95, 0.9870
6: 1292.38, 439.51, 0.9933
7: 1709.85, 589.39, 0.9011
8: 1178.82, 599.73, 0.9473
9: 1712.70, 431.38, 0.9030
10: 1183.78, 430.31, 0.9360
11: 1525.64, 862.89, 0.8381
12: 1342.63, 866.48, 0.8763
13: 1540.82, 985.40, 0.0683
14: 1328.90, 985.08, 0.0876
15: 1550.16, 1043.86, 0.0051
16: 1340.06, 1054.04, 0.0062

Frame: 950, Person: 0
0: 1420.46, 291.80, 0.9961
1: 1445.55, 257.67, 0.9877
2: 1390.81, 264.06, 0.9862
3: 1488.33, 265.85, 0.8454
4: 1357.54, 280.10, 0.7732
5: 1575.46, 428.97, 0.9872
6: 1294.18, 439.51, 0.9932
7: 1710.74, 590.51, 0.9038
8: 1179.01, 598.58, 0.9471
9: 1712.85, 433.05, 0.9064
10: 1183.58, 427.50, 0.9371
11: 1524.39, 864.95, 0.8424
12: 1342.54, 868.63, 0.8781
13: 1541.85, 985.73, 0.0718
14: 1330.46, 985.78, 0.0908
15: 1553.81, 1044.48, 0.0054
16: 1340.68, 1056.15, 0.0064

Frame: 951, Person: 0
0: 1421.63, 291.69, 0.9960
1: 1446.55, 257.50, 0.9875
2: 1392.02, 263.97, 0.9861
3: 1489.09, 265.50, 0.8412
4: 1358.52, 279.87, 0.7740
5: 1575.98, 428.70, 0.9869
6: 1294.04, 439.80, 0.9931
7: 1711.08, 590.66, 0.9020
8: 1178.26, 601.22, 0.9457
9: 1711.75, 431.04, 0.9053
10: 1186.33, 430.26, 0.9360
11: 1524.71, 863.24, 0.8359
12: 1342.15, 867.33, 0.8724
13: 1544.18, 984.18, 0.0691
14: 1330.56, 984.54, 0.0872
15: 1556.63, 1041.96, 0.0052
16: 1339.52, 1053.85, 0.0062

Frame: 952, Person: 0
0: 1422.99, 291.10, 0.9960
1: 1447.86, 257.37, 0.9872
2: 1393.57, 263.41, 0.9865
3: 1489.56, 266.32, 0.8341
4: 1359.25, 279.70, 0.7830
5: 1576.88, 429.60, 0.9873
6: 1292.66, 440.70, 0.9932
7: 1711.50, 592.38, 0.9028
8: 1179.22, 604.73, 0.9462
9: 1711.93, 434.59, 0.9051
10: 1189.28, 436.25, 0.9360
11: 1525.23, 860.75, 0.8414
12: 1341.35, 864.97, 0.8767
13: 1545.28, 983.90, 0.0726
14: 1331.13, 984.49, 0.0914
15: 1554.05, 1043.95, 0.0055
16: 1340.00, 1055.17, 0.0065

Frame: 953, Person: 0
0: 1424.56, 290.99, 0.9962
1: 1449.10, 257.04, 0.9872
2: 1394.87, 263.20, 0.9871
3: 1490.13, 265.20, 0.8261
4: 1359.70, 278.76, 0.7912
5: 1575.64, 428.12, 0.9877
6: 1293.36, 438.71, 0.9935
7: 1710.37, 591.83, 0.9069
8: 1178.32, 603.22, 0.9489
9: 1710.52, 436.46, 0.9091
10: 1191.87, 436.55, 0.9393
11: 1525.00, 864.66, 0.8556
12: 1341.86, 868.96, 0.8879
13: 1546.85, 991.96, 0.0789
14: 1331.45, 992.46, 0.0989
15: 1558.75, 1053.33, 0.0059
16: 1337.52, 1064.66, 0.0069

Frame: 954, Person: 0
0: 1424.76, 291.14, 0.9961
1: 1449.51, 256.72, 0.9873
2: 1394.84, 263.46, 0.9866
3: 1491.54, 264.21, 0.8345
4: 1360.64, 279.18, 0.7863
5: 1577.52, 427.17, 0.9875
6: 1293.20, 439.97, 0.9936
7: 1708.51, 596.87, 0.9042
8: 1178.36, 609.10, 0.9489
9: 1708.78, 442.04, 0.9071
10: 1197.92, 427.58, 0.9396
11: 1524.63, 862.87, 0.8507
12: 1340.86, 868.33, 0.8855
13: 1545.94, 985.28, 0.0796
14: 1332.74, 988.94, 0.1015
15: 1554.17, 1048.89, 0.0061
16: 1339.97, 1063.06, 0.0072

Frame: 955, Person: 0
0: 1425.04, 290.72, 0.9960
1: 1449.93, 256.44, 0.9877
2: 1395.69, 263.23, 0.9857
3: 1493.42, 263.70, 0.8505
4: 1363.55, 278.66, 0.7711
5: 1579.91, 427.58, 0.9877
6: 1295.17, 438.91, 0.9936
7: 1708.14, 602.17, 0.9064
8: 1175.43, 610.44, 0.9484
9: 1705.07, 454.25, 0.9086
10: 1202.56, 434.98, 0.9388
11: 1524.69, 862.00, 0.8542
12: 1340.35, 867.01, 0.8871
13: 1549.01, 982.87, 0.0842
14: 1333.27, 985.87, 0.1062
15: 1560.66, 1045.78, 0.0066
16: 1339.69, 1059.93, 0.0079

Frame: 956, Person: 0
0: 1425.77, 289.86, 0.9958
1: 1450.18, 255.83, 0.9876
2: 1396.43, 262.87, 0.9852
3: 1493.74, 262.85, 0.8524
4: 1364.39, 278.15, 0.7702
5: 1578.79, 428.71, 0.9879
6: 1292.53, 437.32, 0.9934
7: 1700.85, 604.38, 0.9077
8: 1167.84, 610.74, 0.9455
9: 1695.48, 457.46, 0.9090
10: 1216.92, 449.13, 0.9359
11: 1522.73, 863.52, 0.8649
12: 1337.27, 868.71, 0.8927
13: 1552.59, 991.78, 0.0923
14: 1337.32, 994.48, 0.1133
15: 1567.59, 1049.43, 0.0074
16: 1345.44, 1066.91, 0.0087

Frame: 957, Person: 0
0: 1425.13, 288.32, 0.9959
1: 1450.43, 254.20, 0.9887
2: 1395.54, 260.54, 0.9849
3: 1496.44, 261.93, 0.8714
4: 1364.54, 275.35, 0.7581
5: 1578.62, 431.83, 0.9888
6: 1297.39, 432.28, 0.9936
7: 1700.09, 614.58, 0.9152
8: 1164.59, 604.89, 0.9479
9: 1687.43, 498.79, 0.9160
10: 1240.69, 470.81, 0.9393
11: 1518.47, 864.61, 0.8815
12: 1335.75, 866.44, 0.9046
13: 1550.64, 997.67, 0.1096
14: 1339.34, 995.03, 0.1330
15: 1570.70, 1057.88, 0.0092
16: 1337.91, 1071.52, 0.0108

Frame: 958, Person: 0
0: 1423.01, 285.35, 0.9958
1: 1449.34, 252.09, 0.9895
2: 1394.42, 257.69, 0.9832
3: 1498.32, 261.48, 0.8940
4: 1366.49, 273.21, 0.7325
5: 1582.39, 430.62, 0.9897
6: 1300.74, 432.05, 0.9938
7: 1694.87, 619.80, 0.9218
8: 1165.75, 610.42, 0.9485
9: 1677.04, 539.36, 0.9158
10: 1253.64, 485.18, 0.9376
11: 1524.84, 857.32, 0.9000
12: 1341.33, 859.59, 0.9180
13: 1559.07, 1004.47, 0.1287
14: 1347.19, 1004.01, 0.1532
15: 1573.73, 1071.08, 0.0109
16: 1338.44, 1080.00, 0.0129

Frame: 959, Person: 0
0: 1418.84, 282.42, 0.9957
1: 1446.22, 250.41, 0.9905
2: 1392.19, 254.61, 0.9813
3: 1498.45, 261.59, 0.9144
4: 1368.03, 270.13, 0.6955
5: 1579.20, 429.95, 0.9902
6: 1304.19, 431.52, 0.9938
7: 1682.59, 615.28, 0.9290
8: 1160.62, 606.54, 0.9486
9: 1628.00, 578.35, 0.9210
10: 1268.26, 503.19, 0.9383
11: 1522.18, 864.85, 0.9188
12: 1340.77, 866.79, 0.9312
13: 1566.86, 1017.16, 0.1592
14: 1355.56, 1014.64, 0.1836
15: 1585.12, 1080.00, 0.0146
16: 1335.64, 1080.00, 0.0170

Frame: 960, Person: 0
0: 1415.99, 280.29, 0.9941
1: 1443.46, 250.21, 0.9871
2: 1391.34, 253.84, 0.9759
3: 1497.88, 262.11, 0.9091
4: 1369.42, 268.94, 0.6736
5: 1589.72, 426.00, 0.9872
6: 1296.12, 421.58, 0.9929
7: 1688.88, 621.09, 0.9222
8: 1149.32, 591.78, 0.9558
9: 1622.58, 591.89, 0.9160
10: 1267.51, 514.22, 0.9414
11: 1531.88, 857.71, 0.9124
12: 1337.26, 856.89, 0.9337
13: 1548.46, 1080.00, 0.1258
14: 1332.76, 1080.00, 0.1581
15: 1555.17, 1080.00, 0.0080
16: 1317.36, 1080.00, 0.0100

Frame: 961, Person: 0
0: 1413.71, 279.35, 0.9947
1: 1442.52, 247.67, 0.9904
2: 1389.46, 250.72, 0.9743
3: 1501.72, 260.48, 0.9313
4: 1370.21, 265.52, 0.5909
5: 1585.16, 438.41, 0.9880
6: 1312.92, 421.53, 0.9916
7: 1668.38, 620.57, 0.9221
8: 1146.25, 557.99, 0.9403
9: 1588.76, 628.21, 0.9097
10: 1270.41, 474.76, 0.9293
11: 1518.56, 867.89, 0.8869
12: 1336.06, 859.17, 0.8987
13: 1555.79, 1018.49, 0.0919
14: 1346.13, 1003.42, 0.1054
15: 1559.45, 1067.00, 0.0079
16: 1293.61, 1059.19, 0.0094

Frame: 962, Person: 0
0: 1412.95, 277.96, 0.9943
1: 1442.05, 246.64, 0.9907
2: 1389.75, 250.23, 0.9702
3: 1503.40, 260.43, 0.9401
4: 1373.41, 266.22, 0.5555
5: 1586.26, 437.84, 0.9886
6: 1315.65, 420.25, 0.9907
7: 1662.40, 619.88, 0.9305
8: 1139.36, 545.97, 0.9346
9: 1580.88, 687.10, 0.9087
10: 1270.19, 468.27, 0.9220
11: 1516.13, 872.55, 0.8939
12: 1333.89, 863.17, 0.8977
13: 1555.24, 1026.08, 0.0903
14: 1343.15, 1014.59, 0.0967
15: 1558.94, 1078.97, 0.0078
16: 1284.02, 1071.61, 0.0088

Frame: 963, Person: 0
0: 1412.74, 277.86, 0.9941
1: 1442.32, 245.75, 0.9910
2: 1389.49, 250.48, 0.9685
3: 1508.00, 258.49, 0.9450
4: 1375.44, 265.69, 0.5383
5: 1586.09, 440.42, 0.9882
6: 1325.52, 413.74, 0.9904
7: 1653.79, 620.27, 0.9293
8: 1135.74, 522.30, 0.9362
9: 1577.86, 737.82, 0.9050
10: 1293.66, 476.61, 0.9230
11: 1511.20, 874.71, 0.8978
12: 1335.47, 861.03, 0.9034
13: 1536.10, 1036.41, 0.0919
14: 1338.45, 1022.38, 0.1001
15: 1545.13, 1080.00, 0.0083
16: 1272.66, 1077.01, 0.0094

Frame: 964, Person: 0
0: 1413.93, 277.09, 0.9939
1: 1444.18, 245.08, 0.9904
2: 1391.24, 249.64, 0.9685
3: 1512.00, 259.07, 0.9434
4: 1379.36, 264.50, 0.5460
5: 1585.21, 448.27, 0.9869
6: 1332.59, 404.52, 0.9907
7: 1642.63, 636.63, 0.9205
8: 1132.57, 501.79, 0.9424
9: 1575.26, 766.99, 0.8940
10: 1306.27, 477.15, 0.9273
11: 1501.67, 882.32, 0.8873
12: 1330.89, 861.14, 0.9019
13: 1519.84, 1044.61, 0.0794
14: 1329.12, 1021.97, 0.0940
15: 1534.08, 1078.49, 0.0073
16: 1259.15, 1076.99, 0.0088

Frame: 965, Person: 0
0: 1415.89, 276.62, 0.9939
1: 1446.35, 245.12, 0.9903
2: 1393.79, 249.24, 0.9677
3: 1514.46, 259.33, 0.9444
4: 1382.91, 263.31, 0.5381
5: 1586.56, 451.09, 0.9875
6: 1336.64, 399.11, 0.9910
7: 1638.71, 643.17, 0.9254
8: 1138.62, 485.89, 0.9462
9: 1576.81, 787.12, 0.8956
10: 1302.76, 469.71, 0.9297
11: 1500.74, 891.15, 0.9053
12: 1331.54, 866.62, 0.9178
13: 1524.68, 1061.36, 0.0888
14: 1335.41, 1035.44, 0.1054
15: 1539.78, 1080.00, 0.0080
16: 1268.95, 1080.00, 0.0097

Frame: 966, Person: 0
0: 1418.12, 276.63, 0.9910
1: 1448.71, 248.07, 0.9863
2: 1398.31, 251.39, 0.9522
3: 1516.63, 264.69, 0.9464
4: 1392.36, 267.16, 0.5242
5: 1597.72, 444.21, 0.9874
6: 1331.86, 404.37, 0.9905
7: 1633.65, 646.58, 0.9277
8: 1153.85, 495.65, 0.9433
9: 1573.09, 821.85, 0.8953
10: 1304.96, 474.12, 0.9200
11: 1508.39, 872.54, 0.9253
12: 1333.63, 854.37, 0.9338
13: 1507.30, 1080.00, 0.1264
14: 1347.64, 1080.00, 0.1454
15: 1482.85, 1080.00, 0.0087
16: 1300.92, 1080.00, 0.0103

Frame: 967, Person: 0
0: 1420.71, 278.39, 0.9934
1: 1452.54, 247.17, 0.9898
2: 1399.67, 249.60, 0.9647
3: 1521.46, 262.52, 0.9422
4: 1389.32, 262.58, 0.5177
5: 1593.20, 456.61, 0.9867
6: 1335.99, 401.94, 0.9898
7: 1637.95, 665.19, 0.9192
8: 1143.73, 502.28, 0.9368
9: 1574.41, 806.79, 0.8861
10: 1305.02, 465.62, 0.9197
11: 1500.28, 890.82, 0.8786
12: 1327.83, 864.92, 0.8913
13: 1520.72, 1044.51, 0.0766
14: 1334.82, 1018.61, 0.0888
15: 1523.65, 1080.00, 0.0072
16: 1276.83, 1078.78, 0.0085

Frame: 968, Person: 0
0: 1420.78, 277.80, 0.9907
1: 1452.12, 250.56, 0.9860
2: 1402.43, 251.50, 0.9494
3: 1520.23, 266.67, 0.9442
4: 1397.88, 265.03, 0.5074
5: 1598.60, 439.57, 0.9867
6: 1332.56, 407.29, 0.9899
7: 1630.81, 656.75, 0.9242
8: 1166.59, 523.92, 0.9379
9: 1575.93, 840.09, 0.8814
10: 1293.40, 478.27, 0.9076
11: 1509.12, 863.54, 0.9108
12: 1335.54, 847.60, 0.9201
13: 1501.27, 1080.00, 0.1065
14: 1348.38, 1080.00, 0.1209
15: 1465.42, 1080.00, 0.0072
16: 1311.30, 1080.00, 0.0084

Frame: 969, Person: 0
0: 1420.36, 277.66, 0.9906
1: 1452.30, 251.30, 0.9865
2: 1403.78, 251.42, 0.9453
3: 1522.44, 268.03, 0.9459
4: 1401.98, 264.67, 0.4678
5: 1601.82, 437.88, 0.9876
6: 1333.34, 411.30, 0.9883
7: 1630.32, 658.15, 0.9337
8: 1186.12, 541.91, 0.9268
9: 1584.95, 855.44, 0.8890
10: 1293.61, 503.66, 0.8941
11: 1511.54, 860.42, 0.9228
12: 1335.33, 846.37, 0.9222
13: 1514.39, 1080.00, 0.1259
14: 1351.41, 1080.00, 0.1288
15: 1474.31, 1080.00, 0.0085
16: 1321.13, 1080.00, 0.0092

Frame: 970, Person: 0
0: 1420.60, 278.69, 0.9924
1: 1453.76, 249.23, 0.9891
2: 1402.66, 250.28, 0.9563
3: 1524.31, 264.06, 0.9458
4: 1396.83, 262.10, 0.4780
5: 1603.43, 448.24, 0.9884
6: 1329.30, 416.60, 0.9890
7: 1638.29, 676.15, 0.9272
8: 1186.35, 568.67, 0.9151
9: 1581.68, 824.29, 0.8776
10: 1290.85, 539.31, 0.8806
11: 1514.74, 884.86, 0.8998
12: 1333.11, 868.19, 0.8967
13: 1544.31, 1058.21, 0.0957
14: 1349.43, 1046.19, 0.0963
15: 1531.95, 1080.00, 0.0087
16: 1333.58, 1080.00, 0.0093

Frame: 971, Person: 0
0: 1417.58, 277.14, 0.9922
1: 1450.96, 249.54, 0.9902
2: 1400.88, 250.79, 0.9491
3: 1522.16, 265.22, 0.9567
4: 1397.96, 263.60, 0.4525
5: 1603.78, 439.50, 0.9922
6: 1324.13, 421.27, 0.9890
7: 1638.24, 672.22, 0.9496
8: 1203.70, 599.76, 0.8991
9: 1588.35, 839.81, 0.8963
10: 1306.71, 561.67, 0.8552
11: 1523.79, 875.50, 0.9290
12: 1338.01, 866.46, 0.9135
13: 1566.26, 1045.85, 0.1400
14: 1354.97, 1047.97, 0.1200
15: 1553.47, 1080.00, 0.0131
16: 1354.52, 1080.00, 0.0123

Frame: 972, Person: 0
0: 1415.99, 276.05, 0.9920
1: 1449.64, 248.96, 0.9900
2: 1400.30, 249.84, 0.9462
3: 1521.22, 266.15, 0.9573
4: 1398.50, 263.59, 0.4361
5: 1604.58, 439.69, 0.9925
6: 1324.17, 423.97, 0.9889
7: 1641.22, 669.68, 0.9527
8: 1213.53, 607.19, 0.8983
9: 1588.89, 828.43, 0.9021
10: 1310.89, 585.49, 0.8510
11: 1528.32, 873.79, 0.9328
12: 1341.33, 865.51, 0.9157
13: 1570.97, 1040.84, 0.1496
14: 1353.72, 1041.64, 0.1247
15: 1561.76, 1080.00, 0.0142
16: 1360.41, 1080.00, 0.0131

Frame: 973, Person: 0
0: 1414.05, 275.99, 0.9892
1: 1447.28, 251.30, 0.9867
2: 1401.78, 248.54, 0.9238
3: 1520.66, 272.00, 0.9495
4: 1405.31, 262.72, 0.3637
5: 1600.27, 432.38, 0.9901
6: 1331.80, 428.47, 0.9835
7: 1637.14, 653.38, 0.9547
8: 1228.14, 607.92, 0.8932
9: 1595.23, 843.74, 0.9120
10: 1325.25, 567.70, 0.8552
11: 1528.13, 853.26, 0.9370
12: 1347.83, 848.15, 0.9142
13: 1544.73, 1080.00, 0.1641
14: 1354.00, 1080.00, 0.1285
15: 1502.48, 1080.00, 0.0114
16: 1330.13, 1080.00, 0.0101

Frame: 974, Person: 0
0: 1410.56, 277.94, 0.9897
1: 1443.32, 252.25, 0.9872
2: 1397.27, 250.01, 0.9246
3: 1517.69, 268.94, 0.9496
4: 1401.03, 261.70, 0.3549
5: 1598.63, 425.69, 0.9901
6: 1332.27, 429.13, 0.9841
7: 1636.63, 650.51, 0.9548
8: 1232.22, 614.77, 0.8966
9: 1594.13, 837.60, 0.9145
10: 1323.73, 545.90, 0.8621
11: 1527.02, 851.95, 0.9408
12: 1349.10, 849.50, 0.9205
13: 1535.54, 1080.00, 0.1790
14: 1355.04, 1080.00, 0.1425
15: 1487.86, 1080.00, 0.0123
16: 1328.90, 1080.00, 0.0110

Frame: 975, Person: 0
0: 1406.56, 279.08, 0.9905
1: 1440.20, 252.54, 0.9875
2: 1391.50, 250.46, 0.9344
3: 1513.82, 269.26, 0.9457
4: 1392.13, 262.64, 0.3872
5: 1593.60, 423.62, 0.9892
6: 1327.18, 432.87, 0.9862
7: 1635.67, 649.08, 0.9488
8: 1237.67, 615.03, 0.9127
9: 1595.17, 835.58, 0.9083
10: 1335.73, 499.66, 0.8810
11: 1525.00, 851.21, 0.9379
12: 1347.70, 851.46, 0.9259
13: 1528.10, 1080.00, 0.1765
14: 1354.71, 1080.00, 0.1562
15: 1472.87, 1080.00, 0.0122
16: 1326.53, 1080.00, 0.0118

Frame: 976, Person: 0
0: 1403.13, 278.94, 0.9906
1: 1436.86, 252.66, 0.9872
2: 1388.90, 250.21, 0.9364
3: 1511.75, 268.82, 0.9432
4: 1391.98, 261.15, 0.4010
5: 1591.41, 419.66, 0.9877
6: 1327.51, 430.12, 0.9873
7: 1634.94, 648.19, 0.9400
8: 1236.76, 607.36, 0.9216
9: 1597.03, 843.54, 0.8928
10: 1334.78, 462.41, 0.8858
11: 1524.41, 845.73, 0.9236
12: 1348.77, 846.44, 0.9183
13: 1523.74, 1080.00, 0.1446
14: 1350.75, 1080.00, 0.1405
15: 1466.21, 1080.00, 0.0099
16: 1319.74, 1080.00, 0.0104

Frame: 977, Person: 0
0: 1401.10, 277.89, 0.9918
1: 1435.03, 250.15, 0.9892
2: 1385.39, 250.75, 0.9406
3: 1508.07, 265.87, 0.9499
4: 1385.75, 262.76, 0.3912
5: 1589.62, 427.84, 0.9910
6: 1330.76, 421.21, 0.9894
7: 1642.25, 663.55, 0.9480
8: 1229.07, 587.40, 0.9214
9: 1584.61, 841.02, 0.8993
10: 1330.62, 407.51, 0.8955
11: 1529.18, 875.31, 0.9238
12: 1355.89, 868.38, 0.9177
13: 1553.94, 1018.35, 0.1362
14: 1359.13, 1028.19, 0.1318
15: 1525.64, 1080.00, 0.0126
16: 1330.27, 1073.03, 0.0131

Frame: 978, Person: 0
0: 1400.09, 280.46, 0.9922
1: 1433.63, 251.94, 0.9898
2: 1383.95, 253.46, 0.9419
3: 1508.27, 265.83, 0.9523
4: 1385.43, 264.58, 0.3894
5: 1592.25, 430.97, 0.9910
6: 1333.06, 420.82, 0.9895
7: 1642.42, 670.22, 0.9458
8: 1220.71, 582.79, 0.9202
9: 1588.37, 845.83, 0.8951
10: 1318.56, 401.26, 0.8935
11: 1527.25, 878.23, 0.9158
12: 1354.51, 869.32, 0.9103
13: 1543.83, 1018.34, 0.1219
14: 1353.01, 1027.20, 0.1191
15: 1513.50, 1080.00, 0.0111
16: 1320.34, 1069.72, 0.0117

Frame: 979, Person: 0
0: 1401.38, 282.32, 0.9915
1: 1433.64, 255.22, 0.9883
2: 1386.48, 255.35, 0.9412
3: 1509.15, 270.42, 0.9454
4: 1391.49, 267.86, 0.3992
5: 1591.64, 423.97, 0.9865
6: 1337.38, 428.42, 0.9875
7: 1638.36, 650.43, 0.9355
8: 1218.93, 579.73, 0.9278
9: 1593.99, 848.18, 0.8884
10: 1299.59, 426.21, 0.8940
11: 1522.84, 853.54, 0.9105
12: 1353.44, 850.85, 0.9103
13: 1515.64, 1080.00, 0.1151
14: 1345.74, 1080.00, 0.1182
15: 1467.92, 1080.00, 0.0075
16: 1297.79, 1080.00, 0.0083

Frame: 980, Person: 0
0: 1397.80, 283.40, 0.9899
1: 1428.52, 256.76, 0.9858
2: 1384.15, 257.89, 0.9273
3: 1505.91, 267.92, 0.9443
4: 1392.80, 267.68, 0.3934
5: 1594.24, 415.09, 0.9877
6: 1333.43, 426.49, 0.9898
7: 1638.24, 656.14, 0.9428
8: 1219.87, 583.45, 0.9425
9: 1594.54, 854.05, 0.8986
10: 1288.90, 436.96, 0.9023
11: 1531.44, 845.35, 0.9241
12: 1358.22, 847.78, 0.9276
13: 1512.93, 1080.00, 0.1688
14: 1341.14, 1080.00, 0.1794
15: 1476.02, 1080.00, 0.0117
16: 1323.33, 1080.00, 0.0133

Frame: 981, Person: 0
0: 1397.22, 284.60, 0.9895
1: 1427.54, 257.97, 0.9855
2: 1384.00, 259.21, 0.9237
3: 1505.43, 268.69, 0.9456
4: 1394.04, 268.65, 0.3863
5: 1595.78, 416.62, 0.9877
6: 1334.16, 426.76, 0.9896
7: 1639.11, 660.21, 0.9425
8: 1218.01, 583.54, 0.9407
9: 1593.42, 857.42, 0.8970
10: 1288.52, 435.56, 0.8990
11: 1532.43, 846.25, 0.9219
12: 1358.69, 848.08, 0.9248
13: 1513.76, 1080.00, 0.1630
14: 1340.96, 1080.00, 0.1719
15: 1477.59, 1080.00, 0.0111
16: 1323.38, 1080.00, 0.0126

Frame: 982, Person: 0
0: 1396.94, 285.42, 0.9891
1: 1427.30, 258.61, 0.9852
2: 1383.67, 259.76, 0.9211
3: 1505.26, 269.68, 0.9460
4: 1393.28, 269.32, 0.3870
5: 1595.88, 418.57, 0.9879
6: 1332.44, 429.27, 0.9894
7: 1640.10, 660.18, 0.9428
8: 1212.66, 588.04, 0.9387
9: 1591.66, 863.92, 0.8973
10: 1298.84, 444.68, 0.8977
11: 1534.42, 849.52, 0.9210
12: 1359.61, 851.74, 0.9228
13: 1512.16, 1080.00, 0.1580
14: 1341.25, 1080.00, 0.1645
15: 1475.27, 1080.00, 0.0107
16: 1321.47, 1080.00, 0.0119

Frame: 983, Person: 0
0: 1397.69, 284.86, 0.9916
1: 1431.26, 256.57, 0.9894
2: 1382.71, 257.63, 0.9354
3: 1508.03, 270.14, 0.9534
4: 1386.49, 267.21, 0.3634
5: 1594.05, 437.06, 0.9911
6: 1331.67, 420.22, 0.9888
7: 1645.52, 675.74, 0.9476
8: 1206.61, 581.37, 0.9162
9: 1588.57, 850.36, 0.8997
10: 1310.86, 426.97, 0.8911
11: 1529.59, 880.73, 0.9185
12: 1354.95, 869.28, 0.9103
13: 1548.85, 1018.35, 0.1309
14: 1355.26, 1021.30, 0.1242
15: 1525.69, 1080.00, 0.0124
16: 1325.81, 1065.49, 0.0127

Frame: 984, Person: 0
0: 1397.08, 284.30, 0.9915
1: 1429.98, 255.77, 0.9892
2: 1382.82, 256.80, 0.9339
3: 1507.66, 267.51, 0.9527
4: 1389.10, 264.63, 0.3568
5: 1594.19, 435.01, 0.9908
6: 1334.81, 418.27, 0.9887
7: 1646.01, 673.96, 0.9466
8: 1208.31, 582.19, 0.9172
9: 1588.23, 848.65, 0.8997
10: 1310.46, 435.70, 0.8926
11: 1527.01, 882.59, 0.9166
12: 1354.40, 870.95, 0.9094
13: 1549.10, 1020.05, 0.1279
14: 1358.31, 1022.29, 0.1232
15: 1524.22, 1080.00, 0.0120
16: 1326.13, 1066.26, 0.0125

Frame: 985, Person: 0
0: 1400.83, 285.80, 0.9892
1: 1433.43, 258.86, 0.9866
2: 1387.31, 257.56, 0.9187
3: 1511.78, 272.26, 0.9474
4: 1395.28, 266.28, 0.3372
5: 1594.89, 426.13, 0.9875
6: 1337.11, 424.47, 0.9841
7: 1641.08, 655.83, 0.9432
8: 1216.08, 577.74, 0.9074
9: 1594.10, 856.68, 0.8970
10: 1318.47, 431.68, 0.8734
11: 1521.33, 855.38, 0.9174
12: 1350.60, 850.46, 0.9039
13: 1513.22, 1080.00, 0.1301
14: 1350.79, 1080.00, 0.1173
15: 1462.54, 1080.00, 0.0087
16: 1307.41, 1080.00, 0.0086

Frame: 986, Person: 0
0: 1398.51, 288.18, 0.9898
1: 1431.45, 261.33, 0.9875
2: 1385.37, 260.10, 0.9206
3: 1511.83, 274.19, 0.9489
4: 1394.91, 268.16, 0.3239
5: 1595.38, 425.56, 0.9876
6: 1339.19, 424.43, 0.9837
7: 1641.48, 654.05, 0.9446
8: 1213.90, 578.74, 0.9070
9: 1592.10, 850.98, 0.9003
10: 1309.95, 436.19, 0.8745
11: 1522.92, 856.78, 0.9168
12: 1352.82, 851.59, 0.9021
13: 1514.50, 1080.00, 0.1282
14: 1350.23, 1080.00, 0.1144
15: 1465.51, 1080.00, 0.0085
16: 1302.61, 1080.00, 0.0084

Frame: 987, Person: 0
0: 1398.33, 288.03, 0.9920
1: 1431.64, 259.44, 0.9900
2: 1382.99, 260.64, 0.9378
3: 1509.37, 270.47, 0.9543
4: 1387.46, 268.46, 0.3615
5: 1594.61, 429.98, 0.9912
6: 1336.11, 419.69, 0.9889
7: 1650.37, 658.71, 0.9495
8: 1203.59, 582.38, 0.9199
9: 1583.06, 828.06, 0.9062
10: 1311.72, 427.66, 0.8977
11: 1529.65, 878.62, 0.9210
12: 1357.17, 869.20, 0.9132
13: 1544.87, 1017.73, 0.1312
14: 1354.20, 1021.69, 0.1248
15: 1516.41, 1080.00, 0.0121
16: 1308.80, 1063.56, 0.0125

Frame: 988, Person: 0
0: 1399.11, 288.04, 0.9924
1: 1431.88, 258.69, 0.9904
2: 1382.71, 261.09, 0.9419
3: 1509.47, 269.07, 0.9560
4: 1386.06, 270.13, 0.3690
5: 1596.78, 429.88, 0.9909
6: 1337.28, 419.47, 0.9890
7: 1655.81, 653.73, 0.9480
8: 1200.49, 579.46, 0.9212
9: 1571.54, 802.89, 0.9100
10: 1311.89, 439.72, 0.9011
11: 1526.01, 873.14, 0.9180
12: 1351.67, 863.01, 0.9114
13: 1543.60, 1020.39, 0.1254
14: 1346.01, 1020.93, 0.1208
15: 1524.26, 1080.00, 0.0112
16: 1296.95, 1069.18, 0.0117

Frame: 989, Person: 0
0: 1400.39, 288.45, 0.9924
1: 1432.84, 258.46, 0.9906
2: 1383.47, 261.84, 0.9423
3: 1510.18, 269.21, 0.9569
4: 1385.91, 272.57, 0.3736
5: 1598.99, 430.14, 0.9906
6: 1336.00, 425.09, 0.9881
7: 1662.35, 646.61, 0.9452
8: 1193.25, 585.42, 0.9116
9: 1563.86, 780.11, 0.9117
10: 1321.41, 436.25, 0.8965
11: 1525.48, 869.78, 0.9041
12: 1349.65, 861.64, 0.8941
13: 1532.44, 1011.10, 0.1142
14: 1339.51, 1013.48, 0.1069
15: 1511.98, 1080.00, 0.0102
16: 1288.53, 1064.60, 0.0104

Frame: 990, Person: 0
0: 1401.66, 289.33, 0.9927
1: 1434.09, 259.63, 0.9912
2: 1384.95, 262.18, 0.9447
3: 1511.36, 269.17, 0.9603
4: 1386.63, 271.33, 0.3703
5: 1602.42, 428.17, 0.9908
6: 1333.14, 424.00, 0.9886
7: 1666.16, 636.32, 0.9472
8: 1186.00, 583.94, 0.9140
9: 1540.47, 737.43, 0.9223
10: 1311.03, 448.38, 0.9032
11: 1532.15, 865.90, 0.9208
12: 1350.97, 858.29, 0.9119
13: 1545.74, 1032.02, 0.1356
14: 1342.73, 1029.63, 0.1255
15: 1534.00, 1080.00, 0.0115
16: 1295.74, 1080.00, 0.0116

Frame: 991, Person: 0
0: 1403.68, 289.91, 0.9929
1: 1436.93, 260.76, 0.9911
2: 1387.40, 261.68, 0.9491
3: 1514.42, 270.34, 0.9591
4: 1388.29, 269.97, 0.3773
5: 1607.41, 424.29, 0.9890
6: 1327.60, 427.05, 0.9873
7: 1681.75, 611.93, 0.9433
8: 1186.20, 576.25, 0.9143
9: 1541.77, 679.94, 0.9304
10: 1312.84, 451.38, 0.9088
11: 1530.36, 856.91, 0.9232
12: 1342.54, 852.93, 0.9162
13: 1542.67, 1074.97, 0.1462
14: 1343.73, 1072.47, 0.1366
15: 1530.81, 1080.00, 0.0107
16: 1311.46, 1080.00, 0.0110

Frame: 992, Person: 0
0: 1404.70, 291.69, 0.9931
1: 1437.33, 261.41, 0.9921
2: 1387.28, 263.19, 0.9470
3: 1514.02, 269.71, 0.9626
4: 1386.79, 270.46, 0.3442
5: 1603.43, 428.93, 0.9906
6: 1333.43, 419.85, 0.9865
7: 1679.49, 617.23, 0.9511
8: 1176.37, 568.02, 0.9023
9: 1529.65, 630.48, 0.9432
10: 1308.69, 440.07, 0.9082
11: 1532.44, 865.39, 0.9269
12: 1350.38, 856.48, 0.9108
13: 1550.70, 1031.81, 0.1700
14: 1348.24, 1017.51, 0.1439
15: 1564.19, 1080.00, 0.0147
16: 1313.04, 1080.00, 0.0140

Frame: 993, Person: 0
0: 1406.33, 292.77, 0.9932
1: 1438.60, 262.39, 0.9923
2: 1389.38, 263.73, 0.9460
3: 1515.39, 270.10, 0.9635
4: 1389.67, 269.79, 0.3215
5: 1603.34, 429.38, 0.9904
6: 1338.25, 417.22, 0.9848
7: 1689.21, 607.09, 0.9540
8: 1173.91, 558.12, 0.8964
9: 1532.04, 588.86, 0.9513
10: 1311.35, 437.50, 0.9106
11: 1533.85, 868.14, 0.9295
12: 1354.09, 858.28, 0.9092
13: 1558.74, 1035.71, 0.1818
14: 1355.78, 1015.08, 0.1468
15: 1590.30, 1080.00, 0.0157
16: 1322.49, 1080.00, 0.0145

Frame: 994, Person: 0
0: 1406.96, 293.57, 0.9933
1: 1438.77, 263.39, 0.9924
2: 1390.34, 264.26, 0.9459
3: 1515.42, 270.72, 0.9635
4: 1391.46, 269.16, 0.3269
5: 1604.46, 430.37, 0.9912
6: 1338.74, 415.77, 0.9858
7: 1691.72, 599.67, 0.9573
8: 1170.51, 552.92, 0.9023
9: 1562.63, 570.55, 0.9554
10: 1312.83, 442.41, 0.9161
11: 1536.52, 859.01, 0.9417
12: 1357.45, 849.15, 0.9238
13: 1556.98, 1029.96, 0.2281
14: 1356.85, 1009.52, 0.1846
15: 1584.22, 1080.00, 0.0207
16: 1323.60, 1080.00, 0.0190

Frame: 995, Person: 0
0: 1407.71, 293.63, 0.9934
1: 1439.29, 263.39, 0.9924
2: 1390.93, 264.28, 0.9479
3: 1515.44, 270.18, 0.9635
4: 1391.42, 268.73, 0.3345
5: 1605.25, 430.37, 0.9909
6: 1339.19, 415.08, 0.9863
7: 1694.28, 594.18, 0.9551
8: 1169.93, 549.23, 0.9050
9: 1565.92, 547.29, 0.9555
10: 1310.63, 446.00, 0.9182
11: 1538.98, 854.99, 0.9416
12: 1360.47, 844.71, 0.9261
13: 1550.73, 1028.83, 0.2347
14: 1355.57, 1006.05, 0.1940
15: 1581.10, 1080.00, 0.0215
16: 1329.31, 1077.97, 0.0200

Frame: 996, Person: 0
0: 1407.63, 293.75, 0.9931
1: 1439.36, 264.04, 0.9924
2: 1391.29, 263.98, 0.9450
3: 1514.74, 270.00, 0.9641
4: 1390.92, 266.79, 0.3240
5: 1604.32, 426.86, 0.9913
6: 1332.68, 414.53, 0.9848
7: 1698.06, 584.96, 0.9582
8: 1167.91, 550.13, 0.8907
9: 1568.56, 540.13, 0.9571
10: 1309.53, 448.93, 0.9077
11: 1537.13, 852.06, 0.9441
12: 1354.73, 843.57, 0.9227
13: 1557.13, 1027.69, 0.2439
14: 1355.66, 1006.29, 0.1882
15: 1587.65, 1080.00, 0.0227
16: 1335.12, 1072.52, 0.0199

Frame: 997, Person: 0
0: 1409.69, 292.28, 0.9916
1: 1440.42, 265.61, 0.9891
2: 1393.28, 264.41, 0.9454
3: 1512.67, 273.39, 0.9553
4: 1391.49, 268.59, 0.3850
5: 1603.14, 420.67, 0.9877
6: 1335.32, 404.46, 0.9869
7: 1697.22, 572.69, 0.9436
8: 1174.32, 532.43, 0.9253
9: 1565.21, 533.32, 0.9449
10: 1318.59, 483.26, 0.9228
11: 1547.82, 835.70, 0.9363
12: 1367.57, 825.17, 0.9337
13: 1540.10, 1080.00, 0.2213
14: 1349.56, 1064.48, 0.2119
15: 1571.48, 1080.00, 0.0168
16: 1334.90, 1080.00, 0.0177

Frame: 998, Person: 0
0: 1407.87, 294.41, 0.9933
1: 1439.85, 264.74, 0.9922
2: 1391.76, 263.95, 0.9478
3: 1514.98, 270.90, 0.9629
4: 1390.93, 265.98, 0.3381
5: 1603.75, 427.55, 0.9912
6: 1336.03, 413.22, 0.9865
7: 1699.18, 570.96, 0.9575
8: 1171.62, 540.81, 0.9064
9: 1573.67, 527.63, 0.9593
10: 1305.40, 482.23, 0.9198
11: 1543.03, 839.31, 0.9505
12: 1364.28, 830.16, 0.9361
13: 1560.06, 1019.33, 0.2852
14: 1368.79, 993.86, 0.2351
15: 1592.24, 1080.00, 0.0283
16: 1356.77, 1067.64, 0.0261

Frame: 999, Person: 0
0: 1407.29, 296.19, 0.9933
1: 1439.00, 266.49, 0.9921
2: 1391.68, 265.42, 0.9477
3: 1514.29, 271.84, 0.9624
4: 1391.83, 266.44, 0.3400
5: 1604.13, 427.72, 0.9912
6: 1333.91, 415.67, 0.9871
7: 1699.95, 571.24, 0.9579
8: 1170.11, 548.87, 0.9107
9: 1574.52, 525.15, 0.9600
10: 1305.55, 490.69, 0.9229
11: 1543.68, 842.48, 0.9520
12: 1362.86, 834.67, 0.9389
13: 1566.68, 1020.01, 0.2940
14: 1369.42, 995.92, 0.2460
15: 1598.67, 1080.00, 0.0295
16: 1357.68, 1072.38, 0.0276

Frame: 1000, Person: 0
0: 1407.22, 297.11, 0.9932
1: 1438.97, 267.49, 0.9921
2: 1391.32, 266.61, 0.9466
3: 1513.94, 272.84, 0.9628
4: 1391.09, 268.10, 0.3324
5: 1603.52, 427.20, 0.9914
6: 1334.92, 416.57, 0.9866
7: 1699.06, 572.07, 0.9597
8: 1175.91, 551.63, 0.9076
9: 1574.52, 528.74, 0.9607
10: 1304.39, 494.48, 0.9196
11: 1542.26, 842.90, 0.9553
12: 1362.20, 835.23, 0.9412
13: 1564.28, 1027.08, 0.3051
14: 1366.17, 1003.61, 0.2500
15: 1595.93, 1080.00, 0.0305
16: 1353.15, 1080.00, 0.0279

Frame: 1001, Person: 0
0: 1407.36, 297.52, 0.9931
1: 1438.96, 267.66, 0.9921
2: 1391.21, 266.79, 0.9460
3: 1513.69, 272.79, 0.9619
4: 1390.56, 268.13, 0.3264
5: 1600.89, 427.32, 0.9911
6: 1337.36, 416.30, 0.9855
7: 1699.73, 570.12, 0.9595
8: 1177.39, 549.73, 0.9027
9: 1571.87, 530.68, 0.9608
10: 1310.21, 494.92, 0.9173
11: 1538.09, 844.75, 0.9510
12: 1360.56, 836.66, 0.9343
13: 1561.91, 1023.49, 0.2850
14: 1364.07, 998.96, 0.2289
15: 1596.29, 1080.00, 0.0283
16: 1344.44, 1074.10, 0.0256

Frame: 1002, Person: 0
0: 1410.26, 299.13, 0.9936
1: 1441.24, 268.63, 0.9923
2: 1391.97, 268.18, 0.9531
3: 1513.33, 271.09, 0.9614
4: 1386.95, 268.26, 0.3665
5: 1601.78, 426.42, 0.9913
6: 1334.39, 414.93, 0.9873
7: 1700.45, 573.02, 0.9568
8: 1178.88, 548.02, 0.9099
9: 1572.64, 531.39, 0.9586
10: 1308.72, 493.31, 0.9210
11: 1538.94, 838.10, 0.9537
12: 1360.21, 830.02, 0.9414
13: 1559.25, 1026.77, 0.3048
14: 1366.60, 1002.58, 0.2564
15: 1591.36, 1080.00, 0.0311
16: 1354.42, 1076.35, 0.0290

Frame: 1003, Person: 0
0: 1413.07, 298.26, 0.9941
1: 1443.87, 267.20, 0.9924
2: 1392.93, 267.81, 0.9604
3: 1513.51, 270.42, 0.9596
4: 1383.70, 269.92, 0.4155
5: 1600.96, 427.72, 0.9909
6: 1332.19, 414.63, 0.9889
7: 1701.57, 569.61, 0.9530
8: 1173.32, 540.07, 0.9213
9: 1569.13, 530.69, 0.9566
10: 1311.77, 500.73, 0.9288
11: 1539.08, 840.86, 0.9520
12: 1359.76, 832.36, 0.9443
13: 1554.98, 1027.47, 0.2914
14: 1363.93, 1001.67, 0.2600
15: 1591.26, 1080.00, 0.0298
16: 1354.38, 1078.31, 0.0294

Frame: 1004, Person: 0
0: 1416.40, 299.43, 0.9946
1: 1446.80, 267.24, 0.9925
2: 1394.02, 268.99, 0.9675
3: 1514.00, 269.30, 0.9559
4: 1380.50, 271.96, 0.4700
5: 1601.13, 426.12, 0.9904
6: 1328.37, 416.19, 0.9904
7: 1709.08, 566.40, 0.9490
8: 1166.47, 542.61, 0.9322
9: 1568.89, 528.95, 0.9550
10: 1307.18, 511.29, 0.9372
11: 1536.51, 842.58, 0.9478
12: 1354.50, 835.61, 0.9447
13: 1559.29, 1025.24, 0.2689
14: 1362.46, 1000.18, 0.2562
15: 1598.58, 1080.00, 0.0271
16: 1350.61, 1080.00, 0.0282

Frame: 1005, Person: 0
0: 1419.22, 300.30, 0.9948
1: 1448.90, 267.62, 0.9925
2: 1396.14, 269.57, 0.9690
3: 1514.39, 268.51, 0.9546
4: 1380.23, 272.03, 0.4800
5: 1601.06, 426.07, 0.9905
6: 1328.52, 416.36, 0.9903
7: 1721.45, 559.29, 0.9498
8: 1160.57, 536.96, 0.9322
9: 1572.87, 523.09, 0.9580
10: 1306.79, 510.99, 0.9400
11: 1533.50, 838.64, 0.9495
12: 1352.06, 831.40, 0.9461
13: 1554.90, 1026.81, 0.2848
14: 1361.17, 999.42, 0.2694
15: 1602.05, 1080.00, 0.0291
16: 1349.36, 1080.00, 0.0300

Frame: 1006, Person: 0
0: 1424.96, 298.80, 0.9940
1: 1452.79, 269.27, 0.9883
2: 1401.49, 270.51, 0.9718
3: 1512.26, 271.01, 0.9243
4: 1381.05, 273.12, 0.5709
5: 1598.41, 417.57, 0.9871
6: 1328.05, 402.47, 0.9916
7: 1726.40, 558.62, 0.9336
8: 1153.56, 526.27, 0.9536
9: 1575.35, 527.39, 0.9463
10: 1305.58, 518.81, 0.9528
11: 1541.74, 836.13, 0.9411
12: 1363.94, 825.64, 0.9520
13: 1525.98, 1080.00, 0.2419
14: 1357.60, 1070.71, 0.2764
15: 1568.77, 1080.00, 0.0185
16: 1344.01, 1080.00, 0.0221

Frame: 1007, Person: 0
0: 1429.72, 300.21, 0.9955
1: 1458.06, 267.50, 0.9918
2: 1404.22, 270.25, 0.9779
3: 1516.17, 267.85, 0.9369
4: 1379.69, 273.51, 0.5966
5: 1602.05, 419.75, 0.9912
6: 1322.57, 412.28, 0.9929
7: 1737.04, 551.05, 0.9494
8: 1152.31, 531.56, 0.9505
9: 1592.70, 521.40, 0.9568
10: 1292.79, 508.63, 0.9523
11: 1535.70, 832.50, 0.9565
12: 1351.21, 826.51, 0.9586
13: 1556.66, 1028.45, 0.2949
14: 1360.87, 1001.50, 0.3023
15: 1598.71, 1080.00, 0.0289
16: 1345.91, 1080.00, 0.0315

Frame: 1008, Person: 0
0: 1431.02, 302.54, 0.9956
1: 1459.27, 269.29, 0.9917
2: 1404.89, 272.61, 0.9785
3: 1517.38, 268.32, 0.9348
4: 1379.58, 275.23, 0.6025
5: 1603.17, 419.44, 0.9908
6: 1320.91, 412.90, 0.9927
7: 1741.31, 549.38, 0.9481
8: 1147.67, 530.73, 0.9497
9: 1597.47, 516.91, 0.9557
10: 1289.50, 503.98, 0.9516
11: 1535.22, 841.36, 0.9533
12: 1348.72, 836.09, 0.9556
13: 1560.95, 1034.07, 0.2650
14: 1361.45, 1007.94, 0.2727
15: 1605.06, 1080.00, 0.0249
16: 1345.99, 1080.00, 0.0272

Frame: 1009, Person: 0
0: 1432.83, 304.84, 0.9955
1: 1460.45, 271.76, 0.9912
2: 1407.00, 274.95, 0.9790
3: 1517.16, 269.46, 0.9272
4: 1380.90, 276.21, 0.6213
5: 1603.60, 418.47, 0.9910
6: 1317.00, 414.92, 0.9926
7: 1739.95, 548.20, 0.9482
8: 1149.04, 535.76, 0.9486
9: 1605.08, 520.41, 0.9536
10: 1283.55, 503.40, 0.9492
11: 1532.56, 838.16, 0.9520
12: 1342.90, 834.56, 0.9536
13: 1565.02, 1026.65, 0.2566
14: 1357.82, 1004.86, 0.2617
15: 1601.86, 1080.00, 0.0240
16: 1342.44, 1077.62, 0.0258

Frame: 1010, Person: 0
0: 1435.42, 306.19, 0.9957
1: 1462.71, 272.78, 0.9908
2: 1408.68, 276.22, 0.9804
3: 1518.04, 269.79, 0.9168
4: 1380.82, 277.14, 0.6478
5: 1601.25, 416.71, 0.9912
6: 1319.73, 414.97, 0.9931
7: 1732.37, 554.99, 0.9484
8: 1154.26, 546.44, 0.9523
9: 1602.87, 527.44, 0.9519
10: 1287.73, 507.03, 0.9511
11: 1534.32, 840.27, 0.9527
12: 1347.60, 837.63, 0.9554
13: 1564.69, 1025.55, 0.2551
14: 1358.33, 1005.95, 0.2647
15: 1595.77, 1080.00, 0.0238
16: 1333.05, 1075.53, 0.0257

Frame: 1010, Person: 1
0: 898.96, 425.61, 0.7723
1: 902.60, 421.03, 0.7679
2: 897.13, 421.18, 0.6065
3: 911.06, 422.61, 0.6941
4: 896.30, 423.00, 0.3061
5: 922.98, 446.65, 0.9791
6: 893.30, 447.32, 0.9629
7: 936.02, 476.44, 0.9043
8: 887.31, 476.68, 0.7354
9: 930.29, 493.91, 0.8491
10: 889.65, 492.33, 0.6880
11: 918.46, 509.52, 0.9803
12: 900.33, 509.25, 0.9737
13: 919.68, 558.69, 0.9619
14: 901.95, 558.90, 0.9457
15: 924.47, 604.76, 0.9139
16: 906.02, 603.83, 0.8894

Frame: 1010, Person: 2
0: 816.80, 430.91, 0.8559
1: 821.76, 425.85, 0.8687
2: 814.23, 426.47, 0.7028
3: 833.52, 427.54, 0.8074
4: 814.13, 429.12, 0.2964
5: 848.61, 453.97, 0.9802
6: 813.04, 455.77, 0.9636
7: 854.59, 488.92, 0.9147
8: 805.04, 488.85, 0.7241
9: 835.40, 507.64, 0.8586
10: 805.96, 506.02, 0.6732
11: 844.40, 524.11, 0.9667
12: 821.62, 523.74, 0.9543
13: 842.85, 573.17, 0.8857
14: 821.20, 573.10, 0.8358
15: 845.59, 612.29, 0.7018
16: 828.23, 610.97, 0.6309

Frame: 1010, Person: 3
0: 815.99, 430.55, 0.8375
1: 820.90, 426.05, 0.8139
2: 812.78, 426.03, 0.7291
3: 830.14, 427.56, 0.6750
4: 809.56, 427.47, 0.3993
5: 841.40, 450.71, 0.9728
6: 805.46, 450.23, 0.9685
7: 847.33, 484.58, 0.8723
8: 794.78, 481.42, 0.8093
9: 834.95, 507.51, 0.7972
10: 793.89, 505.08, 0.7339
11: 835.04, 518.30, 0.9540
12: 813.00, 517.09, 0.9491
13: 834.09, 568.12, 0.7849
14: 811.85, 566.97, 0.7609
15: 836.22, 602.77, 0.5130
16: 815.70, 600.77, 0.4874

Frame: 1011, Person: 0
0: 1437.56, 307.06, 0.9955
1: 1463.97, 273.73, 0.9901
2: 1410.55, 277.44, 0.9803
3: 1517.47, 270.71, 0.9037
4: 1381.61, 278.45, 0.6545
5: 1599.23, 419.18, 0.9907
6: 1322.15, 413.86, 0.9923
7: 1718.64, 571.54, 0.9452
8: 1164.89, 552.18, 0.9475
9: 1591.14, 533.84, 0.9468
10: 1296.14, 499.58, 0.9460
11: 1536.10, 847.22, 0.9455
12: 1351.27, 843.33, 0.9477
13: 1564.85, 1031.65, 0.2185
14: 1356.84, 1012.01, 0.2236
15: 1593.50, 1080.00, 0.0193
16: 1329.18, 1079.53, 0.0205

Frame: 1011, Person: 1
0: 896.84, 424.79, 0.7131
1: 900.36, 420.24, 0.7196
2: 895.79, 420.31, 0.5154
3: 909.37, 421.83, 0.6906
4: 897.48, 421.92, 0.2611
5: 921.05, 446.08, 0.9761
6: 896.02, 446.22, 0.9548
7: 933.18, 476.30, 0.9005
8: 890.88, 475.84, 0.6987
9: 927.73, 494.48, 0.8403
10: 891.28, 492.51, 0.6507
11: 916.82, 509.00, 0.9797
12: 901.94, 508.39, 0.9721
13: 917.47, 558.21, 0.9639
14: 903.50, 558.26, 0.9464
15: 923.14, 604.70, 0.9210
16: 907.87, 603.43, 0.8953

Frame: 1011, Person: 2
0: 818.35, 431.88, 0.8521
1: 823.26, 426.91, 0.8624
2: 815.87, 427.44, 0.6999
3: 834.78, 428.60, 0.7966
4: 815.99, 429.90, 0.3026
5: 849.25, 454.57, 0.9791
6: 814.91, 456.00, 0.9631
7: 854.66, 489.20, 0.9103
8: 806.72, 488.70, 0.7258
9: 835.89, 507.73, 0.8527
10: 807.05, 505.97, 0.6737
11: 845.39, 524.20, 0.9656
12: 823.34, 523.75, 0.9535
13: 844.10, 573.67, 0.8828
14: 822.84, 573.56, 0.8345
15: 846.86, 613.39, 0.6970
16: 829.59, 612.00, 0.6290

Frame: 1012, Person: 0
0: 1439.59, 308.31, 0.9957
1: 1466.05, 274.69, 0.9890
2: 1412.25, 278.13, 0.9824
3: 1517.50, 271.32, 0.8833
4: 1381.45, 278.64, 0.6987
5: 1595.62, 422.07, 0.9901
6: 1321.39, 418.48, 0.9929
7: 1701.14, 590.74, 0.9373
8: 1181.77, 572.74, 0.9494
9: 1574.38, 541.83, 0.9388
10: 1288.93, 505.59, 0.9456
11: 1531.16, 848.15, 0.9387
12: 1348.30, 844.67, 0.9450
13: 1559.70, 1032.93, 0.2031
14: 1353.76, 1015.97, 0.2183
15: 1580.97, 1080.00, 0.0176
16: 1333.03, 1080.00, 0.0192

Frame: 1012, Person: 1
0: 897.35, 424.96, 0.7291
1: 900.81, 420.43, 0.7310
2: 896.10, 420.51, 0.5409
3: 909.53, 422.01, 0.6827
4: 897.02, 422.15, 0.2694
5: 921.32, 446.22, 0.9766
6: 894.92, 446.52, 0.9565
7: 934.14, 476.68, 0.9025
8: 889.72, 476.56, 0.7113
9: 929.05, 495.55, 0.8455
10: 890.98, 493.73, 0.6656
11: 917.33, 509.20, 0.9801
12: 901.45, 508.77, 0.9728
13: 918.59, 558.59, 0.9642
14: 903.24, 558.78, 0.9474
15: 923.92, 605.03, 0.9213
16: 907.57, 604.00, 0.8966

Frame: 1012, Person: 2
0: 818.87, 433.23, 0.8430
1: 823.72, 428.35, 0.8597
2: 816.84, 428.84, 0.6712
3: 835.33, 429.98, 0.8103
4: 818.34, 431.12, 0.2728
5: 849.51, 455.48, 0.9789
6: 818.28, 456.64, 0.9606
7: 853.66, 490.01, 0.9144
8: 809.78, 488.84, 0.7088
9: 834.18, 508.10, 0.8578
10: 807.76, 505.90, 0.6597
11: 845.86, 524.92, 0.9662
12: 825.80, 524.23, 0.9530
13: 843.54, 575.35, 0.8861
14: 824.49, 575.10, 0.8333
15: 846.82, 615.86, 0.7006
16: 831.46, 614.16, 0.6256

Frame: 1013, Person: 0
0: 1442.38, 308.00, 0.9951
1: 1467.06, 276.95, 0.9828
2: 1416.22, 278.90, 0.9835
3: 1515.40, 274.29, 0.8067
4: 1385.03, 278.66, 0.7492
5: 1592.59, 415.33, 0.9852
6: 1328.03, 409.24, 0.9934
7: 1682.15, 602.57, 0.9154
8: 1200.92, 582.28, 0.9667
9: 1549.03, 549.09, 0.9249
10: 1307.76, 530.28, 0.9595
11: 1539.99, 837.23, 0.9300
12: 1363.33, 831.79, 0.9531
13: 1532.83, 1080.00, 0.1932
14: 1352.52, 1080.00, 0.2570
15: 1543.64, 1080.00, 0.0129
16: 1334.50, 1080.00, 0.0165

Frame: 1013, Person: 1
0: 897.85, 425.04, 0.7473
1: 901.24, 420.54, 0.7438
2: 896.34, 420.63, 0.5721
3: 909.51, 422.26, 0.6781
4: 896.41, 422.35, 0.2874
5: 920.59, 446.39, 0.9763
6: 894.03, 446.86, 0.9568
7: 933.76, 477.32, 0.9013
8: 890.23, 477.71, 0.7165
9: 928.42, 496.94, 0.8444
10: 893.79, 495.28, 0.6697
11: 916.86, 509.26, 0.9775
12: 900.45, 509.10, 0.9696
13: 919.41, 559.36, 0.9571
14: 902.36, 559.79, 0.9381
15: 923.73, 605.31, 0.9048
16: 906.20, 604.78, 0.8769

Frame: 1014, Person: 0
0: 1444.59, 308.52, 0.9946
1: 1468.97, 276.65, 0.9813
2: 1417.49, 278.97, 0.9827
3: 1517.02, 273.14, 0.7926
4: 1384.75, 278.13, 0.7568
5: 1589.34, 421.37, 0.9840
6: 1327.37, 411.22, 0.9926
7: 1657.34, 611.94, 0.9093
8: 1219.65, 583.59, 0.9625
9: 1533.02, 559.25, 0.9210
10: 1346.00, 541.77, 0.9559
11: 1534.14, 836.57, 0.9276
12: 1357.49, 831.29, 0.9504
13: 1536.58, 1080.00, 0.1997
14: 1353.35, 1080.00, 0.2618
15: 1542.61, 1080.00, 0.0141
16: 1341.51, 1080.00, 0.0178

Frame: 1014, Person: 1
0: 896.63, 425.19, 0.7616
1: 900.38, 420.72, 0.7700
2: 895.32, 420.72, 0.5842
3: 909.26, 422.40, 0.7135
4: 895.94, 422.21, 0.2789
5: 920.50, 446.46, 0.9774
6: 893.29, 446.52, 0.9564
7: 933.31, 477.78, 0.9060
8: 887.98, 477.19, 0.7007
9: 927.77, 499.09, 0.8484
10: 889.81, 496.73, 0.6534
11: 915.80, 508.96, 0.9763
12: 898.91, 508.57, 0.9671
13: 918.41, 559.07, 0.9544
14: 900.64, 559.34, 0.9320
15: 922.77, 605.11, 0.8992
16: 904.76, 604.43, 0.8664

Frame: 1015, Person: 0
0: 1444.69, 308.09, 0.9940
1: 1469.01, 276.00, 0.9802
2: 1417.54, 278.74, 0.9810
3: 1518.21, 272.19, 0.7958
4: 1386.18, 278.72, 0.7418
5: 1591.57, 423.13, 0.9821
6: 1326.94, 414.25, 0.9919
7: 1631.37, 625.23, 0.8999
8: 1236.15, 598.44, 0.9587
9: 1495.57, 554.68, 0.9129
10: 1355.38, 556.04, 0.9507
11: 1534.08, 829.19, 0.9167
12: 1354.20, 824.81, 0.9432
13: 1544.13, 1080.00, 0.1870
14: 1352.77, 1080.00, 0.2481
15: 1541.10, 1080.00, 0.0134
16: 1349.80, 1080.00, 0.0171

Frame: 1015, Person: 1
0: 897.40, 424.67, 0.8015
1: 901.48, 420.14, 0.8091
2: 895.66, 420.10, 0.6427
3: 910.25, 421.99, 0.7461
4: 894.95, 421.71, 0.3124
5: 921.00, 446.39, 0.9832
6: 891.38, 446.52, 0.9674
7: 934.22, 478.24, 0.9224
8: 885.35, 477.61, 0.7397
9: 929.02, 501.28, 0.8718
10: 888.10, 498.70, 0.6922
11: 915.33, 509.20, 0.9819
12: 896.74, 508.95, 0.9747
13: 918.44, 559.83, 0.9643
14: 898.39, 560.15, 0.9461
15: 922.13, 606.60, 0.9186
16: 901.92, 606.10, 0.8909

Frame: 1015, Person: 2
0: 824.40, 436.33, 0.8555
1: 829.00, 431.50, 0.8405
2: 821.75, 431.96, 0.7351
3: 839.65, 433.05, 0.7250
4: 821.34, 434.16, 0.3817
5: 851.82, 457.61, 0.9755
6: 820.44, 458.71, 0.9677
7: 856.31, 491.11, 0.8773
8: 814.57, 490.81, 0.7738
9: 838.63, 507.11, 0.8186
10: 818.63, 505.91, 0.7185
11: 848.96, 525.93, 0.9614
12: 828.28, 525.57, 0.9546
13: 845.51, 575.34, 0.8738
14: 826.14, 574.95, 0.8469
15: 844.85, 617.15, 0.6925
16: 829.91, 615.89, 0.6556

Frame: 1016, Person: 0
0: 1445.51, 307.56, 0.9937
1: 1469.69, 277.34, 0.9786
2: 1419.29, 277.64, 0.9807
3: 1516.54, 276.04, 0.7957
4: 1386.55, 278.71, 0.7367
5: 1586.96, 419.53, 0.9804
6: 1328.35, 415.43, 0.9930
7: 1618.54, 623.63, 0.8896
8: 1254.77, 606.01, 0.9655
9: 1477.09, 565.15, 0.9067
10: 1376.80, 568.12, 0.9555
11: 1538.29, 809.82, 0.9208
12: 1361.35, 806.29, 0.9493
13: 1545.12, 1078.48, 0.2117
14: 1366.61, 1066.24, 0.2936
15: 1527.45, 1080.00, 0.0161
16: 1355.65, 1080.00, 0.0218

Frame: 1016, Person: 1
0: 895.58, 424.65, 0.7711
1: 899.67, 420.10, 0.7937
2: 894.26, 420.15, 0.5820
3: 909.20, 421.79, 0.7572
4: 895.04, 421.81, 0.2578
5: 920.87, 446.21, 0.9817
6: 892.66, 446.52, 0.9610
7: 933.48, 478.14, 0.9244
8: 886.05, 477.42, 0.7047
9: 927.86, 502.34, 0.8742
10: 885.88, 499.65, 0.6633
11: 915.40, 508.39, 0.9822
12: 898.09, 508.03, 0.9739
13: 917.62, 558.02, 0.9687
14: 899.82, 558.25, 0.9498
15: 922.48, 604.51, 0.9316
16: 904.10, 603.64, 0.9037

Frame: 1016, Person: 2
0: 820.07, 432.53, 0.8506
1: 824.59, 427.69, 0.8510
2: 817.80, 428.27, 0.7077
3: 835.31, 429.20, 0.7712
4: 818.26, 430.67, 0.3298
5: 848.49, 454.26, 0.9777
6: 818.35, 455.80, 0.9649
7: 852.81, 488.55, 0.8961
8: 812.54, 488.51, 0.7402
9: 833.95, 505.88, 0.8393
10: 814.73, 504.50, 0.6900
11: 845.89, 523.47, 0.9660
12: 826.01, 523.16, 0.9564
13: 843.89, 574.50, 0.8980
14: 824.92, 574.34, 0.8631
15: 844.74, 617.89, 0.7414
16: 829.94, 616.60, 0.6901

Frame: 1017, Person: 0
0: 1446.06, 307.21, 0.9939
1: 1470.24, 276.93, 0.9782
2: 1419.68, 277.26, 0.9819
3: 1516.09, 276.44, 0.7824
4: 1386.16, 279.14, 0.7530
5: 1584.97, 419.46, 0.9804
6: 1328.20, 418.10, 0.9932
7: 1617.82, 626.88, 0.8878
8: 1259.04, 616.28, 0.9667
9: 1478.49, 563.45, 0.9045
10: 1380.80, 567.73, 0.9563
11: 1536.84, 812.98, 0.9199
12: 1360.81, 810.47, 0.9496
13: 1542.87, 1080.00, 0.2051
14: 1364.01, 1072.90, 0.2887
15: 1523.38, 1080.00, 0.0152
16: 1349.17, 1080.00, 0.0207

Frame: 1017, Person: 1
0: 894.74, 424.02, 0.7854
1: 899.01, 419.45, 0.8062
2: 893.05, 419.48, 0.6025
3: 908.35, 421.28, 0.7665
4: 892.97, 421.25, 0.2741
5: 919.74, 445.85, 0.9821
6: 890.39, 446.12, 0.9623
7: 930.64, 477.82, 0.9224
8: 883.46, 476.92, 0.7022
9: 923.37, 500.87, 0.8706
10: 884.18, 498.15, 0.6596
11: 914.89, 508.16, 0.9810
12: 896.77, 507.84, 0.9725
13: 917.55, 558.01, 0.9655
14: 899.28, 558.29, 0.9450
15: 922.86, 604.47, 0.9236
16: 904.53, 603.61, 0.8933

Frame: 1017, Person: 2
0: 822.06, 436.62, 0.8291
1: 827.03, 432.01, 0.8573
2: 821.05, 432.34, 0.6169
3: 839.00, 433.51, 0.8380
4: 824.01, 434.07, 0.2218
5: 852.26, 457.52, 0.9807
6: 824.04, 457.64, 0.9607
7: 850.91, 492.14, 0.9316
8: 812.83, 488.74, 0.7121
9: 826.45, 507.99, 0.8824
10: 809.03, 504.52, 0.6696
11: 847.36, 526.78, 0.9716
12: 828.75, 525.41, 0.9585
13: 843.20, 578.05, 0.8998
14: 824.78, 577.25, 0.8427
15: 846.11, 618.43, 0.7141
16: 831.51, 615.88, 0.6278

Frame: 1018, Person: 0
0: 1443.76, 306.99, 0.9938
1: 1468.36, 276.84, 0.9794
2: 1417.52, 277.23, 0.9809
3: 1516.08, 276.32, 0.8063
4: 1385.42, 279.16, 0.7341
5: 1588.50, 419.85, 0.9810
6: 1327.13, 416.24, 0.9932
7: 1623.80, 625.37, 0.8912
8: 1253.44, 607.34, 0.9666
9: 1482.22, 562.61, 0.9073
10: 1373.82, 560.68, 0.9561
11: 1538.28, 812.27, 0.9244
12: 1359.34, 808.58, 0.9520
13: 1546.23, 1080.00, 0.2152
14: 1362.74, 1071.23, 0.3000
15: 1527.91, 1080.00, 0.0162
16: 1348.70, 1080.00, 0.0221

Frame: 1018, Person: 1
0: 888.90, 424.00, 0.7437
1: 893.68, 419.69, 0.8096
2: 888.59, 419.67, 0.4988
3: 905.79, 421.08, 0.8205
4: 892.74, 420.80, 0.1712
5: 920.03, 444.36, 0.9784
6: 891.92, 443.82, 0.9428
7: 930.00, 477.64, 0.9202
8: 884.15, 474.35, 0.5744
9: 918.95, 502.28, 0.8614
10: 880.68, 497.84, 0.5433
11: 914.56, 507.84, 0.9736
12: 897.38, 506.66, 0.9575
13: 915.57, 560.21, 0.9454
14: 901.00, 559.88, 0.9013
15: 922.47, 609.66, 0.8863
16: 908.97, 607.60, 0.8270

Frame: 1019, Person: 0
0: 1442.54, 307.15, 0.9937
1: 1467.27, 277.32, 0.9793
2: 1416.74, 277.20, 0.9796
3: 1515.10, 276.46, 0.8036
4: 1384.56, 277.87, 0.7147
5: 1586.94, 418.86, 0.9819
6: 1325.86, 414.02, 0.9925
7: 1633.44, 623.36, 0.9003
8: 1248.88, 604.07, 0.9631
9: 1497.82, 564.76, 0.9124
10: 1367.17, 556.98, 0.9527
11: 1535.78, 814.37, 0.9242
12: 1357.44, 810.14, 0.9481
13: 1545.25, 1080.00, 0.2098
14: 1363.48, 1066.45, 0.2784
15: 1532.49, 1080.00, 0.0156
16: 1350.42, 1080.00, 0.0203

Frame: 1019, Person: 1
0: 888.29, 423.40, 0.7569
1: 893.18, 418.98, 0.8183
2: 887.49, 419.02, 0.5199
3: 905.06, 420.45, 0.8228
4: 890.56, 420.35, 0.1815
5: 919.39, 444.20, 0.9787
6: 889.68, 444.04, 0.9443
7: 929.53, 478.43, 0.9181
8: 883.05, 475.76, 0.5752
9: 917.88, 504.78, 0.8567
10: 881.73, 500.61, 0.5400
11: 914.68, 508.50, 0.9718
12: 896.30, 507.56, 0.9551
13: 916.24, 561.11, 0.9387
14: 900.38, 560.92, 0.8909
15: 922.98, 610.30, 0.8709
16: 908.82, 608.42, 0.8068

Frame: 1020, Person: 0
0: 1442.93, 307.61, 0.9936
1: 1467.37, 277.76, 0.9788
2: 1417.17, 277.94, 0.9796
3: 1514.20, 276.80, 0.7942
4: 1384.34, 278.51, 0.7173
5: 1586.43, 419.77, 0.9819
6: 1324.18, 412.89, 0.9919
7: 1639.81, 619.03, 0.9008
8: 1239.22, 594.27, 0.9600
9: 1506.03, 565.98, 0.9116
10: 1349.57, 554.59, 0.9496
11: 1532.59, 816.57, 0.9181
12: 1354.90, 811.64, 0.9418
13: 1544.65, 1078.97, 0.1891
14: 1368.54, 1063.76, 0.2476
15: 1531.37, 1080.00, 0.0138
16: 1356.85, 1080.00, 0.0175

Frame: 1020, Person: 1
0: 891.66, 423.07, 0.7612
1: 896.27, 418.21, 0.7891
2: 889.42, 418.29, 0.5641
3: 905.87, 419.89, 0.7551
4: 888.21, 420.05, 0.2459
5: 917.39, 444.63, 0.9759
6: 885.89, 445.34, 0.9471
7: 928.24, 477.15, 0.9046
8: 879.69, 477.06, 0.6312
9: 921.05, 502.44, 0.8420
10: 881.54, 500.08, 0.5891
11: 913.27, 508.40, 0.9717
12: 894.18, 508.28, 0.9585
13: 916.49, 559.71, 0.9469
14: 898.48, 560.17, 0.9144
15: 923.22, 606.24, 0.8842
16: 904.69, 605.20, 0.8384

Frame: 1021, Person: 0
0: 1443.16, 308.97, 0.9937
1: 1467.48, 278.58, 0.9793
2: 1417.17, 278.91, 0.9792
3: 1514.76, 276.48, 0.7945
4: 1383.86, 278.31, 0.7070
5: 1588.36, 421.02, 0.9822
6: 1323.72, 412.84, 0.9912
7: 1649.00, 615.16, 0.9044
8: 1233.18, 587.35, 0.9564
9: 1515.45, 567.06, 0.9152
10: 1345.07, 552.96, 0.9474
11: 1533.36, 823.05, 0.9175
12: 1354.37, 817.69, 0.9384
13: 1547.30, 1080.00, 0.1814
14: 1371.32, 1071.01, 0.2296
15: 1535.80, 1080.00, 0.0128
16: 1358.18, 1080.00, 0.0158

Frame: 1021, Person: 1
0: 887.49, 425.73, 0.6957
1: 891.74, 421.07, 0.7438
2: 886.45, 421.12, 0.4691
3: 901.50, 422.73, 0.7345
4: 888.17, 422.57, 0.1690
5: 913.04, 446.44, 0.9684
6: 887.35, 446.78, 0.9277
7: 926.91, 478.17, 0.9062
8: 882.83, 477.90, 0.6014
9: 921.06, 501.89, 0.8477
10: 881.70, 499.68, 0.5716
11: 909.06, 510.05, 0.9719
12: 892.78, 509.40, 0.9568
13: 912.95, 560.11, 0.9538
14: 893.49, 560.24, 0.9226
15: 921.54, 608.17, 0.9035
16: 900.71, 607.00, 0.8606

Frame: 1022, Person: 0
0: 1442.96, 311.00, 0.9946
1: 1467.01, 278.79, 0.9813
2: 1416.56, 280.63, 0.9827
3: 1515.19, 274.13, 0.7923
4: 1384.54, 278.24, 0.7521
5: 1590.52, 424.93, 0.9830
6: 1326.81, 416.14, 0.9922
7: 1666.06, 608.72, 0.9028
8: 1221.35, 582.49, 0.9600
9: 1549.16, 570.66, 0.9158
10: 1333.02, 548.16, 0.9532
11: 1532.50, 835.78, 0.9126
12: 1355.10, 830.50, 0.9402
13: 1536.09, 1080.00, 0.1706
14: 1351.32, 1080.00, 0.2278
15: 1539.57, 1080.00, 0.0121
16: 1343.22, 1080.00, 0.0153

Frame: 1023, Person: 0
0: 1440.95, 313.42, 0.9948
1: 1465.29, 280.87, 0.9824
2: 1414.94, 282.06, 0.9823
3: 1514.69, 273.57, 0.8039
4: 1383.91, 276.46, 0.7387
5: 1591.92, 422.64, 0.9847
6: 1325.87, 414.37, 0.9922
7: 1678.44, 599.67, 0.9134
8: 1217.14, 573.84, 0.9592
9: 1564.62, 567.81, 0.9241
10: 1313.75, 540.10, 0.9532
11: 1529.61, 841.95, 0.9238
12: 1351.19, 836.27, 0.9450
13: 1535.48, 1080.00, 0.1909
14: 1350.22, 1080.00, 0.2426
15: 1540.79, 1080.00, 0.0135
16: 1343.84, 1080.00, 0.0165

Frame: 1024, Person: 0
0: 1440.89, 315.60, 0.9948
1: 1465.29, 283.32, 0.9826
2: 1414.68, 285.30, 0.9824
3: 1514.87, 275.87, 0.8086
4: 1383.28, 280.40, 0.7359
5: 1595.08, 421.42, 0.9856
6: 1323.21, 413.32, 0.9924
7: 1690.82, 592.01, 0.9182
8: 1213.65, 564.90, 0.9600
9: 1578.77, 555.77, 0.9273
10: 1306.47, 534.50, 0.9531
11: 1529.50, 841.95, 0.9312
12: 1347.38, 835.85, 0.9496
13: 1536.02, 1080.00, 0.2056
14: 1343.31, 1080.00, 0.2569
15: 1543.74, 1080.00, 0.0148
16: 1338.66, 1080.00, 0.0180

Frame: 1025, Person: 0
0: 1440.09, 321.60, 0.9950
1: 1463.86, 289.41, 0.9820
2: 1414.06, 290.87, 0.9831
3: 1513.13, 278.23, 0.7855
4: 1381.97, 281.57, 0.7383
5: 1591.94, 414.92, 0.9852
6: 1326.21, 406.97, 0.9921
7: 1699.00, 577.47, 0.9198
8: 1214.60, 552.85, 0.9609
9: 1573.37, 546.30, 0.9311
10: 1316.58, 524.33, 0.9559
11: 1530.01, 838.39, 0.9316
12: 1351.32, 831.68, 0.9497
13: 1534.15, 1080.00, 0.2109
14: 1346.30, 1075.01, 0.2629
15: 1549.83, 1080.00, 0.0153
16: 1337.29, 1080.00, 0.0185

Frame: 1026, Person: 0
0: 1436.53, 327.44, 0.9947
1: 1459.75, 295.84, 0.9829
2: 1411.23, 296.76, 0.9812
3: 1511.29, 281.57, 0.8115
4: 1382.47, 284.17, 0.7078
5: 1588.76, 411.21, 0.9848
6: 1332.86, 404.40, 0.9919
7: 1698.93, 554.51, 0.9225
8: 1215.07, 535.28, 0.9616
9: 1565.66, 543.89, 0.9377
10: 1337.78, 522.55, 0.9593
11: 1530.70, 827.54, 0.9400
12: 1358.17, 821.28, 0.9558
13: 1533.48, 1080.00, 0.2626
14: 1355.33, 1064.47, 0.3231
15: 1555.85, 1080.00, 0.0214
16: 1341.97, 1080.00, 0.0262

Frame: 1027, Person: 0
0: 1434.01, 331.53, 0.9947
1: 1457.55, 299.74, 0.9835
2: 1408.46, 300.45, 0.9808
3: 1509.94, 284.58, 0.8182
4: 1379.69, 286.58, 0.6978
5: 1585.11, 412.01, 0.9843
6: 1335.94, 403.96, 0.9917
7: 1696.35, 546.05, 0.9220
8: 1217.80, 523.24, 0.9616
9: 1559.28, 541.96, 0.9389
10: 1350.51, 512.47, 0.9604
11: 1532.72, 826.55, 0.9392
12: 1363.64, 819.79, 0.9554
13: 1533.69, 1079.05, 0.2685
14: 1357.25, 1056.23, 0.3309
15: 1560.49, 1080.00, 0.0229
16: 1339.42, 1080.00, 0.0283

Frame: 1028, Person: 0
0: 1431.26, 334.54, 0.9943
1: 1453.78, 302.68, 0.9838
2: 1405.57, 304.27, 0.9782
3: 1507.29, 285.78, 0.8356
4: 1378.96, 290.07, 0.6660
5: 1584.65, 411.89, 0.9839
6: 1338.38, 403.39, 0.9907
7: 1692.00, 543.00, 0.9225
8: 1219.60, 515.60, 0.9576
9: 1556.76, 538.16, 0.9389
10: 1363.19, 503.31, 0.9571
11: 1534.73, 822.94, 0.9368
12: 1366.88, 816.42, 0.9517
13: 1535.40, 1073.15, 0.2666
14: 1357.15, 1051.57, 0.3208
15: 1565.05, 1080.00, 0.0234
16: 1337.96, 1080.00, 0.0284

Frame: 1029, Person: 0
0: 1428.97, 340.89, 0.9946
1: 1451.95, 306.38, 0.9887
2: 1402.57, 308.66, 0.9750
3: 1507.59, 285.45, 0.8954
4: 1377.06, 291.56, 0.6044
5: 1584.09, 416.03, 0.9897
6: 1339.18, 412.31, 0.9901
7: 1690.21, 541.82, 0.9486
8: 1217.11, 526.70, 0.9421
9: 1557.10, 533.30, 0.9547
10: 1359.06, 498.90, 0.9472
11: 1535.38, 825.91, 0.9633
12: 1369.10, 822.75, 0.9623
13: 1559.13, 1034.12, 0.3679
14: 1379.00, 1017.33, 0.3605
15: 1592.52, 1080.00, 0.0415
16: 1360.64, 1080.00, 0.0422

Frame: 1030, Person: 0
0: 1427.63, 341.02, 0.9947
1: 1450.85, 306.67, 0.9880
2: 1401.23, 308.70, 0.9767
3: 1504.27, 286.65, 0.8785
4: 1373.19, 291.79, 0.6342
5: 1578.23, 413.32, 0.9901
6: 1335.82, 413.49, 0.9903
7: 1692.32, 534.65, 0.9507
8: 1220.68, 530.10, 0.9434
9: 1558.03, 529.34, 0.9562
10: 1359.66, 500.14, 0.9487
11: 1534.65, 822.11, 0.9654
12: 1370.53, 820.60, 0.9641
13: 1558.27, 1032.12, 0.3818
14: 1384.67, 1016.46, 0.3714
15: 1591.56, 1080.00, 0.0430
16: 1368.48, 1080.00, 0.0429

Frame: 1031, Person: 0
0: 1423.38, 342.29, 0.9945
1: 1446.84, 307.95, 0.9887
2: 1397.36, 309.71, 0.9736
3: 1502.47, 286.90, 0.8952
4: 1372.10, 291.81, 0.5880
5: 1577.67, 412.49, 0.9902
6: 1336.76, 414.01, 0.9894
7: 1695.82, 531.41, 0.9536
8: 1218.58, 531.71, 0.9372
9: 1564.20, 523.63, 0.9587
10: 1355.74, 503.72, 0.9446
11: 1534.18, 824.87, 0.9658
12: 1371.38, 823.90, 0.9622
13: 1559.40, 1032.81, 0.3907
14: 1388.72, 1016.95, 0.3667
15: 1597.43, 1080.00, 0.0450
16: 1374.76, 1080.00, 0.0437

Frame: 1032, Person: 0
0: 1420.31, 343.30, 0.9945
1: 1444.20, 309.12, 0.9885
2: 1394.57, 310.13, 0.9741
3: 1499.44, 288.05, 0.8902
4: 1368.43, 291.11, 0.5963
5: 1573.65, 411.76, 0.9905
6: 1333.10, 414.62, 0.9894
7: 1699.26, 525.87, 0.9546
8: 1216.43, 531.99, 0.9368
9: 1568.86, 521.96, 0.9593
10: 1350.43, 504.55, 0.9443
11: 1531.36, 823.77, 0.9664
12: 1368.95, 823.02, 0.9625
13: 1554.66, 1031.90, 0.3945
14: 1385.66, 1015.47, 0.3670
15: 1593.30, 1080.00, 0.0455
16: 1372.25, 1074.32, 0.0436

Frame: 1033, Person: 0
0: 1417.14, 343.20, 0.9947
1: 1441.46, 309.24, 0.9888
2: 1391.72, 310.35, 0.9753
3: 1496.42, 289.69, 0.8894
4: 1365.56, 292.62, 0.6029
5: 1571.94, 412.08, 0.9904
6: 1329.05, 418.38, 0.9895
7: 1704.57, 524.32, 0.9538
8: 1212.49, 539.00, 0.9371
9: 1571.72, 519.29, 0.9576
10: 1342.77, 511.16, 0.9429
11: 1533.95, 835.03, 0.9635
12: 1370.12, 835.58, 0.9597
13: 1557.81, 1039.38, 0.3498
14: 1387.12, 1023.06, 0.3258
15: 1597.82, 1080.00, 0.0374
16: 1374.97, 1075.77, 0.0361

Frame: 1034, Person: 0
0: 1414.60, 342.52, 0.9947
1: 1438.88, 310.74, 0.9845
2: 1389.31, 311.21, 0.9787
3: 1493.44, 292.45, 0.8254
4: 1361.63, 294.15, 0.6580
5: 1570.95, 402.91, 0.9865
6: 1325.25, 411.05, 0.9902
7: 1710.32, 516.69, 0.9381
8: 1211.02, 534.78, 0.9541
9: 1572.21, 522.96, 0.9488
10: 1341.85, 513.07, 0.9558
11: 1536.21, 828.69, 0.9501
12: 1370.24, 828.44, 0.9570
13: 1538.89, 1080.00, 0.3021
14: 1373.35, 1071.78, 0.3334
15: 1571.06, 1080.00, 0.0256
16: 1354.65, 1080.00, 0.0286

Frame: 1035, Person: 0
0: 1412.05, 342.84, 0.9950
1: 1437.07, 310.38, 0.9854
2: 1386.10, 311.26, 0.9798
3: 1491.68, 293.64, 0.8280
4: 1357.04, 296.10, 0.6648
5: 1567.36, 405.17, 0.9869
6: 1322.60, 417.65, 0.9904
7: 1717.18, 513.51, 0.9400
8: 1199.95, 542.77, 0.9545
9: 1575.94, 515.87, 0.9505
10: 1330.53, 512.29, 0.9570
11: 1535.44, 836.94, 0.9497
12: 1370.49, 838.28, 0.9564
13: 1536.31, 1080.00, 0.2856
14: 1374.43, 1080.00, 0.3136
15: 1573.05, 1080.00, 0.0229
16: 1350.78, 1080.00, 0.0254

Frame: 1036, Person: 0
0: 1408.69, 344.27, 0.9949
1: 1433.30, 311.73, 0.9856
2: 1383.00, 313.46, 0.9788
3: 1487.52, 295.27, 0.8339
4: 1354.43, 299.70, 0.6511
5: 1566.99, 405.41, 0.9875
6: 1317.07, 423.69, 0.9899
7: 1726.13, 508.13, 0.9429
8: 1187.81, 548.03, 0.9505
9: 1589.78, 515.14, 0.9503
10: 1307.77, 515.29, 0.9526
11: 1535.72, 842.33, 0.9467
12: 1368.33, 846.06, 0.9513
13: 1537.11, 1080.00, 0.2601
14: 1373.06, 1080.00, 0.2761
15: 1572.34, 1080.00, 0.0203
16: 1350.07, 1080.00, 0.0217

Frame: 1037, Person: 0
0: 1405.57, 343.78, 0.9953
1: 1430.22, 311.62, 0.9862
2: 1380.30, 313.88, 0.9811
3: 1484.09, 295.96, 0.8372
4: 1351.99, 301.65, 0.6795
5: 1569.34, 402.17, 0.9872
6: 1307.40, 428.59, 0.9912
7: 1737.93, 498.05, 0.9386
8: 1170.82, 555.84, 0.9549
9: 1602.61, 513.97, 0.9456
10: 1281.93, 524.25, 0.9540
11: 1538.76, 845.47, 0.9442
12: 1364.80, 852.31, 0.9526
13: 1537.65, 1080.00, 0.2314
14: 1367.84, 1080.00, 0.2586
15: 1568.33, 1080.00, 0.0169
16: 1347.85, 1080.00, 0.0189

Frame: 1037, Person: 1
0: 884.25, 420.43, 0.8125
1: 888.85, 416.08, 0.8156
2: 881.69, 415.98, 0.6870
3: 897.60, 417.44, 0.7159
4: 878.65, 417.08, 0.3199
5: 909.88, 439.48, 0.9799
6: 871.69, 439.20, 0.9672
7: 923.17, 471.83, 0.9021
8: 862.35, 469.97, 0.7554
9: 915.40, 498.12, 0.8429
10: 864.92, 495.26, 0.6942
11: 900.50, 503.33, 0.9764
12: 875.94, 502.43, 0.9694
13: 898.53, 552.90, 0.9404
14: 873.49, 552.38, 0.9184
15: 899.54, 600.27, 0.8699
16: 877.13, 599.27, 0.8382

Frame: 1038, Person: 0
0: 1404.58, 340.75, 0.9951
1: 1429.26, 308.93, 0.9859
2: 1379.81, 311.94, 0.9805
3: 1481.96, 295.04, 0.8379
4: 1350.83, 301.92, 0.6715
5: 1572.24, 402.16, 0.9874
6: 1300.82, 427.85, 0.9902
7: 1749.42, 494.15, 0.9394
8: 1160.92, 546.70, 0.9484
9: 1617.04, 514.41, 0.9437
10: 1248.88, 527.74, 0.9468
11: 1538.20, 846.36, 0.9393
12: 1358.94, 852.32, 0.9453
13: 1538.82, 1080.00, 0.2064
14: 1360.75, 1080.00, 0.2203
15: 1570.05, 1080.00, 0.0146
16: 1348.02, 1080.00, 0.0156

Frame: 1038, Person: 1
0: 884.52, 419.52, 0.8152
1: 889.17, 415.05, 0.8254
2: 882.09, 415.04, 0.6782
3: 898.27, 416.64, 0.7445
4: 879.47, 416.47, 0.3023
5: 910.33, 439.37, 0.9797
6: 873.60, 439.31, 0.9649
7: 922.46, 471.24, 0.9036
8: 865.32, 469.49, 0.7336
9: 912.23, 494.08, 0.8455
10: 868.69, 491.17, 0.6768
11: 901.08, 502.39, 0.9747
12: 877.21, 501.46, 0.9663
13: 898.74, 550.92, 0.9401
14: 874.07, 550.40, 0.9149
15: 899.84, 598.27, 0.8707
16: 878.03, 597.27, 0.8351

Frame: 1038, Person: 2
0: 814.39, 452.11, 0.4405
1: 815.59, 447.15, 0.5031
2: 817.70, 446.93, 0.1190
3: 823.99, 446.20, 0.7956
4: 835.51, 444.21, 0.0934
5: 833.42, 468.24, 0.9591
6: 852.51, 463.32, 0.8962
7: 815.52, 506.06, 0.8849
8: 841.54, 497.43, 0.4539
9: 788.96, 533.12, 0.7806
10: 809.14, 528.42, 0.4165
11: 851.92, 536.26, 0.9553
12: 864.52, 532.55, 0.9278
13: 823.10, 580.61, 0.9004
14: 841.84, 578.43, 0.8165
15: 833.07, 630.06, 0.7673
16: 847.66, 624.15, 0.6619

Frame: 1039, Person: 0
0: 1403.92, 341.17, 0.9951
1: 1428.03, 305.71, 0.9903
2: 1378.30, 309.54, 0.9767
3: 1482.70, 286.30, 0.8948
4: 1350.01, 295.48, 0.5975
5: 1577.46, 405.30, 0.9906
6: 1298.19, 438.26, 0.9879
7: 1757.02, 488.66, 0.9528
8: 1162.01, 549.71, 0.9163
9: 1643.07, 506.04, 0.9492
10: 1242.40, 488.80, 0.9204
11: 1541.55, 854.86, 0.9489
12: 1355.03, 865.30, 0.9379
13: 1566.21, 1047.43, 0.2104
14: 1357.73, 1046.17, 0.1760
15: 1602.83, 1080.00, 0.0179
16: 1347.15, 1069.05, 0.0158

Frame: 1039, Person: 1
0: 882.63, 419.67, 0.7788
1: 887.21, 415.26, 0.8002
2: 880.67, 415.22, 0.6135
3: 896.80, 416.81, 0.7378
4: 879.26, 416.58, 0.2455
5: 909.71, 439.44, 0.9759
6: 874.16, 439.33, 0.9550
7: 922.80, 472.16, 0.9008
8: 866.41, 470.35, 0.6962
9: 912.84, 497.92, 0.8402
10: 868.92, 494.84, 0.6418
11: 900.26, 502.63, 0.9716
12: 877.16, 501.52, 0.9610
13: 897.23, 550.93, 0.9368
14: 873.09, 550.27, 0.9066
15: 899.02, 598.31, 0.8679
16: 877.25, 597.02, 0.8266

Frame: 1040, Person: 0
0: 1401.06, 337.29, 0.9958
1: 1425.83, 301.75, 0.9906
2: 1374.97, 306.25, 0.9816
3: 1479.02, 285.11, 0.8940
4: 1345.56, 295.48, 0.6550
5: 1573.09, 406.55, 0.9902
6: 1297.45, 435.60, 0.9910
7: 1758.13, 480.72, 0.9476
8: 1157.88, 531.58, 0.9388
9: 1652.68, 502.54, 0.9449
10: 1196.90, 515.27, 0.9336
11: 1538.13, 851.35, 0.9470
12: 1355.03, 859.09, 0.9457
13: 1557.63, 1039.48, 0.1946
14: 1350.67, 1032.13, 0.1853
15: 1600.93, 1080.00, 0.0164
16: 1350.60, 1061.18, 0.0161

Frame: 1041, Person: 0
0: 1399.34, 334.56, 0.9960
1: 1424.21, 300.13, 0.9898
2: 1374.12, 303.85, 0.9830
3: 1474.29, 286.33, 0.8772
4: 1343.02, 294.38, 0.6769
5: 1566.10, 405.24, 0.9910
6: 1301.06, 430.11, 0.9914
7: 1756.04, 473.35, 0.9535
8: 1182.13, 513.51, 0.9455
9: 1653.55, 502.25, 0.9498
10: 1193.39, 511.10, 0.9393
11: 1534.39, 842.98, 0.9569
12: 1357.10, 847.65, 0.9556
13: 1554.09, 1037.59, 0.2262
14: 1348.68, 1025.57, 0.2147
15: 1601.09, 1080.00, 0.0187
16: 1353.83, 1062.38, 0.0182

Frame: 1041, Person: 1
0: 812.47, 446.33, 0.4437
1: 813.80, 441.31, 0.5006
2: 816.13, 441.11, 0.1232
3: 822.77, 440.81, 0.7982
4: 835.04, 438.83, 0.1054
5: 830.78, 464.50, 0.9607
6: 851.76, 459.79, 0.8983
7: 814.03, 503.79, 0.8878
8: 843.04, 496.16, 0.4572
9: 790.14, 530.21, 0.7743
10: 812.82, 526.10, 0.4046
11: 847.60, 537.48, 0.9507
12: 861.72, 533.95, 0.9201
13: 822.55, 588.01, 0.8587
14: 842.86, 586.24, 0.7514
15: 833.56, 637.17, 0.6507
16: 850.08, 631.61, 0.5270

Frame: 1042, Person: 0
0: 1397.72, 332.70, 0.9962
1: 1421.81, 297.90, 0.9902
2: 1371.92, 302.67, 0.9836
3: 1472.04, 283.97, 0.8786
4: 1340.39, 294.47, 0.6871
5: 1566.09, 403.84, 0.9913
6: 1293.72, 433.29, 0.9919
7: 1760.32, 475.67, 0.9528
8: 1156.82, 528.78, 0.9460
9: 1648.15, 502.24, 0.9497
10: 1198.30, 519.32, 0.9406
11: 1533.55, 845.08, 0.9561
12: 1352.80, 852.21, 0.9553
13: 1545.96, 1045.19, 0.2205
14: 1344.24, 1035.51, 0.2104
15: 1589.71, 1080.00, 0.0179
16: 1340.10, 1067.86, 0.0174

Frame: 1042, Person: 1
0: 812.78, 447.09, 0.3833
1: 814.17, 441.96, 0.4453
2: 816.70, 441.75, 0.1016
3: 822.61, 441.34, 0.8179
4: 836.89, 439.21, 0.1227
5: 827.84, 464.69, 0.9694
6: 853.79, 460.00, 0.9177
7: 811.20, 502.77, 0.9032
8: 848.23, 495.71, 0.4826
9: 791.42, 529.45, 0.7805
10: 820.58, 525.47, 0.4011
11: 844.62, 536.92, 0.9648
12: 862.16, 533.63, 0.9416
13: 821.87, 590.77, 0.8892
14: 845.01, 589.31, 0.7972
15: 833.97, 640.63, 0.6985
16: 852.97, 635.42, 0.5779

Frame: 1043, Person: 0
0: 1394.50, 332.31, 0.9962
1: 1419.07, 296.85, 0.9905
2: 1368.48, 301.59, 0.9833
3: 1470.53, 282.64, 0.8800
4: 1337.97, 293.76, 0.6811
5: 1562.61, 399.77, 0.9916
6: 1287.99, 441.53, 0.9921
7: 1760.26, 484.47, 0.9549
8: 1143.99, 567.50, 0.9446
9: 1640.97, 500.16, 0.9526
10: 1195.76, 520.80, 0.9419
11: 1529.40, 844.18, 0.9502
12: 1346.62, 857.18, 0.9477
13: 1555.16, 1027.64, 0.2128
14: 1345.63, 1025.67, 0.1993
15: 1598.77, 1080.00, 0.0174
16: 1328.51, 1055.78, 0.0168

Frame: 1043, Person: 1
0: 813.17, 446.27, 0.3558
1: 814.57, 441.11, 0.4181
2: 816.93, 440.94, 0.0962
3: 822.47, 440.75, 0.8190
4: 837.12, 438.69, 0.1326
5: 826.81, 464.53, 0.9702
6: 854.40, 460.10, 0.9209
7: 810.87, 502.37, 0.9009
8: 851.08, 495.71, 0.4854
9: 792.55, 529.34, 0.7705
10: 825.16, 525.39, 0.3931
11: 843.30, 535.90, 0.9659
12: 861.89, 532.82, 0.9439
13: 822.17, 588.37, 0.8958
14: 846.20, 587.02, 0.8098
15: 833.66, 637.42, 0.7216
16: 854.00, 632.52, 0.6069

Frame: 1043, Person: 2
0: 884.07, 419.18, 0.8196
1: 888.59, 414.89, 0.8344
2: 882.07, 414.84, 0.6783
3: 897.73, 416.26, 0.7681
4: 880.02, 416.00, 0.2998
5: 909.59, 438.41, 0.9795
6: 874.51, 438.44, 0.9626
7: 922.15, 470.55, 0.9030
8: 867.00, 469.14, 0.7092
9: 913.21, 495.69, 0.8408
10: 870.32, 492.80, 0.6487
11: 900.83, 500.98, 0.9711
12: 878.32, 500.17, 0.9606
13: 898.95, 549.80, 0.9267
14: 878.04, 549.36, 0.8938
15: 899.96, 595.48, 0.8379
16: 883.20, 594.50, 0.7916

Frame: 1044, Person: 0
0: 1394.69, 330.73, 0.9963
1: 1418.72, 296.42, 0.9882
2: 1369.04, 301.95, 0.9852
3: 1467.99, 284.88, 0.8369
4: 1337.39, 297.58, 0.7189
5: 1560.35, 397.57, 0.9909
6: 1287.34, 439.60, 0.9927
7: 1758.13, 495.23, 0.9505
8: 1147.71, 579.36, 0.9543
9: 1620.53, 503.44, 0.9503
10: 1202.21, 538.43, 0.9506
11: 1526.13, 846.59, 0.9480
12: 1345.64, 858.30, 0.9514
13: 1537.72, 1071.21, 0.1979
14: 1345.46, 1065.95, 0.2029
15: 1575.46, 1080.00, 0.0135
16: 1328.66, 1080.00, 0.0138

Frame: 1044, Person: 1
0: 814.48, 445.53, 0.3609
1: 815.89, 440.27, 0.4234
2: 818.14, 440.18, 0.0991
3: 823.36, 440.01, 0.8235
4: 837.96, 438.13, 0.1391
5: 826.87, 464.21, 0.9706
6: 855.11, 459.99, 0.9222
7: 809.92, 502.60, 0.8971
8: 851.36, 496.31, 0.4748
9: 791.40, 530.32, 0.7609
10: 824.95, 526.70, 0.3802
11: 842.73, 537.05, 0.9658
12: 861.74, 534.06, 0.9437
13: 822.30, 592.30, 0.8951
14: 845.95, 591.10, 0.8085
15: 833.64, 643.94, 0.7191
16: 853.10, 639.12, 0.6040

Frame: 1044, Person: 2
0: 883.32, 419.06, 0.8204
1: 887.80, 414.74, 0.8345
2: 881.27, 414.75, 0.6791
3: 897.00, 415.97, 0.7671
4: 879.19, 415.88, 0.3001
5: 909.13, 437.89, 0.9794
6: 873.69, 438.16, 0.9624
7: 922.25, 470.01, 0.9039
8: 866.62, 469.03, 0.7114
9: 913.24, 494.53, 0.8418
10: 870.72, 491.85, 0.6504
11: 900.57, 501.19, 0.9703
12: 877.77, 500.49, 0.9595
13: 898.77, 550.44, 0.9208
14: 877.64, 550.07, 0.8858
15: 899.59, 595.80, 0.8214
16: 882.76, 594.89, 0.7720

Frame: 1045, Person: 0
0: 1394.29, 328.06, 0.9958
1: 1417.49, 294.58, 0.9853
2: 1368.43, 300.10, 0.9845
3: 1466.15, 283.40, 0.8056
4: 1337.46, 296.01, 0.7316
5: 1556.57, 397.16, 0.9882
6: 1295.27, 432.08, 0.9919
7: 1736.63, 510.57, 0.9392
8: 1166.09, 575.77, 0.9563
9: 1611.37, 520.71, 0.9395
10: 1205.78, 545.48, 0.9509
11: 1533.30, 843.37, 0.9324
12: 1359.92, 852.42, 0.9429
13: 1538.18, 1080.00, 0.1732
14: 1356.19, 1080.00, 0.1938
15: 1574.79, 1080.00, 0.0110
16: 1342.50, 1080.00, 0.0120

Frame: 1045, Person: 1
0: 883.98, 418.64, 0.8183
1: 888.39, 414.42, 0.8306
2: 882.03, 414.38, 0.6773
3: 897.42, 415.72, 0.7625
4: 880.11, 415.48, 0.3032
5: 909.29, 437.52, 0.9804
6: 874.43, 437.63, 0.9646
7: 922.65, 469.64, 0.9082
8: 867.24, 468.56, 0.7253
9: 914.33, 494.57, 0.8487
10: 871.12, 491.85, 0.6650
11: 900.66, 500.69, 0.9734
12: 878.24, 499.97, 0.9639
13: 898.76, 549.64, 0.9303
14: 877.92, 549.26, 0.8994
15: 899.55, 594.69, 0.8413
16: 882.80, 593.82, 0.7966

Frame: 1045, Person: 2
0: 811.19, 447.11, 0.2804
1: 811.55, 442.20, 0.3333
2: 815.36, 442.03, 0.0651
3: 818.31, 440.75, 0.8144
4: 835.36, 438.38, 0.1138
5: 824.10, 461.41, 0.9789
6: 852.01, 456.63, 0.9401
7: 810.10, 500.49, 0.9431
8: 847.63, 493.26, 0.6109
9: 790.79, 526.72, 0.8380
10: 822.75, 522.18, 0.4829
11: 842.53, 537.40, 0.9757
12: 861.55, 534.27, 0.9590
13: 815.91, 589.02, 0.8523
14: 839.11, 587.42, 0.7343
15: 825.90, 626.85, 0.5545
16: 844.55, 621.86, 0.4200

Frame: 1046, Person: 0
0: 1396.16, 324.22, 0.9956
1: 1418.87, 290.06, 0.9843
2: 1369.21, 296.27, 0.9842
3: 1467.03, 279.36, 0.7914
4: 1337.58, 293.72, 0.7430
5: 1558.10, 397.51, 0.9871
6: 1294.67, 432.85, 0.9917
7: 1719.97, 532.49, 0.9304
8: 1172.90, 592.43, 0.9549
9: 1602.49, 533.34, 0.9297
10: 1220.73, 537.79, 0.9480
11: 1536.62, 837.81, 0.9178
12: 1362.12, 848.21, 0.9332
13: 1537.62, 1080.00, 0.1464
14: 1356.32, 1080.00, 0.1703
15: 1558.02, 1080.00, 0.0091
16: 1338.72, 1080.00, 0.0102

Frame: 1046, Person: 1
0: 884.17, 418.20, 0.8094
1: 888.51, 413.97, 0.8190
2: 882.23, 413.89, 0.6686
3: 897.27, 415.38, 0.7469
4: 880.24, 415.03, 0.3050
5: 908.89, 437.48, 0.9795
6: 874.33, 437.53, 0.9636
7: 922.51, 469.21, 0.9041
8: 867.23, 468.25, 0.7244
9: 915.11, 493.95, 0.8438
10: 871.41, 491.34, 0.6643
11: 900.57, 500.06, 0.9736
12: 878.41, 499.41, 0.9645
13: 898.89, 548.48, 0.9340
14: 878.62, 548.15, 0.9057
15: 899.69, 593.19, 0.8524
16: 883.48, 592.42, 0.8117

Frame: 1046, Person: 2
0: 807.95, 444.60, 0.2753
1: 808.40, 439.62, 0.3285
2: 812.20, 439.31, 0.0595
3: 815.89, 438.16, 0.7985
4: 832.75, 435.35, 0.0923
5: 823.97, 459.70, 0.9758
6: 850.05, 454.31, 0.9289
7: 810.58, 500.44, 0.9422
8: 844.91, 492.09, 0.5926
9: 789.39, 526.82, 0.8408
10: 818.38, 521.70, 0.4790
11: 843.95, 537.94, 0.9735
12: 861.71, 534.39, 0.9549
13: 816.58, 589.55, 0.8410
14: 838.46, 587.63, 0.7136
15: 827.91, 626.90, 0.5286
16: 844.90, 621.44, 0.3921

Frame: 1047, Person: 0
0: 1396.97, 319.49, 0.9957
1: 1419.92, 285.56, 0.9840
2: 1370.01, 291.66, 0.9856
3: 1466.53, 277.94, 0.7833
4: 1337.44, 291.92, 0.7697
5: 1554.95, 400.80, 0.9873
6: 1293.05, 435.08, 0.9927
7: 1706.85, 542.52, 0.9283
8: 1174.83, 601.21, 0.9597
9: 1591.73, 540.51, 0.9274
10: 1214.05, 551.21, 0.9517
11: 1533.08, 836.49, 0.9205
12: 1359.30, 846.68, 0.9389
13: 1536.58, 1080.00, 0.1558
14: 1352.78, 1080.00, 0.1885
15: 1553.73, 1080.00, 0.0099
16: 1335.57, 1080.00, 0.0114

Frame: 1047, Person: 1
0: 808.66, 445.11, 0.3014
1: 809.28, 440.30, 0.3558
2: 812.72, 440.00, 0.0644
3: 816.95, 438.74, 0.7965
4: 832.87, 436.07, 0.0856
5: 825.37, 459.53, 0.9748
6: 850.11, 454.14, 0.9257
7: 810.41, 500.49, 0.9432
8: 843.07, 492.00, 0.5922
9: 787.30, 526.27, 0.8481
10: 814.54, 521.30, 0.4899
11: 845.01, 538.40, 0.9718
12: 861.76, 534.75, 0.9518
13: 815.88, 590.27, 0.8271
14: 836.35, 588.28, 0.6913
15: 827.17, 627.30, 0.4958
16: 842.42, 621.66, 0.3602

Frame: 1047, Person: 2
0: 883.27, 418.46, 0.7886
1: 887.63, 414.21, 0.8034
2: 881.41, 414.13, 0.6350
3: 896.56, 415.48, 0.7373
4: 879.63, 415.12, 0.2742
5: 908.45, 437.27, 0.9769
6: 873.85, 437.36, 0.9577
7: 922.73, 469.02, 0.9015
8: 867.09, 468.15, 0.7032
9: 915.64, 493.58, 0.8407
10: 871.31, 490.94, 0.6458
11: 900.14, 500.53, 0.9718
12: 878.00, 499.86, 0.9614
13: 898.39, 549.66, 0.9310
14: 878.20, 549.33, 0.8995
15: 899.58, 594.79, 0.8469
16: 883.20, 593.97, 0.8024

Frame: 1048, Person: 0
0: 1398.37, 317.43, 0.9957
1: 1420.46, 282.47, 0.9841
2: 1370.68, 289.46, 0.9853
3: 1466.77, 274.06, 0.7865
4: 1338.19, 290.33, 0.7654
5: 1556.24, 402.96, 0.9871
6: 1295.71, 435.08, 0.9925
7: 1704.70, 554.28, 0.9261
8: 1173.74, 604.50, 0.9581
9: 1588.02, 543.93, 0.9264
10: 1209.67, 549.87, 0.9509
11: 1533.27, 840.93, 0.9130
12: 1360.73, 850.18, 0.9329
13: 1534.37, 1080.00, 0.1446
14: 1352.59, 1080.00, 0.1748
15: 1554.28, 1080.00, 0.0090
16: 1336.51, 1080.00, 0.0104

Frame: 1048, Person: 1
0: 809.27, 444.67, 0.3105
1: 809.90, 439.83, 0.3656
2: 813.22, 439.53, 0.0670
3: 817.52, 438.26, 0.7987
4: 833.15, 435.61, 0.0862
5: 825.83, 459.15, 0.9753
6: 850.34, 453.85, 0.9271
7: 811.15, 500.23, 0.9439
8: 843.45, 491.87, 0.5927
9: 788.54, 526.45, 0.8511
10: 815.00, 521.51, 0.4931
11: 845.84, 538.17, 0.9730
12: 862.44, 534.61, 0.9538
13: 816.56, 591.13, 0.8386
14: 837.15, 589.20, 0.7079
15: 828.13, 629.41, 0.5183
16: 843.54, 623.86, 0.3804

Frame: 1048, Person: 2
0: 883.79, 418.46, 0.7996
1: 888.13, 414.26, 0.8132
2: 881.92, 414.17, 0.6517
3: 896.94, 415.59, 0.7474
4: 880.07, 415.23, 0.2892
5: 908.57, 437.40, 0.9789
6: 874.25, 437.48, 0.9615
7: 922.43, 468.83, 0.9051
8: 867.17, 467.88, 0.7148
9: 915.47, 493.22, 0.8459
10: 871.12, 490.56, 0.6572
11: 900.37, 499.57, 0.9739
12: 878.43, 498.94, 0.9644
13: 898.70, 547.47, 0.9378
14: 878.89, 547.14, 0.9094
15: 899.90, 592.09, 0.8626
16: 884.02, 591.29, 0.8220

Frame: 1049, Person: 0
0: 1399.99, 314.92, 0.9959
1: 1421.71, 280.22, 0.9838
2: 1372.35, 287.44, 0.9865
3: 1466.30, 273.46, 0.7758
4: 1338.91, 289.96, 0.7875
5: 1554.44, 403.51, 0.9876
6: 1293.77, 435.08, 0.9931
7: 1702.51, 553.33, 0.9275
8: 1167.21, 603.38, 0.9614
9: 1589.98, 545.57, 0.9271
10: 1201.84, 553.73, 0.9540
11: 1530.86, 840.69, 0.9179
12: 1358.05, 850.12, 0.9380
13: 1535.38, 1080.00, 0.1502
14: 1349.76, 1080.00, 0.1841
15: 1555.64, 1080.00, 0.0093
16: 1330.20, 1080.00, 0.0108

Frame: 1049, Person: 1
0: 811.33, 442.49, 0.4294
1: 812.95, 437.26, 0.5016
2: 815.67, 437.06, 0.1105
3: 822.52, 436.61, 0.8462
4: 837.18, 434.45, 0.1195
5: 828.54, 460.95, 0.9733
6: 854.39, 455.97, 0.9242
7: 809.99, 501.73, 0.9131
8: 846.66, 494.06, 0.4860
9: 787.91, 531.29, 0.7946
10: 817.54, 527.06, 0.4039
11: 845.24, 536.34, 0.9651
12: 862.62, 532.73, 0.9410
13: 821.09, 591.94, 0.8744
14: 842.24, 590.29, 0.7675
15: 833.92, 641.61, 0.6460
16: 850.19, 635.89, 0.5131

Frame: 1049, Person: 2
0: 884.20, 418.74, 0.7878
1: 888.43, 414.56, 0.8032
2: 882.39, 414.55, 0.6333
3: 897.27, 415.68, 0.7408
4: 880.87, 415.59, 0.2750
5: 909.13, 436.99, 0.9773
6: 875.43, 437.30, 0.9585
7: 922.90, 468.50, 0.9027
8: 868.71, 467.83, 0.7065
9: 915.56, 493.10, 0.8423
10: 872.10, 490.62, 0.6493
11: 900.93, 499.48, 0.9727
12: 879.43, 498.87, 0.9627
13: 898.87, 548.16, 0.9349
14: 879.50, 547.85, 0.9050
15: 900.11, 593.16, 0.8564
16: 884.51, 592.30, 0.8139

Frame: 1050, Person: 0
0: 1399.83, 312.97, 0.9960
1: 1422.00, 279.07, 0.9843
2: 1372.80, 285.48, 0.9865
3: 1466.76, 273.77, 0.7860
4: 1339.80, 288.13, 0.7831
5: 1554.00, 404.89, 0.9875
6: 1295.48, 431.12, 0.9933
7: 1703.87, 551.36, 0.9273
8: 1163.66, 589.06, 0.9629
9: 1592.19, 543.96, 0.9283
10: 1197.45, 541.15, 0.9558
11: 1532.02, 838.66, 0.9212
12: 1360.79, 845.81, 0.9416
13: 1533.55, 1080.00, 0.1570
14: 1350.95, 1080.00, 0.1942
15: 1559.47, 1080.00, 0.0098
16: 1333.30, 1080.00, 0.0115

Frame: 1050, Person: 1
0: 812.74, 442.65, 0.4660
1: 814.42, 437.56, 0.5372
2: 816.94, 437.42, 0.1285
3: 824.29, 437.08, 0.8488
4: 838.02, 435.12, 0.1230
5: 831.06, 461.35, 0.9727
6: 854.88, 456.56, 0.9250
7: 812.77, 502.13, 0.9116
8: 846.73, 494.33, 0.4975
9: 789.38, 531.50, 0.7959
10: 817.86, 527.14, 0.4168
11: 846.69, 535.30, 0.9601
12: 862.67, 531.68, 0.9337
13: 822.08, 587.12, 0.8538
14: 841.64, 585.35, 0.7384
15: 833.67, 633.32, 0.6078
16: 849.02, 627.64, 0.4756

Frame: 1050, Person: 2
0: 885.27, 418.74, 0.7945
1: 889.43, 414.55, 0.8032
2: 883.37, 414.54, 0.6495
3: 897.93, 415.74, 0.7316
4: 881.59, 415.61, 0.2962
5: 909.28, 437.15, 0.9777
6: 876.09, 437.40, 0.9611
7: 922.61, 468.46, 0.9002
8: 869.60, 467.80, 0.7210
9: 915.32, 492.69, 0.8390
10: 873.12, 490.31, 0.6610
11: 901.08, 499.50, 0.9728
12: 879.87, 498.89, 0.9636
13: 899.20, 548.82, 0.9327
14: 879.90, 548.53, 0.9045
15: 899.99, 593.89, 0.8498
16: 884.45, 593.12, 0.8095

Frame: 1051, Person: 0
0: 1401.70, 312.47, 0.9960
1: 1423.24, 278.52, 0.9836
2: 1374.42, 285.37, 0.9867
3: 1466.66, 272.70, 0.7692
4: 1340.17, 287.91, 0.7893
5: 1552.57, 402.70, 0.9876
6: 1296.62, 427.82, 0.9931
7: 1703.05, 548.89, 0.9287
8: 1162.55, 581.87, 0.9625
9: 1586.64, 539.95, 0.9292
10: 1195.77, 531.80, 0.9559
11: 1531.24, 836.20, 0.9216
12: 1361.85, 842.87, 0.9410
13: 1531.41, 1080.00, 0.1591
14: 1352.29, 1080.00, 0.1940
15: 1559.42, 1080.00, 0.0099
16: 1334.15, 1080.00, 0.0115

Frame: 1051, Person: 1
0: 885.49, 418.87, 0.8056
1: 889.69, 414.78, 0.8134
2: 883.59, 414.72, 0.6661
3: 898.06, 416.05, 0.7438
4: 881.80, 415.79, 0.3119
5: 909.53, 437.21, 0.9811
6: 876.10, 437.24, 0.9672
7: 922.24, 468.34, 0.9106
8: 868.97, 467.04, 0.7491
9: 914.44, 492.74, 0.8537
10: 872.20, 489.98, 0.6896
11: 901.30, 498.33, 0.9778
12: 879.90, 497.63, 0.9704
13: 899.86, 546.74, 0.9457
14: 879.98, 546.34, 0.9229
15: 900.79, 591.32, 0.8773
16: 884.72, 590.44, 0.8434

Frame: 1051, Person: 2
0: 812.41, 442.86, 0.4610
1: 813.93, 437.81, 0.5320
2: 816.32, 437.63, 0.1268
3: 823.16, 437.14, 0.8396
4: 836.12, 435.11, 0.1152
5: 830.47, 460.63, 0.9715
6: 852.74, 455.90, 0.9217
7: 812.93, 500.75, 0.9115
8: 844.44, 492.88, 0.4968
9: 789.74, 530.66, 0.8025
10: 815.85, 526.12, 0.4263
11: 847.13, 532.54, 0.9624
12: 862.07, 529.02, 0.9374
13: 822.16, 582.94, 0.8786
14: 840.68, 581.15, 0.7770
15: 833.61, 629.38, 0.6739
16: 847.77, 623.78, 0.5465

Frame: 1052, Person: 0
0: 1403.26, 312.46, 0.9960
1: 1424.54, 278.64, 0.9832
2: 1375.83, 285.56, 0.9872
3: 1467.33, 272.27, 0.7528
4: 1340.44, 287.29, 0.7985
5: 1550.93, 400.05, 0.9880
6: 1296.34, 423.21, 0.9931
7: 1702.49, 543.49, 0.9323
8: 1161.99, 573.72, 0.9636
9: 1583.50, 536.12, 0.9336
10: 1209.44, 526.19, 0.9582
11: 1528.96, 833.44, 0.9304
12: 1359.80, 839.83, 0.9469
13: 1533.00, 1080.00, 0.1790
14: 1352.98, 1080.00, 0.2151
15: 1565.08, 1080.00, 0.0112
16: 1332.21, 1080.00, 0.0128

Frame: 1052, Person: 1
0: 885.03, 418.75, 0.8091
1: 889.31, 414.64, 0.8191
2: 883.06, 414.62, 0.6706
3: 897.86, 415.85, 0.7514
4: 881.29, 415.74, 0.3112
5: 909.68, 437.02, 0.9813
6: 875.57, 437.16, 0.9673
7: 922.26, 468.43, 0.9113
8: 868.20, 467.10, 0.7476
9: 913.90, 493.09, 0.8539
10: 871.31, 490.29, 0.6873
11: 901.27, 498.37, 0.9774
12: 879.39, 497.67, 0.9698
13: 899.89, 546.47, 0.9442
14: 879.44, 546.05, 0.9204
15: 900.75, 591.13, 0.8740
16: 884.33, 590.20, 0.8388

Frame: 1052, Person: 2
0: 814.16, 446.87, 0.6011
1: 815.78, 441.75, 0.6798
2: 815.77, 441.08, 0.2047
3: 823.34, 442.08, 0.8565
4: 832.23, 441.11, 0.1333
5: 833.06, 465.27, 0.9810
6: 842.58, 462.33, 0.9169
7: 819.06, 499.42, 0.9447
8: 820.93, 494.38, 0.5151
9: 796.96, 524.43, 0.8694
10: 788.05, 520.39, 0.4696
11: 841.00, 526.34, 0.9659
12: 848.55, 524.17, 0.9245
13: 830.56, 577.34, 0.9102
14: 838.63, 575.78, 0.7865
15: 834.83, 617.88, 0.7828
16: 840.46, 613.03, 0.6352

Frame: 1053, Person: 0
0: 1404.40, 312.65, 0.9960
1: 1425.01, 278.70, 0.9827
2: 1376.91, 285.75, 0.9872
3: 1467.11, 271.68, 0.7403
4: 1341.25, 286.94, 0.8017
5: 1550.58, 398.93, 0.9881
6: 1296.12, 421.30, 0.9931
7: 1698.88, 548.53, 0.9335
8: 1160.40, 576.20, 0.9641
9: 1576.15, 537.52, 0.9355
10: 1221.59, 517.00, 0.9597
11: 1528.86, 831.48, 0.9322
12: 1359.44, 838.09, 0.9481
13: 1533.17, 1080.00, 0.1874
14: 1352.32, 1080.00, 0.2241
15: 1565.21, 1080.00, 0.0117
16: 1328.24, 1080.00, 0.0132

Frame: 1053, Person: 1
0: 885.18, 418.80, 0.8283
1: 889.55, 414.66, 0.8335
2: 883.04, 414.62, 0.7031
3: 898.17, 415.95, 0.7567
4: 880.79, 415.76, 0.3418
5: 909.89, 437.32, 0.9831
6: 874.57, 437.38, 0.9716
7: 922.31, 468.79, 0.9132
8: 866.98, 467.47, 0.7659
9: 913.52, 493.50, 0.8570
10: 871.16, 490.74, 0.7048
11: 901.33, 498.82, 0.9788
12: 878.55, 498.15, 0.9721
13: 900.01, 547.24, 0.9455
14: 878.69, 546.84, 0.9239
15: 900.26, 592.35, 0.8752
16: 883.39, 591.54, 0.8427

Frame: 1053, Person: 2
0: 813.21, 447.16, 0.6571
1: 815.13, 441.98, 0.7304
2: 814.81, 441.30, 0.2381
3: 823.73, 442.02, 0.8742
4: 831.38, 441.06, 0.1404
5: 833.40, 464.69, 0.9837
6: 842.39, 462.00, 0.9271
7: 820.22, 498.77, 0.9484
8: 821.96, 494.33, 0.5252
9: 798.32, 524.44, 0.8781
10: 790.47, 520.87, 0.4825
11: 841.48, 525.88, 0.9683
12: 848.67, 523.84, 0.9290
13: 831.34, 576.42, 0.9166
14: 839.27, 574.95, 0.7985
15: 835.81, 616.24, 0.7968
16: 841.50, 611.53, 0.6531

Frame: 1054, Person: 0
0: 1405.84, 313.23, 0.9961
1: 1425.49, 278.30, 0.9822
2: 1377.39, 285.93, 0.9876
3: 1467.52, 268.54, 0.7274
4: 1341.96, 285.36, 0.8165
5: 1549.78, 396.76, 0.9880
6: 1298.55, 417.61, 0.9939
7: 1686.15, 563.19, 0.9311
8: 1163.80, 585.08, 0.9687
9: 1561.27, 543.82, 0.9341
10: 1240.39, 511.84, 0.9640
11: 1528.56, 832.01, 0.9347
12: 1360.79, 838.83, 0.9533
13: 1532.79, 1080.00, 0.1963
14: 1353.52, 1080.00, 0.2470
15: 1563.54, 1080.00, 0.0121
16: 1325.87, 1080.00, 0.0144

Frame: 1054, Person: 1
0: 884.95, 418.57, 0.8290
1: 889.38, 414.42, 0.8344
2: 882.79, 414.37, 0.7037
3: 898.11, 415.73, 0.7574
4: 880.57, 415.52, 0.3394
5: 910.05, 437.21, 0.9833
6: 874.31, 437.23, 0.9719
7: 922.49, 469.31, 0.9136
8: 866.74, 467.85, 0.7676
9: 913.40, 494.84, 0.8574
10: 870.95, 491.99, 0.7059
11: 901.18, 499.70, 0.9791
12: 878.12, 498.95, 0.9725
13: 899.62, 549.04, 0.9444
14: 878.23, 548.58, 0.9225
15: 899.70, 594.75, 0.8712
16: 882.98, 593.87, 0.8379

Frame: 1054, Person: 2
0: 812.41, 447.00, 0.6241
1: 814.23, 441.82, 0.7026
2: 814.28, 441.12, 0.2120
3: 822.76, 441.95, 0.8665
4: 831.36, 440.87, 0.1294
5: 833.06, 464.58, 0.9822
6: 842.39, 461.73, 0.9201
7: 820.54, 498.62, 0.9473
8: 822.08, 493.96, 0.5179
9: 798.74, 524.16, 0.8757
10: 790.72, 520.75, 0.4764
11: 841.40, 525.65, 0.9669
12: 848.79, 523.50, 0.9259
13: 831.80, 576.11, 0.9126
14: 839.49, 574.52, 0.7899
15: 836.79, 615.56, 0.7871
16: 842.39, 610.68, 0.6394

Frame: 1055, Person: 0
0: 1406.02, 315.53, 0.9967
1: 1426.38, 278.39, 0.9867
2: 1376.00, 286.10, 0.9887
3: 1471.43, 263.99, 0.7855
4: 1338.97, 281.47, 0.7964
5: 1551.70, 402.18, 0.9903
6: 1299.73, 419.80, 0.9951
7: 1678.45, 569.45, 0.9346
8: 1169.62, 584.17, 0.9693
9: 1536.91, 546.83, 0.9383
10: 1269.15, 518.68, 0.9648
11: 1520.46, 832.19, 0.9512
12: 1351.77, 837.34, 0.9629
13: 1554.80, 1034.67, 0.2323
14: 1370.87, 1026.52, 0.2880
15: 1573.13, 1080.00, 0.0190
16: 1321.10, 1080.00, 0.0232

Frame: 1055, Person: 1
0: 884.61, 418.82, 0.8189
1: 889.05, 414.63, 0.8248
2: 882.40, 414.61, 0.6896
3: 897.92, 415.85, 0.7454
4: 880.04, 415.72, 0.3253
5: 910.28, 437.41, 0.9815
6: 873.39, 437.61, 0.9687
7: 923.39, 469.67, 0.9088
8: 865.94, 468.64, 0.7555
9: 914.26, 494.98, 0.8504
10: 871.09, 492.38, 0.6929
11: 901.44, 501.02, 0.9767
12: 877.65, 500.38, 0.9694
13: 899.70, 550.76, 0.9363
14: 878.18, 550.36, 0.9115
15: 899.51, 596.13, 0.8523
16: 883.10, 595.33, 0.8150

Frame: 1055, Person: 2
0: 808.91, 445.29, 0.5834
1: 810.72, 440.04, 0.6716
2: 811.28, 439.24, 0.1763
3: 819.96, 440.47, 0.8622
4: 829.99, 439.13, 0.1096
5: 831.49, 463.77, 0.9806
6: 841.47, 460.53, 0.9101
7: 819.88, 498.81, 0.9475
8: 820.91, 493.55, 0.5042
9: 798.02, 524.36, 0.8755
10: 789.56, 520.67, 0.4665
11: 840.77, 526.12, 0.9660
12: 848.50, 523.80, 0.9227
13: 832.21, 577.82, 0.9089
14: 839.22, 576.01, 0.7794
15: 838.19, 617.64, 0.7741
16: 843.02, 612.43, 0.6192

Frame: 1056, Person: 0
0: 1405.29, 314.24, 0.9954
1: 1424.61, 279.17, 0.9828
2: 1376.49, 286.02, 0.9843
3: 1468.91, 266.78, 0.7681
4: 1340.85, 283.29, 0.7474
5: 1547.91, 399.82, 0.9873
6: 1303.36, 420.02, 0.9927
7: 1655.48, 561.61, 0.9295
8: 1198.89, 579.48, 0.9617
9: 1498.44, 560.25, 0.9360
10: 1310.87, 532.73, 0.9585
11: 1520.55, 822.86, 0.9510
12: 1355.29, 828.81, 0.9609
13: 1542.56, 1080.00, 0.2340
14: 1376.67, 1080.00, 0.2775
15: 1551.13, 1080.00, 0.0166
16: 1336.47, 1080.00, 0.0194

Frame: 1056, Person: 1
0: 885.06, 418.44, 0.8200
1: 889.50, 414.23, 0.8241
2: 882.79, 414.19, 0.6949
3: 898.19, 415.47, 0.7409
4: 880.28, 415.30, 0.3334
5: 910.34, 437.08, 0.9806
6: 873.51, 437.19, 0.9681
7: 923.01, 469.33, 0.9032
8: 865.93, 468.12, 0.7519
9: 913.78, 494.72, 0.8421
10: 870.94, 492.06, 0.6869
11: 901.38, 500.48, 0.9750
12: 877.62, 499.81, 0.9675
13: 899.71, 550.43, 0.9313
14: 878.13, 550.00, 0.9058
15: 899.29, 596.03, 0.8423
16: 882.88, 595.23, 0.8048

Frame: 1056, Person: 2
0: 807.99, 442.88, 0.4248
1: 809.63, 437.81, 0.5059
2: 812.35, 437.52, 0.1144
3: 819.38, 436.94, 0.8586
4: 834.27, 434.52, 0.1291
5: 826.34, 460.39, 0.9763
6: 852.07, 455.48, 0.9315
7: 812.64, 501.19, 0.9183
8: 850.12, 493.27, 0.5076
9: 793.62, 531.61, 0.7994
10: 827.08, 526.40, 0.4121
11: 844.05, 533.75, 0.9682
12: 861.26, 530.32, 0.9463
13: 822.64, 590.09, 0.8827
14: 843.68, 588.34, 0.7833
15: 835.55, 639.70, 0.6641
16: 853.12, 634.29, 0.5346

Frame: 1057, Person: 0
0: 1404.90, 312.93, 0.9958
1: 1425.59, 276.96, 0.9851
2: 1376.12, 284.04, 0.9853
3: 1470.25, 264.58, 0.7989
4: 1339.08, 280.75, 0.7590
5: 1550.96, 404.28, 0.9907
6: 1297.14, 421.22, 0.9939
7: 1647.49, 575.04, 0.9416
8: 1206.50, 587.30, 0.9608
9: 1487.91, 562.67, 0.9425
10: 1314.70, 552.32, 0.9559
11: 1523.98, 821.56, 0.9628
12: 1352.17, 827.20, 0.9676
13: 1560.14, 1039.81, 0.3176
14: 1373.30, 1033.98, 0.3492
15: 1573.19, 1080.00, 0.0293
16: 1349.51, 1080.00, 0.0326

Frame: 1057, Person: 1
0: 885.40, 418.14, 0.8190
1: 889.82, 413.96, 0.8209
2: 883.12, 413.92, 0.6951
3: 898.43, 415.20, 0.7367
4: 880.62, 415.03, 0.3376
5: 910.76, 436.71, 0.9818
6: 873.68, 436.77, 0.9704
7: 923.13, 469.06, 0.9089
8: 865.80, 467.64, 0.7712
9: 913.53, 494.82, 0.8498
10: 870.57, 492.06, 0.7058
11: 901.54, 500.16, 0.9774
12: 877.63, 499.43, 0.9708
13: 899.91, 550.19, 0.9352
14: 877.90, 549.70, 0.9120
15: 899.27, 594.96, 0.8470
16: 882.46, 594.10, 0.8116

Frame: 1057, Person: 2
0: 811.48, 446.06, 0.6405
1: 813.57, 440.79, 0.7177
2: 813.48, 440.20, 0.2226
3: 822.82, 441.20, 0.8716
4: 830.75, 440.39, 0.1321
5: 832.36, 464.32, 0.9832
6: 841.62, 461.96, 0.9231
7: 819.87, 498.82, 0.9489
8: 820.98, 494.71, 0.5195
9: 798.84, 524.91, 0.8784
10: 790.30, 521.39, 0.4778
11: 840.15, 526.41, 0.9681
12: 847.50, 524.57, 0.9279
13: 832.12, 578.05, 0.9148
14: 839.52, 576.77, 0.7933
15: 838.42, 619.08, 0.7891
16: 843.90, 614.67, 0.6409

Frame: 1058, Person: 0
0: 1401.13, 307.01, 0.9958
1: 1423.89, 272.77, 0.9858
2: 1373.68, 278.16, 0.9853
3: 1469.22, 266.33, 0.8207
4: 1338.06, 278.51, 0.7567
5: 1550.66, 406.45, 0.9909
6: 1293.20, 424.47, 0.9946
7: 1647.86, 575.91, 0.9413
8: 1206.97, 594.12, 0.9641
9: 1491.76, 567.13, 0.9411
10: 1306.49, 558.92, 0.9572
11: 1523.98, 819.48, 0.9636
12: 1349.75, 825.16, 0.9696
13: 1562.09, 1035.38, 0.3210
14: 1369.68, 1029.14, 0.3628
15: 1571.38, 1080.00, 0.0300
16: 1347.59, 1080.00, 0.0346

Frame: 1058, Person: 1
0: 883.61, 415.51, 0.8244
1: 887.96, 410.70, 0.8280
2: 881.32, 410.91, 0.6846
3: 897.07, 412.13, 0.7521
4: 878.57, 412.60, 0.3142
5: 908.60, 436.44, 0.9803
6: 873.44, 437.56, 0.9644
7: 922.49, 468.38, 0.9096
8: 867.54, 469.13, 0.7344
9: 914.60, 492.67, 0.8528
10: 872.68, 490.94, 0.6779
11: 899.28, 501.50, 0.9757
12: 876.87, 501.11, 0.9668
13: 896.82, 553.15, 0.9402
14: 875.81, 553.07, 0.9138
15: 896.84, 597.52, 0.8501
16: 879.13, 597.00, 0.8084

Frame: 1059, Person: 0
0: 1399.13, 305.37, 0.9958
1: 1422.57, 271.22, 0.9863
2: 1371.69, 276.45, 0.9849
3: 1469.02, 265.95, 0.8349
4: 1336.85, 277.86, 0.7474
5: 1551.57, 407.67, 0.9909
6: 1292.11, 425.87, 0.9947
7: 1648.92, 578.62, 0.9405
8: 1206.31, 597.15, 0.9641
9: 1492.01, 568.17, 0.9401
10: 1304.16, 561.27, 0.9566
11: 1524.13, 821.55, 0.9624
12: 1348.67, 827.03, 0.9689
13: 1561.88, 1034.36, 0.3118
14: 1367.58, 1027.60, 0.3555
15: 1571.15, 1080.00, 0.0291
16: 1346.95, 1080.00, 0.0340

Frame: 1059, Person: 1
0: 884.76, 414.80, 0.8288
1: 889.04, 409.90, 0.8248
2: 882.30, 410.12, 0.6950
3: 897.79, 411.30, 0.7369
4: 878.98, 411.72, 0.3286
5: 908.81, 435.89, 0.9792
6: 873.58, 437.00, 0.9638
7: 922.67, 468.90, 0.9071
8: 868.14, 469.83, 0.7451
9: 914.52, 493.22, 0.8461
10: 873.81, 491.67, 0.6812
11: 898.99, 504.19, 0.9710
12: 876.52, 503.80, 0.9613
13: 896.57, 559.15, 0.9089
14: 874.93, 559.13, 0.8741
15: 895.68, 602.53, 0.7576
16: 877.35, 602.12, 0.7044

Frame: 1060, Person: 0
0: 1398.46, 305.32, 0.9957
1: 1421.48, 271.25, 0.9862
2: 1371.27, 276.63, 0.9840
3: 1468.20, 265.42, 0.8397
4: 1337.58, 277.78, 0.7360
5: 1551.32, 406.97, 0.9907
6: 1293.52, 425.23, 0.9944
7: 1648.20, 577.02, 0.9398
8: 1206.80, 594.91, 0.9624
9: 1492.45, 567.90, 0.9396
10: 1308.11, 557.35, 0.9551
11: 1524.51, 819.98, 0.9607
12: 1350.48, 825.63, 0.9671
13: 1561.62, 1030.81, 0.3062
14: 1371.48, 1024.59, 0.3471
15: 1570.95, 1080.00, 0.0287
16: 1351.93, 1080.00, 0.0334

Frame: 1060, Person: 1
0: 885.17, 414.30, 0.8368
1: 889.44, 409.40, 0.8301
2: 882.52, 409.64, 0.7136
3: 897.94, 410.83, 0.7348
4: 878.83, 411.35, 0.3520
5: 908.72, 435.46, 0.9801
6: 873.37, 436.67, 0.9666
7: 922.40, 468.33, 0.9044
8: 868.02, 469.42, 0.7531
9: 914.61, 492.84, 0.8438
10: 873.86, 491.46, 0.6899
11: 899.30, 503.13, 0.9730
12: 876.73, 502.85, 0.9646
13: 897.10, 557.92, 0.9218
14: 875.45, 557.96, 0.8932
15: 896.28, 602.73, 0.7950
16: 877.93, 602.42, 0.7502

Frame: 1061, Person: 0
0: 1397.44, 305.61, 0.9956
1: 1420.69, 271.73, 0.9865
2: 1370.36, 277.11, 0.9836
3: 1467.94, 266.40, 0.8476
4: 1337.48, 278.74, 0.7267
5: 1551.44, 407.43, 0.9905
6: 1293.80, 424.29, 0.9942
7: 1647.86, 577.29, 0.9397
8: 1206.41, 592.74, 0.9617
9: 1489.98, 564.97, 0.9394
10: 1308.19, 559.64, 0.9540
11: 1523.07, 823.66, 0.9595
12: 1348.81, 828.43, 0.9659
13: 1559.12, 1033.12, 0.2932
14: 1366.74, 1025.16, 0.3320
15: 1569.64, 1080.00, 0.0271
16: 1346.32, 1080.00, 0.0315

Frame: 1061, Person: 1
0: 885.48, 414.03, 0.8365
1: 889.81, 409.13, 0.8277
2: 882.79, 409.28, 0.7126
3: 898.29, 410.75, 0.7284
4: 878.73, 411.00, 0.3502
5: 908.60, 435.61, 0.9799
6: 873.17, 436.65, 0.9662
7: 922.82, 468.60, 0.9038
8: 868.07, 469.72, 0.7522
9: 915.59, 493.09, 0.8437
10: 874.43, 491.73, 0.6897
11: 898.65, 504.20, 0.9728
12: 876.02, 503.85, 0.9642
13: 896.01, 560.00, 0.9197
14: 874.39, 560.03, 0.8906
15: 895.15, 605.24, 0.7878
16: 876.48, 604.97, 0.7421

Frame: 1062, Person: 0
0: 1396.87, 304.73, 0.9951
1: 1419.55, 271.96, 0.9846
2: 1369.95, 276.97, 0.9819
3: 1466.90, 268.49, 0.8367
4: 1338.71, 280.74, 0.7065
5: 1549.25, 406.01, 0.9879
6: 1299.16, 423.25, 0.9932
7: 1648.26, 572.15, 0.9315
8: 1208.99, 588.59, 0.9622
9: 1492.37, 562.50, 0.9373
10: 1312.50, 551.98, 0.9568
11: 1519.13, 817.98, 0.9555
12: 1350.52, 821.86, 0.9648
13: 1541.56, 1078.38, 0.2695
14: 1370.25, 1070.16, 0.3195
15: 1544.58, 1080.00, 0.0208
16: 1341.49, 1080.00, 0.0250

Frame: 1062, Person: 1
0: 886.46, 414.11, 0.8582
1: 890.89, 409.15, 0.8458
2: 883.50, 409.25, 0.7498
3: 899.26, 410.74, 0.7358
4: 878.37, 410.82, 0.3874
5: 909.05, 435.64, 0.9805
6: 872.08, 436.55, 0.9684
7: 922.96, 468.52, 0.8995
8: 866.55, 469.58, 0.7573
9: 915.44, 491.66, 0.8366
10: 873.89, 490.35, 0.6909
11: 898.80, 505.15, 0.9695
12: 875.21, 504.82, 0.9607
13: 895.93, 562.36, 0.8989
14: 874.09, 562.40, 0.8663
15: 894.48, 607.53, 0.7291
16: 876.20, 607.35, 0.6802

Frame: 1063, Person: 0
0: 1395.49, 304.73, 0.9956
1: 1419.17, 270.92, 0.9870
2: 1368.49, 276.24, 0.9828
3: 1467.66, 265.85, 0.8596
4: 1336.90, 278.29, 0.7117
5: 1550.92, 406.54, 0.9907
6: 1294.19, 424.82, 0.9942
7: 1647.71, 576.93, 0.9411
8: 1205.43, 595.64, 0.9610
9: 1488.39, 559.03, 0.9413
10: 1306.44, 555.23, 0.9537
11: 1521.00, 821.79, 0.9605
12: 1347.67, 826.94, 0.9663
13: 1556.71, 1031.33, 0.3050
14: 1367.07, 1023.73, 0.3419
15: 1568.09, 1080.00, 0.0287
16: 1346.49, 1080.00, 0.0332

Frame: 1063, Person: 1
0: 882.29, 413.16, 0.8133
1: 886.68, 408.10, 0.8177
2: 880.04, 408.33, 0.6517
3: 896.58, 409.50, 0.7424
4: 876.88, 409.96, 0.2716
5: 908.56, 434.76, 0.9756
6: 872.22, 436.08, 0.9527
7: 923.86, 468.47, 0.9045
8: 867.33, 469.94, 0.6953
9: 914.91, 491.44, 0.8425
10: 873.41, 490.08, 0.6382
11: 898.14, 506.59, 0.9653
12: 875.25, 506.09, 0.9515
13: 894.37, 564.53, 0.8889
14: 873.46, 564.53, 0.8394
15: 894.41, 609.43, 0.7032
16: 876.11, 608.78, 0.6326

Frame: 1064, Person: 0
0: 1395.73, 304.04, 0.9956
1: 1419.53, 270.30, 0.9871
2: 1368.65, 275.52, 0.9829
3: 1468.03, 265.86, 0.8611
4: 1336.92, 278.05, 0.7121
5: 1550.24, 407.87, 0.9907
6: 1295.27, 425.07, 0.9943
7: 1647.43, 576.53, 0.9414
8: 1206.22, 593.81, 0.9618
9: 1490.64, 558.03, 0.9422
10: 1309.14, 555.05, 0.9548
11: 1520.13, 821.81, 0.9621
12: 1348.05, 826.49, 0.9678
13: 1553.87, 1034.03, 0.3148
14: 1366.92, 1025.69, 0.3536
15: 1566.26, 1080.00, 0.0299
16: 1346.18, 1080.00, 0.0347

Frame: 1065, Person: 0
0: 1395.70, 303.83, 0.9955
1: 1419.93, 270.25, 0.9872
2: 1368.76, 275.24, 0.9825
3: 1468.82, 266.39, 0.8646
4: 1337.24, 278.06, 0.7060
5: 1550.81, 408.66, 0.9907
6: 1294.94, 425.81, 0.9943
7: 1646.72, 577.66, 0.9416
8: 1206.59, 595.09, 0.9612
9: 1490.02, 556.86, 0.9424
10: 1307.37, 553.87, 0.9542
11: 1519.69, 823.23, 0.9624
12: 1346.87, 827.78, 0.9680
13: 1553.34, 1037.34, 0.3150
14: 1364.81, 1028.94, 0.3520
15: 1565.73, 1080.00, 0.0297
16: 1344.72, 1080.00, 0.0344

Frame: 1065, Person: 1
0: 880.91, 408.93, 0.8115
1: 885.40, 403.80, 0.8234
2: 878.85, 403.97, 0.6395
3: 895.87, 405.47, 0.7601
4: 875.87, 405.74, 0.2586
5: 907.56, 431.84, 0.9751
6: 871.11, 432.94, 0.9490
7: 921.81, 466.26, 0.9033
8: 865.47, 467.54, 0.6610
9: 912.14, 489.43, 0.8410
10: 871.31, 487.98, 0.6099
11: 896.93, 504.01, 0.9642
12: 874.08, 503.50, 0.9484
13: 893.01, 561.04, 0.8991
14: 873.10, 561.16, 0.8475
15: 893.65, 607.21, 0.7360
16: 876.44, 606.55, 0.6617

Frame: 1066, Person: 0
0: 1396.84, 303.04, 0.9955
1: 1421.09, 269.60, 0.9871
2: 1369.79, 274.87, 0.9823
3: 1469.72, 266.46, 0.8650
4: 1338.13, 278.81, 0.7057
5: 1551.76, 408.44, 0.9907
6: 1295.32, 426.33, 0.9942
7: 1646.48, 578.22, 0.9415
8: 1208.17, 596.07, 0.9606
9: 1490.43, 557.18, 0.9417
10: 1306.70, 553.92, 0.9532
11: 1519.96, 821.89, 0.9619
12: 1346.87, 826.72, 0.9673
13: 1553.80, 1034.45, 0.3121
14: 1364.54, 1026.78, 0.3477
15: 1565.15, 1080.00, 0.0294
16: 1345.20, 1080.00, 0.0340

Frame: 1066, Person: 1
0: 879.80, 407.29, 0.8256
1: 884.58, 402.05, 0.8445
2: 877.64, 402.29, 0.6509
3: 895.35, 403.63, 0.7936
4: 874.75, 404.13, 0.2472
5: 907.90, 430.02, 0.9788
6: 870.26, 431.29, 0.9538
7: 921.64, 465.38, 0.9184
8: 864.14, 466.14, 0.6770
9: 909.86, 490.55, 0.8608
10: 869.60, 488.51, 0.6260
11: 896.53, 502.26, 0.9682
12: 872.57, 501.59, 0.9529
13: 892.54, 559.71, 0.9071
14: 869.49, 559.61, 0.8547
15: 893.21, 606.11, 0.7484
16: 872.66, 605.20, 0.6699

Frame: 1067, Person: 0
0: 1397.21, 302.80, 0.9955
1: 1421.63, 269.38, 0.9872
2: 1370.30, 274.46, 0.9825
3: 1470.52, 266.04, 0.8672
4: 1338.86, 278.01, 0.7067
5: 1552.76, 408.35, 0.9909
6: 1295.13, 426.23, 0.9944
7: 1646.15, 579.75, 0.9426
8: 1208.14, 598.48, 0.9618
9: 1491.12, 557.26, 0.9425
10: 1302.36, 559.87, 0.9537
11: 1519.98, 821.42, 0.9639
12: 1346.10, 826.19, 0.9692
13: 1553.71, 1035.79, 0.3266
14: 1362.45, 1027.98, 0.3636
15: 1565.27, 1080.00, 0.0313
16: 1344.65, 1080.00, 0.0362

Frame: 1067, Person: 1
0: 879.96, 406.64, 0.8088
1: 884.36, 401.56, 0.8194
2: 877.84, 401.74, 0.6302
3: 894.49, 403.41, 0.7616
4: 874.76, 403.70, 0.2572
5: 905.49, 429.86, 0.9764
6: 870.49, 430.97, 0.9512
7: 918.30, 464.88, 0.9097
8: 865.39, 466.04, 0.6741
9: 907.46, 488.41, 0.8499
10: 871.27, 486.90, 0.6236
11: 894.97, 502.11, 0.9659
12: 872.88, 501.61, 0.9505
13: 890.47, 558.83, 0.9041
14: 870.81, 558.98, 0.8539
15: 890.94, 604.78, 0.7464
16: 873.81, 604.17, 0.6727

Frame: 1068, Person: 0
0: 1397.80, 302.61, 0.9956
1: 1422.18, 269.24, 0.9872
2: 1371.08, 274.19, 0.9828
3: 1470.68, 265.80, 0.8654
4: 1339.59, 277.47, 0.7115
5: 1553.21, 408.09, 0.9911
6: 1295.28, 426.24, 0.9946
7: 1645.81, 579.73, 0.9431
8: 1209.53, 598.88, 0.9627
9: 1490.50, 557.17, 0.9428
10: 1297.36, 561.93, 0.9544
11: 1520.92, 821.43, 0.9650
12: 1347.08, 826.26, 0.9704
13: 1554.49, 1035.37, 0.3357
14: 1363.87, 1027.64, 0.3746
15: 1565.15, 1080.00, 0.0324
16: 1348.70, 1080.00, 0.0377

Frame: 1068, Person: 1
0: 881.27, 406.41, 0.7864
1: 885.31, 401.50, 0.7903
2: 879.24, 401.64, 0.6022
3: 894.42, 403.56, 0.7370
4: 876.20, 403.67, 0.2625
5: 903.96, 429.93, 0.9752
6: 872.07, 430.83, 0.9509
7: 915.12, 465.16, 0.9058
8: 868.08, 466.20, 0.6820
9: 904.04, 487.82, 0.8448
10: 874.29, 486.38, 0.6295
11: 893.90, 502.09, 0.9665
12: 873.78, 501.67, 0.9523
13: 888.62, 558.54, 0.9085
14: 871.91, 558.77, 0.8628
15: 888.27, 604.08, 0.7591
16: 874.65, 603.70, 0.6913

Frame: 1069, Person: 0
0: 1397.85, 302.08, 0.9954
1: 1422.25, 268.89, 0.9871
2: 1371.38, 273.80, 0.9817
3: 1471.07, 265.41, 0.8686
4: 1340.57, 277.06, 0.6994
5: 1554.29, 406.93, 0.9909
6: 1295.98, 426.68, 0.9943
7: 1645.60, 578.72, 0.9426
8: 1212.43, 600.87, 0.9604
9: 1491.55, 558.20, 0.9414
10: 1301.13, 560.78, 0.9516
11: 1523.08, 822.25, 0.9636
12: 1349.10, 827.74, 0.9685
13: 1554.72, 1034.90, 0.3242
14: 1365.17, 1028.54, 0.3580
15: 1563.13, 1080.00, 0.0311
16: 1351.01, 1080.00, 0.0357

Frame: 1069, Person: 1
0: 880.54, 406.50, 0.8080
1: 884.73, 401.57, 0.8085
2: 878.08, 401.68, 0.6509
3: 893.72, 403.59, 0.7308
4: 874.01, 403.74, 0.2960
5: 904.03, 429.89, 0.9764
6: 868.66, 430.92, 0.9560
7: 916.48, 464.29, 0.8999
8: 863.61, 465.52, 0.6957
9: 906.95, 487.86, 0.8404
10: 870.67, 486.54, 0.6445
11: 894.57, 499.92, 0.9692
12: 872.24, 499.71, 0.9574
13: 890.59, 554.58, 0.9261
14: 871.64, 554.86, 0.8917
15: 890.81, 600.66, 0.8144
16: 874.94, 600.43, 0.7622

Frame: 1070, Person: 0
0: 1398.37, 301.08, 0.9954
1: 1422.92, 268.00, 0.9870
2: 1371.69, 273.20, 0.9823
3: 1471.69, 264.82, 0.8670
4: 1340.76, 277.22, 0.7106
5: 1555.25, 404.46, 0.9907
6: 1294.98, 427.48, 0.9946
7: 1644.39, 578.31, 0.9404
8: 1213.55, 606.11, 0.9619
9: 1493.84, 559.40, 0.9386
10: 1300.28, 559.88, 0.9522
11: 1525.52, 818.96, 0.9630
12: 1350.50, 826.02, 0.9690
13: 1557.16, 1034.66, 0.3160
14: 1366.45, 1031.33, 0.3566
15: 1562.22, 1080.00, 0.0297
16: 1352.69, 1080.00, 0.0348

Frame: 1070, Person: 1
0: 877.34, 405.80, 0.7906
1: 881.50, 400.88, 0.8020
2: 875.41, 401.01, 0.6123
3: 891.41, 402.67, 0.7434
4: 873.06, 402.94, 0.2596
5: 903.51, 428.73, 0.9759
6: 868.69, 429.66, 0.9519
7: 916.34, 463.06, 0.9041
8: 863.36, 463.88, 0.6763
9: 906.16, 487.80, 0.8459
10: 869.21, 486.09, 0.6307
11: 894.72, 497.64, 0.9712
12: 872.83, 497.20, 0.9588
13: 891.19, 551.53, 0.9373
14: 872.12, 551.66, 0.9040
15: 892.77, 598.19, 0.8453
16: 876.05, 597.50, 0.7942

Frame: 1071, Person: 0
0: 1396.83, 298.75, 0.9944
1: 1420.54, 267.93, 0.9823
2: 1371.16, 271.60, 0.9803
3: 1468.28, 268.75, 0.8281
4: 1341.85, 278.55, 0.7049
5: 1553.29, 399.17, 0.9854
6: 1297.21, 424.66, 0.9928
7: 1650.75, 572.25, 0.9240
8: 1220.14, 607.49, 0.9642
9: 1503.24, 565.62, 0.9303
10: 1296.68, 560.62, 0.9563
11: 1524.57, 805.61, 0.9430
12: 1352.17, 812.37, 0.9582
13: 1541.90, 1079.07, 0.2530
14: 1366.62, 1077.21, 0.3170
15: 1535.51, 1080.00, 0.0183
16: 1347.08, 1080.00, 0.0231

Frame: 1071, Person: 1
0: 876.23, 405.26, 0.8064
1: 880.43, 400.29, 0.8171
2: 874.13, 400.45, 0.6328
3: 890.34, 402.00, 0.7568
4: 871.34, 402.31, 0.2682
5: 902.59, 428.03, 0.9787
6: 867.03, 429.15, 0.9564
7: 916.03, 462.86, 0.9143
8: 862.27, 464.02, 0.6942
9: 905.81, 488.09, 0.8590
10: 869.24, 486.43, 0.6476
11: 894.33, 498.11, 0.9732
12: 871.84, 497.84, 0.9613
13: 891.64, 553.49, 0.9349
14: 871.47, 553.75, 0.8997
15: 893.05, 599.89, 0.8298
16: 875.44, 599.36, 0.7739

Frame: 1072, Person: 0
0: 1395.40, 298.38, 0.9943
1: 1419.64, 267.74, 0.9827
2: 1370.27, 271.04, 0.9796
3: 1467.88, 270.14, 0.8369
4: 1342.09, 278.99, 0.6972
5: 1553.99, 402.67, 0.9853
6: 1296.02, 430.53, 0.9926
7: 1651.82, 575.18, 0.9225
8: 1219.15, 616.42, 0.9621
9: 1512.05, 577.52, 0.9253
10: 1287.74, 572.77, 0.9522
11: 1526.33, 813.91, 0.9358
12: 1353.00, 821.78, 0.9524
13: 1545.12, 1079.31, 0.2145
14: 1368.65, 1079.58, 0.2708
15: 1533.26, 1080.00, 0.0150
16: 1348.70, 1080.00, 0.0189

Frame: 1072, Person: 1
0: 875.38, 404.94, 0.8085
1: 879.64, 399.94, 0.8222
2: 873.34, 400.12, 0.6343
3: 889.76, 401.68, 0.7655
4: 871.12, 402.06, 0.2658
5: 902.48, 427.91, 0.9792
6: 867.24, 429.00, 0.9571
7: 915.67, 462.92, 0.9156
8: 862.57, 463.78, 0.6948
9: 904.76, 488.36, 0.8610
10: 869.33, 486.46, 0.6489
11: 894.53, 497.47, 0.9739
12: 872.09, 497.12, 0.9623
13: 892.28, 552.45, 0.9393
14: 871.33, 552.63, 0.9059
15: 894.03, 599.45, 0.8438
16: 875.53, 598.81, 0.7907

Frame: 1073, Person: 0
0: 1392.71, 296.33, 0.9950
1: 1419.59, 264.10, 0.9885
2: 1367.48, 268.60, 0.9783
3: 1471.83, 267.29, 0.9034
4: 1341.54, 278.28, 0.6534
5: 1560.30, 411.61, 0.9906
6: 1293.26, 442.69, 0.9938
7: 1646.36, 587.73, 0.9401
8: 1216.51, 630.66, 0.9513
9: 1511.81, 592.83, 0.9301
10: 1273.52, 585.84, 0.9352
11: 1529.68, 828.71, 0.9504
12: 1350.32, 838.66, 0.9550
13: 1566.42, 1025.65, 0.2422
14: 1362.08, 1029.10, 0.2621
15: 1562.94, 1080.00, 0.0218
16: 1350.85, 1080.00, 0.0247

Frame: 1073, Person: 1
0: 874.80, 404.38, 0.8171
1: 879.15, 399.32, 0.8273
2: 872.56, 399.49, 0.6552
3: 889.30, 401.09, 0.7596
4: 869.96, 401.47, 0.2820
5: 902.34, 427.81, 0.9797
6: 865.71, 428.97, 0.9593
7: 916.78, 463.33, 0.9155
8: 861.35, 464.47, 0.7082
9: 906.71, 489.24, 0.8605
10: 869.13, 487.48, 0.6592
11: 894.61, 498.52, 0.9735
12: 871.18, 498.28, 0.9622
13: 893.20, 553.40, 0.9352
14: 870.77, 553.65, 0.9016
15: 894.84, 599.92, 0.8316
16: 875.06, 599.48, 0.7783

Frame: 1074, Person: 0
0: 1388.81, 295.36, 0.9938
1: 1414.65, 265.35, 0.9833
2: 1364.57, 268.96, 0.9736
3: 1467.05, 270.56, 0.8615
4: 1340.75, 279.46, 0.6455
5: 1551.16, 406.47, 0.9889
6: 1299.95, 430.44, 0.9914
7: 1648.32, 595.93, 0.9470
8: 1225.70, 630.66, 0.9554
9: 1519.09, 599.56, 0.9401
10: 1281.03, 586.28, 0.9448
11: 1520.58, 819.09, 0.9430
12: 1350.02, 825.30, 0.9500
13: 1533.24, 1080.00, 0.2960
14: 1346.71, 1079.91, 0.3210
15: 1546.59, 1080.00, 0.0230
16: 1346.82, 1080.00, 0.0254

Frame: 1074, Person: 1
0: 875.85, 406.89, 0.7558
1: 879.84, 402.34, 0.7636
2: 874.10, 402.34, 0.5821
3: 888.69, 403.65, 0.6954
4: 872.81, 403.50, 0.2512
5: 901.06, 427.69, 0.9737
6: 867.87, 428.05, 0.9504
7: 916.71, 462.03, 0.8990
8: 862.00, 461.81, 0.6906
9: 911.20, 488.49, 0.8353
10: 865.62, 486.08, 0.6327
11: 893.42, 497.38, 0.9696
12: 872.66, 496.93, 0.9580
13: 891.80, 551.73, 0.9163
14: 873.44, 551.72, 0.8784
15: 892.72, 597.67, 0.7999
16: 876.58, 596.91, 0.7450

Frame: 1075, Person: 0
0: 1387.99, 294.07, 0.9949
1: 1416.19, 262.47, 0.9895
2: 1364.00, 266.30, 0.9748
3: 1470.94, 269.01, 0.9195
4: 1342.74, 277.81, 0.6133
5: 1559.61, 416.41, 0.9917
6: 1296.74, 443.28, 0.9928
7: 1653.26, 602.26, 0.9470
8: 1227.25, 644.30, 0.9411
9: 1521.28, 603.79, 0.9349
10: 1283.84, 598.62, 0.9233
11: 1524.35, 842.46, 0.9456
12: 1347.05, 850.00, 0.9469
13: 1553.02, 1026.21, 0.2329
14: 1343.66, 1027.20, 0.2341
15: 1556.55, 1080.00, 0.0213
16: 1340.65, 1080.00, 0.0223

Frame: 1075, Person: 1
0: 877.61, 406.93, 0.7793
1: 881.54, 402.39, 0.7710
2: 875.44, 402.36, 0.6351
3: 889.61, 403.86, 0.6723
4: 873.15, 403.66, 0.3077
5: 901.28, 428.10, 0.9750
6: 867.42, 428.40, 0.9583
7: 916.61, 461.77, 0.8892
8: 861.12, 461.60, 0.7235
9: 912.40, 488.09, 0.8237
10: 865.12, 485.96, 0.6599
11: 894.03, 496.44, 0.9703
12: 872.87, 496.12, 0.9614
13: 892.46, 549.43, 0.9192
14: 874.18, 549.43, 0.8902
15: 892.93, 594.85, 0.8111
16: 877.19, 594.29, 0.7690

Frame: 1076, Person: 0
0: 1387.26, 291.84, 0.9930
1: 1414.09, 263.24, 0.9818
2: 1363.66, 265.64, 0.9706
3: 1466.56, 271.66, 0.8684
4: 1339.88, 278.11, 0.6299
5: 1553.75, 405.12, 0.9880
6: 1294.08, 433.59, 0.9915
7: 1653.95, 594.94, 0.9412
8: 1236.16, 637.64, 0.9551
9: 1529.98, 625.77, 0.9298
10: 1280.51, 611.04, 0.9373
11: 1520.51, 824.32, 0.9353
12: 1345.93, 831.29, 0.9439
13: 1535.61, 1073.26, 0.2343
14: 1354.25, 1074.95, 0.2643
15: 1527.52, 1080.00, 0.0171
16: 1352.77, 1080.00, 0.0197

Frame: 1076, Person: 1
0: 877.97, 407.56, 0.7872
1: 881.93, 403.04, 0.7776
2: 875.72, 403.01, 0.6486
3: 889.91, 404.50, 0.6751
4: 873.32, 404.30, 0.3197
5: 901.43, 428.75, 0.9753
6: 867.46, 429.01, 0.9594
7: 916.46, 462.58, 0.8880
8: 860.93, 462.26, 0.7272
9: 912.18, 488.84, 0.8209
10: 864.65, 486.66, 0.6608
11: 894.07, 497.39, 0.9690
12: 872.85, 497.07, 0.9600
13: 892.60, 550.48, 0.9112
14: 874.22, 550.47, 0.8807
15: 892.89, 595.45, 0.7914
16: 877.20, 594.93, 0.7477

Frame: 1077, Person: 0
0: 1384.72, 291.09, 0.9936
1: 1412.68, 262.10, 0.9845
2: 1362.15, 264.16, 0.9711
3: 1467.75, 271.04, 0.8864
4: 1342.18, 276.30, 0.6153
5: 1551.90, 408.58, 0.9889
6: 1301.49, 434.30, 0.9912
7: 1648.28, 593.77, 0.9468
8: 1239.64, 633.09, 0.9535
9: 1535.23, 633.72, 0.9377
10: 1280.04, 611.87, 0.9403
11: 1517.39, 823.62, 0.9409
12: 1347.96, 829.95, 0.9479
13: 1529.94, 1079.12, 0.2768
14: 1346.23, 1080.00, 0.3013
15: 1530.76, 1080.00, 0.0214
16: 1349.19, 1080.00, 0.0240

Frame: 1077, Person: 1
0: 877.74, 407.05, 0.7750
1: 881.63, 402.51, 0.7625
2: 875.49, 402.45, 0.6353
3: 889.45, 404.03, 0.6554
4: 873.12, 403.76, 0.3160
5: 900.84, 428.53, 0.9733
6: 867.19, 428.67, 0.9568
7: 915.76, 462.36, 0.8801
8: 860.54, 461.90, 0.7191
9: 912.01, 488.48, 0.8116
10: 863.98, 486.30, 0.6536
11: 893.72, 497.11, 0.9683
12: 872.83, 496.78, 0.9595
13: 892.39, 550.34, 0.9147
14: 874.37, 550.34, 0.8863
15: 893.19, 596.13, 0.8049
16: 877.39, 595.58, 0.7646

Frame: 1078, Person: 0
0: 1383.40, 290.51, 0.9933
1: 1411.47, 261.74, 0.9846
2: 1361.10, 263.81, 0.9686
3: 1467.54, 270.65, 0.8924
4: 1342.32, 275.80, 0.5978
5: 1551.79, 406.99, 0.9892
6: 1301.15, 433.39, 0.9908
7: 1647.51, 590.31, 0.9492
8: 1241.05, 628.32, 0.9518
9: 1541.10, 638.21, 0.9392
10: 1292.32, 599.71, 0.9385
11: 1518.42, 822.23, 0.9449
12: 1348.73, 829.62, 0.9499
13: 1533.45, 1078.58, 0.2920
14: 1350.05, 1080.00, 0.3116
15: 1532.62, 1080.00, 0.0231
16: 1352.45, 1080.00, 0.0255

Frame: 1078, Person: 1
0: 877.23, 406.93, 0.7528
1: 881.06, 402.36, 0.7416
2: 874.99, 402.29, 0.6080
3: 888.76, 403.91, 0.6380
4: 872.65, 403.62, 0.3008
5: 900.25, 428.57, 0.9699
6: 866.59, 428.71, 0.9512
7: 915.24, 462.35, 0.8710
8: 860.01, 461.92, 0.6990
9: 911.72, 487.88, 0.8006
10: 863.61, 485.74, 0.6351
11: 893.72, 497.00, 0.9662
12: 872.94, 496.74, 0.9567
13: 892.81, 549.54, 0.9155
14: 875.35, 549.60, 0.8869
15: 894.11, 595.34, 0.8139
16: 878.88, 594.82, 0.7742

Frame: 1079, Person: 0
0: 1382.90, 291.20, 0.9933
1: 1411.00, 262.58, 0.9846
2: 1360.72, 264.46, 0.9686
3: 1467.57, 270.92, 0.8930
4: 1342.23, 275.56, 0.5982
5: 1552.25, 406.15, 0.9890
6: 1301.29, 432.24, 0.9911
7: 1648.96, 589.27, 0.9476
8: 1241.74, 624.30, 0.9535
9: 1543.67, 639.93, 0.9376
10: 1299.89, 587.54, 0.9399
11: 1519.57, 820.87, 0.9444
12: 1349.87, 828.12, 0.9508
13: 1530.10, 1075.98, 0.2910
14: 1348.70, 1080.00, 0.3165
15: 1526.85, 1080.00, 0.0232
16: 1350.39, 1080.00, 0.0261

Frame: 1079, Person: 1
0: 877.66, 406.57, 0.7417
1: 881.23, 401.94, 0.7175
2: 875.22, 401.90, 0.6073
3: 888.35, 403.52, 0.5925
4: 872.37, 403.30, 0.3177
5: 899.47, 428.42, 0.9638
6: 866.35, 428.71, 0.9453
7: 915.17, 461.80, 0.8428
8: 860.53, 462.07, 0.6847
9: 913.25, 487.49, 0.7652
10: 864.71, 485.96, 0.6166
11: 893.78, 496.62, 0.9584
12: 873.47, 496.52, 0.9487
13: 893.18, 549.05, 0.8991
14: 876.16, 549.22, 0.8714
15: 894.60, 594.98, 0.7883
16: 879.37, 594.62, 0.7523

Frame: 1080, Person: 0
0: 1382.52, 291.88, 0.9936
1: 1411.07, 263.23, 0.9845
2: 1360.64, 264.04, 0.9706
3: 1467.39, 271.38, 0.8846
4: 1341.53, 273.72, 0.6171
5: 1550.54, 403.80, 0.9886
6: 1298.27, 433.38, 0.9918
7: 1650.97, 591.22, 0.9453
8: 1240.77, 631.58, 0.9579
9: 1542.07, 639.26, 0.9355
10: 1305.69, 563.08, 0.9445
11: 1519.71, 822.31, 0.9406
12: 1348.61, 831.22, 0.9502
13: 1528.63, 1076.70, 0.2701
14: 1345.29, 1080.00, 0.3057
15: 1524.88, 1080.00, 0.0205
16: 1345.58, 1080.00, 0.0238

Frame: 1080, Person: 1
0: 878.56, 406.88, 0.7394
1: 881.97, 402.30, 0.7069
2: 876.00, 402.26, 0.6120
3: 888.58, 403.87, 0.5712
4: 872.70, 403.67, 0.3314
5: 899.29, 428.33, 0.9627
6: 866.56, 428.69, 0.9462
7: 915.04, 461.27, 0.8359
8: 861.29, 461.85, 0.6950
9: 913.38, 486.64, 0.7586
10: 866.36, 485.37, 0.6260
11: 893.80, 495.90, 0.9580
12: 873.63, 495.87, 0.9493
13: 893.15, 548.10, 0.8997
14: 875.99, 548.32, 0.8754
15: 894.15, 594.05, 0.7921
16: 878.72, 593.82, 0.7606

Frame: 1081, Person: 0
0: 1379.71, 293.68, 0.9938
1: 1409.27, 264.08, 0.9894
2: 1358.06, 265.99, 0.9663
3: 1467.26, 271.63, 0.9290
4: 1341.28, 275.62, 0.5364
5: 1556.09, 411.61, 0.9910
6: 1297.86, 437.83, 0.9901
7: 1650.12, 596.83, 0.9454
8: 1234.81, 627.31, 0.9207
9: 1531.56, 625.30, 0.9274
10: 1305.02, 504.14, 0.9077
11: 1526.69, 836.21, 0.9389
12: 1352.78, 842.56, 0.9344
13: 1545.84, 1034.00, 0.1945
14: 1350.20, 1039.64, 0.1824
15: 1536.47, 1080.00, 0.0162
16: 1339.22, 1080.00, 0.0160

Frame: 1081, Person: 1
0: 878.59, 406.63, 0.6814
1: 881.51, 402.06, 0.6353
2: 876.58, 401.91, 0.5460
3: 887.27, 403.85, 0.5259
4: 874.58, 403.21, 0.3232
5: 896.48, 428.76, 0.9548
6: 869.95, 428.79, 0.9364
7: 913.31, 461.73, 0.8090
8: 867.30, 462.67, 0.6699
9: 914.94, 487.01, 0.7209
10: 872.72, 486.06, 0.5927
11: 892.14, 497.25, 0.9511
12: 876.13, 497.13, 0.9419
13: 891.73, 549.80, 0.8841
14: 878.65, 550.02, 0.8593
15: 893.45, 595.70, 0.7665
16: 881.05, 595.49, 0.7361

Frame: 1082, Person: 0
0: 1379.37, 294.90, 0.9943
1: 1408.11, 264.93, 0.9890
2: 1356.61, 267.57, 0.9708
3: 1465.06, 270.80, 0.9227
4: 1337.28, 277.10, 0.5606
5: 1555.25, 408.81, 0.9904
6: 1295.83, 435.80, 0.9921
7: 1649.93, 596.22, 0.9418
8: 1228.52, 617.44, 0.9414
9: 1520.19, 622.33, 0.9255
10: 1302.22, 482.43, 0.9275
11: 1521.38, 827.35, 0.9429
12: 1346.45, 832.91, 0.9443
13: 1548.81, 1025.36, 0.1958
14: 1352.75, 1028.27, 0.2042
15: 1539.53, 1080.00, 0.0160
16: 1327.15, 1080.00, 0.0177

Frame: 1082, Person: 1
0: 878.88, 406.94, 0.7619
1: 882.35, 402.42, 0.7294
2: 876.24, 402.36, 0.6416
3: 888.87, 404.04, 0.5895
4: 872.80, 403.75, 0.3542
5: 899.49, 428.48, 0.9663
6: 866.75, 428.71, 0.9518
7: 914.75, 461.80, 0.8424
8: 861.55, 462.05, 0.7106
9: 912.69, 487.52, 0.7646
10: 866.69, 486.03, 0.6386
11: 894.20, 496.14, 0.9593
12: 873.95, 496.08, 0.9511
13: 893.98, 548.75, 0.8956
14: 876.65, 548.92, 0.8715
15: 894.73, 594.52, 0.7780
16: 879.63, 594.28, 0.7466

Frame: 1083, Person: 0
0: 1374.98, 297.93, 0.9945
1: 1403.84, 267.29, 0.9894
2: 1351.73, 270.08, 0.9717
3: 1462.72, 270.55, 0.9246
4: 1333.42, 277.04, 0.5573
5: 1554.72, 407.73, 0.9901
6: 1293.29, 431.53, 0.9925
7: 1650.23, 596.20, 0.9393
8: 1217.88, 608.79, 0.9455
9: 1519.97, 605.83, 0.9253
10: 1297.01, 461.89, 0.9330
11: 1521.79, 833.16, 0.9423
12: 1345.68, 837.90, 0.9462
13: 1551.73, 1035.44, 0.1840
14: 1356.57, 1036.57, 0.2000
15: 1543.28, 1080.00, 0.0144
16: 1327.60, 1080.00, 0.0165

Frame: 1083, Person: 1
0: 878.76, 407.84, 0.7815
1: 882.43, 403.35, 0.7536
2: 875.90, 403.34, 0.6651
3: 889.11, 404.92, 0.6209
4: 872.23, 404.78, 0.3723
5: 900.00, 428.95, 0.9720
6: 865.97, 429.22, 0.9598
7: 913.68, 462.55, 0.8605
8: 860.60, 462.41, 0.7373
9: 908.83, 488.15, 0.7863
10: 866.66, 486.37, 0.6653
11: 894.48, 496.19, 0.9655
12: 873.07, 496.12, 0.9585
13: 894.50, 549.16, 0.9075
14: 875.41, 549.31, 0.8853
15: 894.49, 595.48, 0.7965
16: 878.40, 595.23, 0.7663

Frame: 1084, Person: 0
0: 1373.03, 300.83, 0.9947
1: 1401.77, 269.80, 0.9901
2: 1349.90, 272.15, 0.9708
3: 1463.21, 269.83, 0.9292
4: 1334.14, 275.47, 0.5261
5: 1555.23, 405.03, 0.9899
6: 1295.27, 422.89, 0.9921
7: 1648.27, 600.12, 0.9413
8: 1202.52, 602.77, 0.9456
9: 1514.96, 595.99, 0.9293
10: 1285.12, 455.96, 0.9351
11: 1519.93, 838.02, 0.9414
12: 1343.49, 840.45, 0.9445
13: 1555.87, 1039.93, 0.1782
14: 1352.55, 1036.64, 0.1921
15: 1555.83, 1080.00, 0.0137
16: 1313.13, 1080.00, 0.0157

Frame: 1084, Person: 1
0: 878.37, 407.92, 0.7609
1: 881.93, 403.45, 0.7327
2: 875.57, 403.47, 0.6374
3: 888.64, 405.00, 0.6033
4: 872.07, 404.96, 0.3523
5: 899.51, 428.79, 0.9679
6: 866.08, 429.21, 0.9535
7: 913.31, 461.92, 0.8479
8: 861.32, 462.21, 0.7132
9: 908.45, 486.49, 0.7729
10: 867.85, 485.01, 0.6447
11: 894.43, 495.44, 0.9624
12: 873.48, 495.45, 0.9546
13: 893.99, 547.60, 0.9089
14: 876.03, 547.82, 0.8863
15: 894.40, 594.23, 0.8085
16: 879.27, 594.05, 0.7786

Frame: 1085, Person: 0
0: 1374.15, 303.55, 0.9948
1: 1402.43, 271.69, 0.9903
2: 1350.25, 274.88, 0.9722
3: 1465.20, 268.83, 0.9304
4: 1335.63, 276.76, 0.5310
5: 1558.18, 404.79, 0.9891
6: 1298.72, 420.03, 0.9926
7: 1642.29, 601.79, 0.9359
8: 1195.82, 599.95, 0.9503
9: 1504.43, 569.30, 0.9279
10: 1262.08, 464.18, 0.9398
11: 1518.67, 838.05, 0.9373
12: 1342.33, 839.14, 0.9448
13: 1555.21, 1036.51, 0.1704
14: 1347.72, 1030.32, 0.1945
15: 1555.30, 1080.00, 0.0132
16: 1304.63, 1080.00, 0.0158

Frame: 1085, Person: 1
0: 876.53, 407.05, 0.7390
1: 880.22, 402.58, 0.7239
2: 874.02, 402.61, 0.5971
3: 887.62, 404.16, 0.6219
4: 871.61, 404.17, 0.3107
5: 899.20, 427.83, 0.9674
6: 866.39, 428.22, 0.9494
7: 912.55, 460.59, 0.8560
8: 861.91, 460.49, 0.6953
9: 906.30, 484.80, 0.7845
10: 868.01, 482.94, 0.6335
11: 894.03, 492.76, 0.9652
12: 873.37, 492.61, 0.9566
13: 893.35, 543.79, 0.9268
14: 875.29, 543.88, 0.9042
15: 894.52, 590.94, 0.8509
16: 879.13, 590.54, 0.8208

Frame: 1086, Person: 0
0: 1378.27, 304.88, 0.9953
1: 1405.83, 273.25, 0.9899
2: 1354.75, 275.76, 0.9767
3: 1465.60, 269.65, 0.9178
4: 1337.93, 276.35, 0.5869
5: 1554.38, 404.60, 0.9888
6: 1295.82, 423.10, 0.9936
7: 1641.35, 595.13, 0.9319
8: 1188.62, 606.62, 0.9562
9: 1490.36, 543.35, 0.9290
10: 1250.71, 471.40, 0.9472
11: 1515.18, 838.59, 0.9389
12: 1338.96, 841.65, 0.9496
13: 1560.58, 1041.93, 0.1768
14: 1351.76, 1035.13, 0.2116
15: 1567.70, 1080.00, 0.0135
16: 1310.59, 1080.00, 0.0167

Frame: 1086, Person: 1
0: 875.37, 407.09, 0.7279
1: 879.18, 402.64, 0.7180
2: 872.99, 402.59, 0.5808
3: 886.98, 404.29, 0.6212
4: 870.95, 404.09, 0.2920
5: 898.97, 427.96, 0.9657
6: 865.69, 428.09, 0.9456
7: 912.77, 460.36, 0.8537
8: 860.86, 459.85, 0.6824
9: 906.82, 484.78, 0.7823
10: 866.79, 482.65, 0.6229
11: 893.44, 491.82, 0.9646
12: 872.44, 491.48, 0.9554
13: 892.64, 541.78, 0.9307
14: 873.80, 541.73, 0.9079
15: 894.38, 589.09, 0.8630
16: 877.96, 588.52, 0.8333

Frame: 1087, Person: 0
0: 1381.20, 307.08, 0.9957
1: 1409.08, 275.50, 0.9895
2: 1357.35, 277.06, 0.9803
3: 1468.06, 270.47, 0.9049
4: 1338.88, 275.24, 0.6348
5: 1552.70, 401.43, 0.9884
6: 1295.41, 419.93, 0.9947
7: 1634.12, 594.24, 0.9274
8: 1182.46, 610.58, 0.9648
9: 1478.37, 532.67, 0.9272
10: 1237.91, 475.99, 0.9559
11: 1513.50, 833.20, 0.9413
12: 1337.50, 836.47, 0.9565
13: 1563.25, 1039.48, 0.1856
14: 1350.89, 1031.75, 0.2402
15: 1567.57, 1080.00, 0.0141
16: 1301.60, 1080.00, 0.0187

Frame: 1087, Person: 1
0: 873.69, 405.71, 0.7383
1: 877.61, 401.16, 0.7414
2: 871.62, 401.22, 0.5782
3: 886.47, 402.67, 0.6603
4: 870.66, 402.80, 0.2696
5: 899.74, 426.74, 0.9679
6: 866.39, 427.14, 0.9450
7: 914.22, 459.63, 0.8659
8: 861.71, 459.26, 0.6707
9: 907.31, 484.78, 0.7964
10: 866.82, 482.57, 0.6148
11: 894.21, 490.95, 0.9654
12: 873.07, 490.52, 0.9548
13: 892.93, 540.64, 0.9328
14: 873.60, 540.51, 0.9069
15: 895.07, 588.11, 0.8653
16: 878.14, 587.35, 0.8310

Frame: 1088, Person: 0
0: 1383.99, 308.96, 0.9957
1: 1412.27, 276.91, 0.9891
2: 1359.36, 278.49, 0.9816
3: 1470.63, 271.09, 0.8951
4: 1338.31, 276.01, 0.6596
5: 1552.03, 402.56, 0.9876
6: 1290.30, 422.16, 0.9948
7: 1623.05, 596.06, 0.9220
8: 1178.64, 616.06, 0.9652
9: 1463.03, 519.73, 0.9245
10: 1233.34, 478.14, 0.9568
11: 1512.65, 834.47, 0.9388
12: 1332.93, 839.22, 0.9560
13: 1567.92, 1045.22, 0.1782
14: 1348.80, 1039.57, 0.2356
15: 1574.36, 1080.00, 0.0133
16: 1305.43, 1080.00, 0.0178

Frame: 1089, Person: 0
0: 1385.72, 311.19, 0.9957
1: 1413.92, 278.76, 0.9886
2: 1361.22, 280.27, 0.9821
3: 1471.68, 272.51, 0.8872
4: 1339.71, 277.31, 0.6685
5: 1551.37, 404.25, 0.9867
6: 1292.13, 426.42, 0.9949
7: 1614.97, 593.50, 0.9181
8: 1181.47, 619.82, 0.9671
9: 1444.31, 513.48, 0.9224
10: 1225.14, 486.60, 0.9586
11: 1514.95, 843.73, 0.9358
12: 1335.68, 849.40, 0.9558
13: 1571.06, 1047.95, 0.1672
14: 1347.99, 1042.91, 0.2283
15: 1575.37, 1080.00, 0.0125
16: 1302.19, 1080.00, 0.0171

Frame: 1090, Person: 0
0: 1387.85, 312.74, 0.9959
1: 1415.85, 280.10, 0.9881
2: 1362.66, 282.11, 0.9842
3: 1470.71, 274.61, 0.8714
4: 1337.60, 280.43, 0.7105
5: 1547.80, 404.88, 0.9865
6: 1289.59, 431.47, 0.9952
7: 1613.20, 587.86, 0.9138
8: 1183.70, 622.60, 0.9682
9: 1438.86, 511.92, 0.9190
10: 1224.85, 488.25, 0.9598
11: 1515.22, 839.29, 0.9328
12: 1336.99, 847.00, 0.9551
13: 1569.26, 1042.72, 0.1622
14: 1349.92, 1040.34, 0.2265
15: 1572.10, 1080.00, 0.0121
16: 1307.08, 1080.00, 0.0167

Frame: 1091, Person: 0
0: 1389.82, 314.38, 0.9959
1: 1417.09, 281.49, 0.9872
2: 1364.25, 283.71, 0.9850
3: 1470.19, 273.95, 0.8515
4: 1336.75, 280.31, 0.7313
5: 1547.37, 402.02, 0.9867
6: 1286.84, 430.18, 0.9953
7: 1608.77, 588.69, 0.9140
8: 1185.27, 627.50, 0.9687
9: 1424.89, 510.75, 0.9189
10: 1225.70, 499.33, 0.9601
11: 1517.96, 836.22, 0.9359
12: 1338.34, 844.87, 0.9574
13: 1570.96, 1044.90, 0.1702
14: 1352.73, 1043.19, 0.2362
15: 1571.53, 1080.00, 0.0126
16: 1314.05, 1080.00, 0.0172

Frame: 1092, Person: 0
0: 1391.37, 314.84, 0.9961
1: 1418.39, 281.53, 0.9869
2: 1364.84, 284.47, 0.9865
3: 1469.74, 274.18, 0.8380
4: 1334.71, 281.82, 0.7573
5: 1545.46, 402.52, 0.9866
6: 1285.85, 429.42, 0.9954
7: 1608.92, 589.85, 0.9113
8: 1187.09, 625.82, 0.9694
9: 1423.80, 513.38, 0.9158
10: 1231.56, 508.26, 0.9602
11: 1518.12, 838.59, 0.9329
12: 1339.16, 846.88, 0.9561
13: 1569.89, 1045.58, 0.1590
14: 1352.75, 1042.58, 0.2246
15: 1572.56, 1080.00, 0.0117
16: 1315.82, 1080.00, 0.0161

Frame: 1093, Person: 0
0: 1392.87, 314.80, 0.9961
1: 1419.12, 281.27, 0.9866
2: 1366.02, 285.08, 0.9869
3: 1469.18, 274.41, 0.8308
4: 1335.24, 284.12, 0.7685
5: 1544.24, 403.11, 0.9866
6: 1288.27, 434.59, 0.9955
7: 1611.63, 589.12, 0.9099
8: 1189.69, 632.24, 0.9697
9: 1427.02, 517.64, 0.9155
10: 1236.68, 503.87, 0.9613
11: 1518.61, 835.53, 0.9331
12: 1342.74, 845.61, 0.9567
13: 1566.61, 1045.43, 0.1638
14: 1356.54, 1045.61, 0.2325
15: 1568.28, 1080.00, 0.0121
16: 1316.38, 1080.00, 0.0166

Frame: 1094, Person: 0
0: 1394.72, 314.51, 0.9963
1: 1420.69, 280.34, 0.9863
2: 1367.10, 284.48, 0.9879
3: 1469.27, 273.63, 0.8153
4: 1334.51, 283.93, 0.7868
5: 1542.85, 403.67, 0.9865
6: 1290.65, 435.06, 0.9956
7: 1616.21, 590.12, 0.9076
8: 1192.97, 632.78, 0.9706
9: 1436.80, 523.43, 0.9141
10: 1239.38, 504.74, 0.9626
11: 1518.44, 836.19, 0.9296
12: 1345.46, 846.05, 0.9553
13: 1563.40, 1042.31, 0.1584
14: 1357.45, 1042.25, 0.2289
15: 1564.51, 1080.00, 0.0117
16: 1313.44, 1080.00, 0.0162

Frame: 1095, Person: 0
0: 1395.87, 312.97, 0.9963
1: 1421.48, 278.62, 0.9866
2: 1368.11, 283.43, 0.9877
3: 1469.87, 272.63, 0.8234
4: 1335.75, 284.65, 0.7839
5: 1545.20, 404.05, 0.9871
6: 1292.33, 437.94, 0.9957
7: 1618.86, 590.59, 0.9100
8: 1195.68, 636.45, 0.9709
9: 1440.26, 523.10, 0.9170
10: 1241.20, 505.61, 0.9633
11: 1521.71, 830.15, 0.9335
12: 1348.63, 841.06, 0.9575
13: 1565.96, 1034.24, 0.1772
14: 1359.65, 1036.07, 0.2524
15: 1567.01, 1080.00, 0.0135
16: 1317.08, 1080.00, 0.0187

Frame: 1096, Person: 0
0: 1396.94, 308.79, 0.9951
1: 1420.08, 277.73, 0.9810
2: 1370.42, 281.51, 0.9843
3: 1466.49, 274.89, 0.7757
4: 1340.72, 285.90, 0.7546
5: 1546.77, 391.54, 0.9806
6: 1301.58, 425.27, 0.9938
7: 1623.45, 575.10, 0.8973
8: 1207.94, 623.37, 0.9718
9: 1442.63, 518.01, 0.9039
10: 1253.95, 508.35, 0.9615
11: 1527.28, 818.02, 0.9065
12: 1359.61, 826.60, 0.9444
13: 1534.97, 1080.00, 0.1282
14: 1356.26, 1080.00, 0.1975
15: 1522.65, 1080.00, 0.0074
16: 1312.10, 1080.00, 0.0106

Frame: 1097, Person: 0
0: 1397.48, 308.79, 0.9961
1: 1422.05, 274.98, 0.9865
2: 1370.15, 280.43, 0.9871
3: 1469.18, 271.26, 0.8282
4: 1338.03, 284.61, 0.7794
5: 1546.70, 406.68, 0.9876
6: 1293.99, 441.19, 0.9956
7: 1626.58, 587.37, 0.9128
8: 1199.28, 635.03, 0.9690
9: 1454.36, 523.73, 0.9191
10: 1256.63, 509.12, 0.9613
11: 1522.72, 827.08, 0.9368
12: 1350.64, 838.25, 0.9581
13: 1561.46, 1035.49, 0.1886
14: 1361.43, 1037.88, 0.2597
15: 1562.29, 1080.00, 0.0146
16: 1321.23, 1080.00, 0.0197

Frame: 1098, Person: 0
0: 1398.82, 307.20, 0.9963
1: 1423.22, 273.55, 0.9863
2: 1371.48, 279.04, 0.9881
3: 1469.16, 270.88, 0.8173
4: 1338.67, 284.15, 0.7953
5: 1545.76, 405.27, 0.9878
6: 1295.35, 441.53, 0.9959
7: 1631.11, 586.50, 0.9128
8: 1202.80, 638.36, 0.9718
9: 1463.25, 525.73, 0.9189
10: 1261.71, 507.29, 0.9641
11: 1524.22, 826.80, 0.9383
12: 1353.28, 838.77, 0.9604
13: 1565.77, 1034.68, 0.1901
14: 1364.03, 1037.99, 0.2685
15: 1569.03, 1080.00, 0.0145
16: 1320.42, 1080.00, 0.0201

Frame: 1099, Person: 0
0: 1398.06, 305.00, 0.9962
1: 1422.64, 271.78, 0.9861
2: 1371.35, 276.70, 0.9875
3: 1468.36, 270.06, 0.8181
4: 1338.94, 281.75, 0.7879
5: 1546.90, 405.84, 0.9882
6: 1292.59, 440.99, 0.9956
7: 1635.40, 585.14, 0.9163
8: 1204.64, 636.81, 0.9692
9: 1479.99, 522.17, 0.9198
10: 1260.84, 505.70, 0.9610
11: 1525.45, 829.89, 0.9389
12: 1352.16, 841.88, 0.9587
13: 1571.16, 1036.57, 0.1871
14: 1366.52, 1040.37, 0.2553
15: 1572.48, 1080.00, 0.0141
16: 1327.55, 1080.00, 0.0189

Frame: 1100, Person: 0
0: 1399.02, 302.51, 0.9962
1: 1423.43, 269.54, 0.9860
2: 1372.16, 274.69, 0.9874
3: 1468.18, 269.59, 0.8156
4: 1339.17, 281.54, 0.7874
5: 1546.50, 407.18, 0.9886
6: 1292.34, 439.59, 0.9953
7: 1641.46, 583.14, 0.9201
8: 1205.23, 630.45, 0.9673
9: 1497.13, 520.17, 0.9224
10: 1264.85, 506.58, 0.9592
11: 1522.16, 831.54, 0.9397
12: 1349.58, 842.69, 0.9574
13: 1569.68, 1038.46, 0.1853
14: 1367.98, 1041.12, 0.2456
15: 1572.11, 1080.00, 0.0138
16: 1330.55, 1080.00, 0.0179

Frame: 1101, Person: 0
0: 1397.68, 297.67, 0.9960
1: 1422.13, 265.91, 0.9861
2: 1371.08, 271.46, 0.9863
3: 1466.51, 269.10, 0.8292
4: 1338.81, 282.10, 0.7747
5: 1544.38, 403.80, 0.9890
6: 1292.36, 439.88, 0.9952
7: 1643.83, 573.86, 0.9249
8: 1208.40, 629.61, 0.9661
9: 1503.49, 513.24, 0.9250
10: 1274.31, 505.50, 0.9572
11: 1522.37, 826.45, 0.9434
12: 1351.94, 839.19, 0.9585
13: 1566.93, 1032.76, 0.1947
14: 1371.95, 1037.12, 0.2505
15: 1573.08, 1080.00, 0.0148
16: 1339.91, 1080.00, 0.0188

Frame: 1102, Person: 0
0: 1390.36, 293.35, 0.9954
1: 1416.88, 262.92, 0.9872
2: 1364.25, 268.16, 0.9825
3: 1465.24, 270.35, 0.8747
4: 1335.94, 282.67, 0.7153
5: 1546.28, 404.40, 0.9896
6: 1292.52, 439.04, 0.9947
7: 1645.21, 577.09, 0.9314
8: 1214.74, 626.89, 0.9617
9: 1517.99, 517.24, 0.9280
10: 1278.70, 492.93, 0.9514
11: 1523.04, 818.98, 0.9480
12: 1352.42, 830.50, 0.9590
13: 1562.37, 1027.15, 0.2131
14: 1369.84, 1031.38, 0.2594
15: 1565.62, 1080.00, 0.0166
16: 1342.16, 1080.00, 0.0206

Frame: 1103, Person: 0
0: 1383.62, 289.78, 0.9951
1: 1412.88, 260.56, 0.9887
2: 1359.17, 263.57, 0.9784
3: 1465.98, 272.56, 0.9071
4: 1335.36, 279.54, 0.6417
5: 1548.44, 407.97, 0.9895
6: 1294.40, 438.90, 0.9937
7: 1653.61, 576.22, 0.9346
8: 1215.95, 622.73, 0.9556
9: 1528.07, 515.99, 0.9306
10: 1288.52, 481.45, 0.9453
11: 1524.68, 830.13, 0.9424
12: 1353.04, 838.93, 0.9515
13: 1556.98, 1027.98, 0.1878
14: 1361.36, 1027.40, 0.2190
15: 1562.75, 1080.00, 0.0145
16: 1330.67, 1080.00, 0.0175

Frame: 1104, Person: 0
0: 1378.47, 287.06, 0.9947
1: 1408.67, 258.53, 0.9895
2: 1355.31, 260.49, 0.9728
3: 1464.65, 274.37, 0.9219
4: 1336.32, 278.34, 0.5817
5: 1548.35, 411.84, 0.9904
6: 1298.28, 438.56, 0.9921
7: 1656.39, 571.11, 0.9453
8: 1217.08, 617.40, 0.9456
9: 1542.52, 510.51, 0.9423
10: 1301.06, 472.92, 0.9410
11: 1529.94, 829.74, 0.9465
12: 1360.85, 837.93, 0.9499
13: 1556.93, 1027.72, 0.2232
14: 1363.96, 1027.44, 0.2340
15: 1566.58, 1080.00, 0.0178
16: 1341.57, 1080.00, 0.0196

Frame: 1105, Person: 0
0: 1372.01, 284.30, 0.9940
1: 1403.77, 256.26, 0.9899
2: 1350.78, 257.43, 0.9651
3: 1464.42, 273.02, 0.9363
4: 1336.82, 274.81, 0.4999
5: 1549.73, 410.19, 0.9907
6: 1297.83, 436.86, 0.9906
7: 1658.48, 566.80, 0.9505
8: 1215.32, 616.00, 0.9349
9: 1544.01, 506.62, 0.9467
10: 1300.67, 474.03, 0.9321
11: 1529.29, 830.35, 0.9489
12: 1359.26, 838.08, 0.9469
13: 1554.38, 1028.16, 0.2350
14: 1363.38, 1026.67, 0.2277
15: 1565.72, 1080.00, 0.0191
16: 1346.47, 1080.00, 0.0198

Frame: 1106, Person: 0
0: 1369.06, 282.05, 0.9941
1: 1400.89, 254.44, 0.9903
2: 1348.63, 255.57, 0.9653
3: 1462.74, 272.20, 0.9413
4: 1336.70, 273.63, 0.4992
5: 1549.69, 410.97, 0.9909
6: 1296.52, 436.20, 0.9913
7: 1658.98, 565.48, 0.9505
8: 1211.78, 610.31, 0.9391
9: 1549.90, 509.67, 0.9467
10: 1297.67, 470.16, 0.9352
11: 1530.04, 826.70, 0.9519
12: 1359.10, 834.16, 0.9514
13: 1559.84, 1025.95, 0.2487
14: 1365.80, 1024.42, 0.2469
15: 1573.78, 1080.00, 0.0206
16: 1351.70, 1080.00, 0.0220

Frame: 1107, Person: 0
0: 1368.68, 280.97, 0.9942
1: 1401.25, 253.24, 0.9904
2: 1348.54, 253.70, 0.9656
3: 1464.24, 270.88, 0.9416
4: 1336.95, 270.64, 0.4993
5: 1550.09, 409.68, 0.9908
6: 1294.18, 435.05, 0.9917
7: 1660.08, 564.28, 0.9501
8: 1203.05, 613.42, 0.9417
9: 1544.93, 505.27, 0.9475
10: 1296.99, 473.10, 0.9383
11: 1530.50, 831.02, 0.9515
12: 1357.75, 838.80, 0.9520
13: 1561.55, 1028.22, 0.2445
14: 1366.67, 1025.70, 0.2466
15: 1575.77, 1080.00, 0.0202
16: 1350.78, 1080.00, 0.0219

Frame: 1108, Person: 0
0: 1369.47, 278.48, 0.9941
1: 1401.69, 250.98, 0.9907
2: 1349.74, 252.14, 0.9649
3: 1465.80, 269.39, 0.9464
4: 1340.47, 270.33, 0.4956
5: 1554.82, 410.65, 0.9909
6: 1295.60, 431.87, 0.9921
7: 1658.34, 571.90, 0.9489
8: 1196.95, 610.02, 0.9438
9: 1547.36, 513.83, 0.9450
10: 1299.15, 473.97, 0.9382
11: 1532.95, 831.69, 0.9498
12: 1358.52, 837.99, 0.9517
13: 1560.23, 1025.44, 0.2344
14: 1363.60, 1022.21, 0.2415
15: 1573.24, 1080.00, 0.0193
16: 1347.94, 1080.00, 0.0215

Frame: 1108, Person: 1
0: 881.75, 399.24, 0.6596
1: 884.53, 394.64, 0.6222
2: 880.14, 394.73, 0.5074
3: 891.18, 396.39, 0.5258
4: 879.11, 396.51, 0.2758
5: 901.39, 421.22, 0.9506
6: 874.68, 421.37, 0.9297
7: 913.16, 453.93, 0.8156
8: 869.62, 453.87, 0.6716
9: 907.99, 476.96, 0.7358
10: 872.07, 475.71, 0.6061
11: 895.23, 487.07, 0.9538
12: 878.82, 486.50, 0.9443
13: 892.17, 537.63, 0.9095
14: 877.01, 537.52, 0.8870
15: 893.45, 583.70, 0.8216
16: 878.90, 582.94, 0.7933

Frame: 1109, Person: 0
0: 1373.32, 276.36, 0.9943
1: 1405.12, 248.38, 0.9905
2: 1352.37, 250.81, 0.9670
3: 1468.74, 266.46, 0.9432
4: 1340.94, 270.55, 0.4979
5: 1556.53, 408.90, 0.9900
6: 1298.66, 431.36, 0.9920
7: 1656.94, 581.26, 0.9436
8: 1195.53, 614.07, 0.9440
9: 1547.58, 530.41, 0.9358
10: 1288.99, 485.74, 0.9330
11: 1529.11, 837.80, 0.9389
12: 1355.18, 843.37, 0.9409
13: 1562.02, 1027.00, 0.1679
14: 1363.94, 1022.86, 0.1777
15: 1572.19, 1080.00, 0.0128
16: 1327.78, 1080.00, 0.0146

Frame: 1109, Person: 1
0: 883.37, 399.32, 0.6876
1: 886.28, 394.73, 0.6418
2: 881.34, 394.81, 0.5504
3: 892.50, 396.60, 0.5202
4: 879.12, 396.69, 0.3062
5: 902.16, 421.37, 0.9534
6: 873.90, 421.55, 0.9371
7: 913.44, 453.96, 0.8152
8: 868.57, 453.96, 0.6950
9: 907.95, 477.04, 0.7365
10: 871.94, 475.90, 0.6267
11: 895.54, 487.04, 0.9546
12: 877.95, 486.57, 0.9466
13: 892.87, 538.22, 0.9068
14: 876.13, 538.17, 0.8872
15: 893.36, 584.52, 0.8140
16: 877.68, 583.96, 0.7892

Frame: 1110, Person: 0
0: 1378.09, 273.93, 0.9945
1: 1409.37, 246.50, 0.9905
2: 1356.73, 248.96, 0.9698
3: 1470.47, 266.45, 0.9412
4: 1343.32, 270.92, 0.5225
5: 1557.68, 410.44, 0.9893
6: 1302.10, 430.57, 0.9919
7: 1659.48, 581.19, 0.9386
8: 1194.10, 602.50, 0.9444
9: 1544.23, 550.13, 0.9286
10: 1276.86, 476.87, 0.9319
11: 1527.87, 839.39, 0.9274
12: 1355.47, 843.05, 0.9324
13: 1556.17, 1024.47, 0.1358
14: 1358.65, 1018.47, 0.1481
15: 1565.36, 1080.00, 0.0102
16: 1318.75, 1077.96, 0.0118

Frame: 1110, Person: 1
0: 884.45, 399.24, 0.6991
1: 887.29, 394.66, 0.6462
2: 882.33, 394.72, 0.5693
3: 893.06, 396.59, 0.5132
4: 879.64, 396.56, 0.3265
5: 902.06, 421.27, 0.9554
6: 874.07, 421.32, 0.9417
7: 913.08, 453.76, 0.8164
8: 868.34, 453.64, 0.7112
9: 907.94, 476.82, 0.7380
10: 871.51, 475.70, 0.6409
11: 895.09, 486.91, 0.9559
12: 877.62, 486.42, 0.9488
13: 892.52, 538.39, 0.9068
14: 875.25, 538.36, 0.8892
15: 892.60, 584.80, 0.8121
16: 876.01, 584.32, 0.7897

Frame: 1111, Person: 0
0: 1381.83, 272.20, 0.9946
1: 1413.71, 244.78, 0.9905
2: 1359.45, 247.48, 0.9708
3: 1474.46, 265.65, 0.9396
4: 1344.89, 270.57, 0.5302
5: 1557.48, 410.83, 0.9897
6: 1305.41, 424.13, 0.9921
7: 1651.00, 589.28, 0.9425
8: 1198.13, 591.87, 0.9475
9: 1545.21, 563.58, 0.9304
10: 1266.87, 471.53, 0.9345
11: 1520.22, 835.53, 0.9356
12: 1349.36, 836.76, 0.9395
13: 1563.73, 1021.88, 0.1531
14: 1360.91, 1014.54, 0.1667
15: 1573.58, 1080.00, 0.0117
16: 1316.79, 1080.00, 0.0136

Frame: 1111, Person: 1
0: 885.49, 399.05, 0.6899
1: 888.15, 394.52, 0.6262
2: 883.34, 394.55, 0.5663
3: 893.30, 396.49, 0.4870
4: 880.39, 396.40, 0.3383
5: 901.63, 420.98, 0.9555
6: 874.44, 420.89, 0.9448
7: 912.10, 453.26, 0.8133
8: 868.04, 452.95, 0.7283
9: 907.65, 477.09, 0.7359
10: 870.50, 476.00, 0.6569
11: 894.34, 485.89, 0.9591
12: 877.39, 485.37, 0.9536
13: 891.41, 537.15, 0.9172
14: 873.99, 537.10, 0.9037
15: 891.27, 584.00, 0.8357
16: 873.83, 583.54, 0.8188

Frame: 1112, Person: 0
0: 1383.60, 271.94, 0.9947
1: 1416.67, 245.29, 0.9906
2: 1361.64, 246.78, 0.9720
3: 1477.85, 268.21, 0.9402
4: 1347.17, 270.28, 0.5373
5: 1556.58, 413.65, 0.9891
6: 1310.32, 421.74, 0.9925
7: 1647.38, 590.56, 0.9396
8: 1202.94, 577.51, 0.9523
9: 1538.55, 590.16, 0.9255
10: 1264.20, 457.76, 0.9384
11: 1516.12, 839.98, 0.9334
12: 1348.81, 838.02, 0.9410
13: 1556.84, 1024.67, 0.1424
14: 1358.90, 1014.09, 0.1633
15: 1566.94, 1080.00, 0.0110
16: 1314.19, 1080.00, 0.0133

Frame: 1112, Person: 1
0: 885.61, 399.06, 0.6700
1: 888.13, 394.52, 0.6040
2: 883.59, 394.57, 0.5440
3: 893.03, 396.44, 0.4738
4: 880.86, 396.36, 0.3302
5: 901.09, 420.85, 0.9507
6: 875.18, 420.79, 0.9388
7: 911.42, 452.99, 0.8001
8: 869.11, 452.84, 0.7118
9: 907.53, 476.58, 0.7189
10: 871.32, 475.65, 0.6381
11: 894.25, 485.81, 0.9545
12: 878.28, 485.32, 0.9484
13: 891.35, 537.16, 0.9078
14: 875.37, 537.14, 0.8932
15: 891.41, 583.64, 0.8192
16: 875.39, 583.19, 0.8012

Frame: 1113, Person: 0
0: 1386.24, 272.03, 0.9940
1: 1420.22, 245.73, 0.9890
2: 1365.35, 245.53, 0.9706
3: 1480.58, 268.55, 0.9320
4: 1350.22, 267.28, 0.5433
5: 1559.01, 407.85, 0.9857
6: 1307.86, 425.71, 0.9911
7: 1653.15, 580.46, 0.9265
8: 1216.99, 577.12, 0.9496
9: 1531.54, 617.73, 0.9115
10: 1266.95, 446.07, 0.9329
11: 1515.21, 837.69, 0.9156
12: 1345.25, 839.07, 0.9295
13: 1544.10, 1065.86, 0.1068
14: 1359.05, 1062.95, 0.1293
15: 1527.01, 1080.00, 0.0070
16: 1314.52, 1080.00, 0.0087

Frame: 1114, Person: 0
0: 1393.75, 271.04, 0.9942
1: 1426.70, 244.57, 0.9883
2: 1371.89, 244.44, 0.9735
3: 1483.98, 267.49, 0.9196
4: 1354.31, 266.62, 0.5959
5: 1557.48, 408.09, 0.9845
6: 1310.82, 426.61, 0.9917
7: 1642.57, 583.28, 0.9175
8: 1213.92, 576.93, 0.9538
9: 1540.05, 650.75, 0.8962
10: 1270.80, 436.74, 0.9355
11: 1514.20, 837.80, 0.8981
12: 1347.57, 840.58, 0.9209
13: 1539.48, 1056.67, 0.0854
14: 1359.69, 1060.33, 0.1113
15: 1511.91, 1080.00, 0.0057
16: 1305.50, 1080.00, 0.0073

Frame: 1115, Person: 0
0: 1399.02, 270.34, 0.9943
1: 1431.35, 244.07, 0.9880
2: 1376.67, 244.76, 0.9759
3: 1486.77, 267.25, 0.9143
4: 1356.94, 268.73, 0.6341
5: 1559.51, 407.58, 0.9839
6: 1308.72, 432.30, 0.9928
7: 1634.76, 579.24, 0.9134
8: 1217.84, 573.73, 0.9603
9: 1535.47, 684.42, 0.8852
10: 1273.52, 418.61, 0.9400
11: 1511.50, 841.14, 0.9083
12: 1340.97, 846.46, 0.9343
13: 1535.04, 1074.58, 0.0859
14: 1346.48, 1080.00, 0.1192
15: 1500.44, 1080.00, 0.0055
16: 1291.36, 1080.00, 0.0074

Frame: 1116, Person: 0
0: 1403.82, 270.52, 0.9943
1: 1436.02, 244.42, 0.9882
2: 1381.34, 245.46, 0.9747
3: 1491.75, 267.44, 0.9184
4: 1362.52, 269.69, 0.6254
5: 1562.80, 408.52, 0.9855
6: 1314.89, 428.88, 0.9931
7: 1623.73, 594.17, 0.9225
8: 1220.82, 576.10, 0.9618
9: 1538.61, 718.80, 0.8872
10: 1273.83, 423.76, 0.9400
11: 1511.55, 838.61, 0.9245
12: 1342.57, 842.10, 0.9445
13: 1533.93, 1076.49, 0.1074
14: 1342.06, 1080.00, 0.1438
15: 1495.29, 1080.00, 0.0071
16: 1280.19, 1080.00, 0.0093

Frame: 1117, Person: 0
0: 1409.18, 270.41, 0.9947
1: 1440.92, 244.35, 0.9893
2: 1385.49, 245.95, 0.9750
3: 1495.68, 266.57, 0.9241
4: 1364.05, 269.70, 0.6287
5: 1563.22, 417.07, 0.9889
6: 1320.79, 419.18, 0.9937
7: 1619.95, 615.47, 0.9333
8: 1212.41, 559.14, 0.9585
9: 1549.71, 757.57, 0.8885
10: 1266.87, 418.96, 0.9348
11: 1506.59, 837.90, 0.9337
12: 1343.06, 833.04, 0.9467
13: 1524.01, 1039.24, 0.1243
14: 1335.90, 1043.33, 0.1533
15: 1502.34, 1080.00, 0.0096
16: 1281.26, 1080.00, 0.0119

Frame: 1118, Person: 0
0: 1412.79, 271.17, 0.9949
1: 1443.92, 244.67, 0.9894
2: 1389.24, 246.82, 0.9763
3: 1498.68, 265.58, 0.9239
4: 1369.33, 269.76, 0.6447
5: 1564.46, 418.38, 0.9891
6: 1326.91, 418.47, 0.9945
7: 1618.73, 623.34, 0.9327
8: 1218.71, 560.88, 0.9642
9: 1561.57, 767.56, 0.8897
10: 1278.44, 417.24, 0.9422
11: 1505.23, 840.12, 0.9412
12: 1345.32, 834.76, 0.9556
13: 1521.31, 1045.80, 0.1455
14: 1338.00, 1050.86, 0.1876
15: 1502.61, 1080.00, 0.0116
16: 1284.34, 1080.00, 0.0149

Frame: 1118, Person: 1
0: 390.59, 221.40, 0.8778
1: 392.16, 213.78, 0.5563
2: 385.02, 213.95, 0.8899
3: 391.19, 213.34, 0.1580
4: 366.46, 213.17, 0.8311
5: 392.19, 243.66, 0.9678
6: 346.47, 250.71, 0.9936
7: 403.95, 285.96, 0.7767
8: 335.35, 315.46, 0.9819
9: 413.01, 302.93, 0.7680
10: 363.63, 360.17, 0.9587
11: 399.20, 347.43, 0.9903
12: 368.65, 353.09, 0.9958
13: 410.71, 432.93, 0.9790
14: 374.63, 437.91, 0.9914
15: 411.65, 509.79, 0.9509
16: 372.16, 519.12, 0.9740

Frame: 1118, Person: 2
0: 233.22, 206.84, 0.4395
1: 229.94, 195.26, 0.0609
2: 228.74, 195.24, 0.5813
3: 192.77, 198.06, 0.0892
4: 213.22, 197.57, 0.9384
5: 166.74, 243.69, 0.9051
6: 224.65, 244.51, 0.9931
7: 187.11, 308.55, 0.4089
8: 255.61, 313.20, 0.9715
9: 227.50, 300.68, 0.2914
10: 272.38, 305.83, 0.8794
11: 184.44, 379.02, 0.9733
12: 226.71, 380.79, 0.9937
13: 196.46, 474.40, 0.9533
14: 257.21, 474.07, 0.9886
15: 189.36, 560.82, 0.9096
16: 243.38, 564.34, 0.9602

Frame: 1118, Person: 3
0: 674.21, 225.08, 0.0719
1: 675.62, 217.42, 0.1067
2: 675.40, 218.36, 0.0155
3: 686.74, 214.07, 0.3569
4: 686.59, 215.60, 0.0154
5: 711.86, 240.93, 0.8584
6: 695.79, 240.37, 0.4700
7: 739.95, 297.48, 0.9092
8: 708.16, 292.57, 0.2931
9: 736.51, 350.13, 0.8448
10: 702.02, 334.21, 0.3506
11: 708.74, 346.32, 0.9749
12: 698.97, 343.40, 0.9350
13: 684.40, 423.97, 0.9687
14: 679.36, 421.98, 0.9067
15: 694.46, 497.49, 0.9310
16: 691.38, 493.06, 0.8504

Frame: 1119, Person: 0
0: 1415.82, 272.10, 0.9950
1: 1447.02, 244.94, 0.9891
2: 1391.89, 247.12, 0.9779
3: 1501.22, 265.09, 0.9199
4: 1371.30, 269.29, 0.6707
5: 1567.63, 422.01, 0.9886
6: 1327.47, 420.57, 0.9951
7: 1621.67, 636.11, 0.9242
8: 1225.01, 564.29, 0.9669
9: 1566.75, 793.26, 0.8761
10: 1285.42, 408.54, 0.9442
11: 1502.57, 847.45, 0.9329
12: 1342.49, 841.03, 0.9531
13: 1513.89, 1043.30, 0.1304
14: 1337.92, 1049.30, 0.1811
15: 1485.78, 1080.00, 0.0106
16: 1288.56, 1080.00, 0.0144

Frame: 1119, Person: 1
0: 391.17, 222.05, 0.8728
1: 392.71, 214.42, 0.5515
2: 385.59, 214.58, 0.8842
3: 391.59, 214.29, 0.1628
4: 367.50, 214.06, 0.8271
5: 393.11, 245.76, 0.9674
6: 347.63, 252.23, 0.9933
7: 403.97, 289.31, 0.7772
8: 336.48, 316.98, 0.9809
9: 412.23, 306.47, 0.7640
10: 365.21, 360.27, 0.9563
11: 399.90, 350.04, 0.9896
12: 369.60, 355.36, 0.9954
13: 411.41, 434.90, 0.9766
14: 374.64, 439.57, 0.9902
15: 411.97, 511.49, 0.9442
16: 371.77, 520.25, 0.9700

Frame: 1119, Person: 2
0: 234.60, 206.12, 0.4310
1: 231.30, 194.71, 0.0600
2: 230.47, 194.61, 0.5704
3: 194.70, 197.42, 0.0892
4: 215.50, 196.71, 0.9350
5: 169.00, 242.82, 0.9028
6: 224.88, 243.85, 0.9931
7: 187.94, 307.57, 0.4107
8: 255.69, 312.69, 0.9719
9: 227.05, 299.63, 0.2948
10: 271.55, 304.70, 0.8812
11: 185.42, 377.75, 0.9742
12: 226.08, 379.61, 0.9939
13: 197.91, 472.53, 0.9553
14: 255.71, 472.48, 0.9891
15: 190.43, 558.12, 0.9141
16: 242.67, 561.43, 0.9625

Frame: 1119, Person: 3
0: 687.62, 216.85, 0.0865
1: 687.94, 209.75, 0.0777
2: 687.71, 209.78, 0.0332
3: 692.46, 209.56, 0.2242
4: 695.85, 209.53, 0.0617
5: 708.45, 239.22, 0.8540
6: 696.96, 239.20, 0.7347
7: 727.58, 292.63, 0.8161
8: 703.52, 295.63, 0.5466
9: 730.90, 346.73, 0.7115
10: 709.90, 347.43, 0.4870
11: 699.15, 343.59, 0.9746
12: 692.45, 342.19, 0.9621
13: 688.45, 422.84, 0.9576
14: 682.32, 422.31, 0.9330
15: 680.06, 495.52, 0.9179
16: 674.15, 494.15, 0.8875

Frame: 1120, Person: 0
0: 1418.99, 273.18, 0.9950
1: 1450.10, 245.78, 0.9890
2: 1395.04, 247.80, 0.9782
3: 1504.15, 265.22, 0.9172
4: 1374.25, 268.93, 0.6756
5: 1570.13, 424.44, 0.9889
6: 1329.73, 420.84, 0.9952
7: 1623.46, 643.14, 0.9261
8: 1230.18, 566.06, 0.9679
9: 1575.11, 803.13, 0.8773
10: 1288.93, 409.43, 0.9455
11: 1504.53, 852.35, 0.9373
12: 1344.11, 845.39, 0.9563
13: 1520.73, 1048.75, 0.1390
14: 1342.56, 1054.76, 0.1928
15: 1493.30, 1080.00, 0.0114
16: 1294.95, 1080.00, 0.0155

Frame: 1120, Person: 1
0: 236.27, 204.65, 0.4429
1: 232.95, 193.28, 0.0627
2: 231.97, 193.10, 0.5867
3: 196.06, 196.44, 0.0930
4: 216.92, 195.64, 0.9400
5: 169.93, 243.26, 0.9069
6: 226.44, 244.14, 0.9935
7: 188.37, 307.67, 0.4027
8: 258.35, 312.47, 0.9717
9: 226.70, 301.04, 0.2829
10: 272.38, 305.80, 0.8771
11: 185.46, 378.59, 0.9758
12: 226.53, 380.23, 0.9944
13: 197.97, 474.08, 0.9600
14: 254.73, 473.87, 0.9904
15: 190.34, 561.80, 0.9246
16: 241.73, 564.82, 0.9675

Frame: 1120, Person: 2
0: 387.93, 221.95, 0.8912
1: 390.49, 214.43, 0.6273
2: 382.11, 214.56, 0.8954
3: 391.96, 214.62, 0.2051
4: 365.32, 214.43, 0.8180
5: 395.14, 246.56, 0.9713
6: 346.97, 252.96, 0.9934
7: 405.32, 289.51, 0.7934
8: 335.71, 317.55, 0.9786
9: 411.76, 307.46, 0.7770
10: 362.87, 362.97, 0.9528
11: 401.26, 350.22, 0.9902
12: 369.40, 355.21, 0.9954
13: 411.70, 434.81, 0.9789
14: 374.70, 439.26, 0.9906
15: 412.41, 511.67, 0.9510
16: 373.03, 519.70, 0.9724

Frame: 1120, Person: 3
0: 682.35, 211.01, 0.0737
1: 683.95, 203.57, 0.0909
2: 681.43, 204.21, 0.0220
3: 690.16, 202.86, 0.2734
4: 682.70, 204.48, 0.0267
5: 710.76, 237.19, 0.8682
6: 678.79, 237.52, 0.5472
7: 731.60, 295.38, 0.9257
8: 677.86, 293.35, 0.4270
9: 727.13, 349.19, 0.8706
10: 669.74, 337.69, 0.4619
11: 692.79, 349.47, 0.9811
12: 673.84, 347.41, 0.9538
13: 667.98, 427.85, 0.9730
14: 662.08, 426.96, 0.9258
15: 666.87, 501.91, 0.9285
16: 667.62, 499.54, 0.8552

Frame: 1121, Person: 0
0: 1421.21, 272.04, 0.9944
1: 1452.17, 244.69, 0.9887
2: 1397.35, 247.51, 0.9732
3: 1507.04, 265.17, 0.9209
4: 1377.20, 270.59, 0.6240
5: 1572.92, 425.35, 0.9896
6: 1331.67, 422.49, 0.9939
7: 1623.42, 643.15, 0.9366
8: 1231.45, 564.76, 0.9590
9: 1579.81, 807.47, 0.8880
10: 1288.32, 406.14, 0.9348
11: 1504.14, 854.91, 0.9398
12: 1342.87, 848.65, 0.9508
13: 1523.60, 1043.11, 0.1479
14: 1342.64, 1051.94, 0.1798
15: 1499.24, 1080.00, 0.0123
16: 1297.80, 1080.00, 0.0151

Frame: 1121, Person: 1
0: 236.61, 205.41, 0.4434
1: 233.23, 193.99, 0.0627
2: 232.11, 193.96, 0.5877
3: 196.14, 197.27, 0.0933
4: 216.77, 196.87, 0.9411
5: 171.18, 243.53, 0.9074
6: 226.14, 245.05, 0.9934
7: 189.99, 306.63, 0.4050
8: 258.59, 312.19, 0.9711
9: 227.05, 300.42, 0.2834
10: 272.35, 304.73, 0.8752
11: 186.81, 378.26, 0.9747
12: 226.66, 380.16, 0.9940
13: 199.10, 474.83, 0.9571
14: 253.52, 475.30, 0.9895
15: 193.02, 565.18, 0.9178
16: 242.00, 569.09, 0.9640

Frame: 1121, Person: 2
0: 386.22, 222.73, 0.8982
1: 389.21, 215.24, 0.6606
2: 380.34, 215.32, 0.8986
3: 391.56, 215.45, 0.2343
4: 364.44, 215.20, 0.8147
5: 395.59, 247.68, 0.9724
6: 346.94, 253.86, 0.9931
7: 405.22, 290.78, 0.7976
8: 335.59, 318.76, 0.9760
9: 409.82, 309.31, 0.7757
10: 361.47, 365.56, 0.9476
11: 401.04, 351.60, 0.9891
12: 369.06, 356.30, 0.9947
13: 410.95, 436.26, 0.9753
14: 374.61, 440.48, 0.9884
15: 411.68, 513.30, 0.9414
16: 373.85, 520.80, 0.9657

Frame: 1122, Person: 0
0: 1426.20, 273.72, 0.9946
1: 1456.83, 246.20, 0.9887
2: 1402.06, 248.88, 0.9759
3: 1510.11, 265.58, 0.9166
4: 1380.38, 270.87, 0.6578
5: 1575.93, 427.34, 0.9892
6: 1331.36, 424.43, 0.9942
7: 1625.29, 645.63, 0.9301
8: 1232.63, 571.50, 0.9587
9: 1586.55, 804.11, 0.8780
10: 1283.58, 426.72, 0.9322
11: 1506.21, 854.89, 0.9321
12: 1343.27, 848.99, 0.9463
13: 1527.05, 1043.31, 0.1314
14: 1344.57, 1051.92, 0.1646
15: 1502.10, 1080.00, 0.0109
16: 1306.69, 1080.00, 0.0136

Frame: 1122, Person: 1
0: 384.61, 223.01, 0.9069
1: 388.25, 215.52, 0.6935
2: 378.63, 215.49, 0.9058
3: 391.89, 215.82, 0.2575
4: 363.55, 215.36, 0.8153
5: 396.19, 248.47, 0.9719
6: 347.07, 254.12, 0.9929
7: 404.36, 292.32, 0.7822
8: 336.07, 319.42, 0.9734
9: 407.55, 311.22, 0.7603
10: 361.58, 367.30, 0.9425
11: 400.91, 352.09, 0.9880
12: 368.77, 356.40, 0.9941
13: 410.16, 437.30, 0.9741
14: 375.11, 441.16, 0.9878
15: 410.46, 515.43, 0.9411
16: 375.07, 522.21, 0.9655

Frame: 1122, Person: 2
0: 238.48, 207.54, 0.4261
1: 235.02, 196.21, 0.0593
2: 234.32, 196.17, 0.5719
3: 198.38, 198.99, 0.0906
4: 219.39, 198.46, 0.9384
5: 174.48, 244.37, 0.9024
6: 226.45, 246.39, 0.9932
7: 192.35, 306.14, 0.3960
8: 259.50, 313.21, 0.9711
9: 228.92, 298.59, 0.2765
10: 273.67, 304.73, 0.8742
11: 189.23, 378.73, 0.9750
12: 226.82, 380.80, 0.9942
13: 200.82, 475.99, 0.9581
14: 251.64, 476.96, 0.9899
15: 194.71, 566.29, 0.9205
16: 242.12, 570.52, 0.9656

Frame: 1122, Person: 3
0: 685.59, 208.47, 0.1425
1: 687.32, 201.62, 0.1119
2: 683.75, 201.58, 0.0671
3: 693.39, 203.51, 0.1945
4: 680.37, 203.18, 0.0830
5: 708.73, 237.83, 0.9034
6: 668.52, 237.74, 0.8300
7: 718.21, 293.11, 0.8910
8: 657.55, 296.66, 0.7291
9: 712.34, 347.98, 0.8216
10: 663.02, 356.66, 0.6698
11: 688.84, 344.08, 0.9849
12: 663.37, 342.68, 0.9781
13: 676.56, 420.65, 0.9644
14: 655.45, 420.44, 0.9455
15: 663.45, 484.16, 0.9115
16: 647.34, 483.97, 0.8810

Frame: 1123, Person: 0
0: 1429.44, 276.69, 0.9947
1: 1460.05, 248.28, 0.9894
2: 1403.89, 252.25, 0.9749
3: 1514.55, 265.11, 0.9245
4: 1381.62, 273.48, 0.6573
5: 1581.58, 425.42, 0.9905
6: 1333.16, 428.30, 0.9940
7: 1634.08, 651.84, 0.9339
8: 1237.17, 587.14, 0.9522
9: 1586.94, 831.54, 0.8770
10: 1292.68, 422.06, 0.9248
11: 1517.20, 861.43, 0.9280
12: 1351.82, 858.73, 0.9412
13: 1540.68, 1040.93, 0.1240
14: 1352.38, 1057.71, 0.1499
15: 1518.39, 1080.00, 0.0104
16: 1320.22, 1080.00, 0.0124

Frame: 1123, Person: 1
0: 240.98, 203.75, 0.3972
1: 237.07, 192.57, 0.0538
2: 237.03, 192.53, 0.5475
3: 199.28, 196.41, 0.0870
4: 222.02, 196.26, 0.9355
5: 176.16, 243.51, 0.8907
6: 226.97, 246.35, 0.9925
7: 193.16, 305.21, 0.3707
8: 261.82, 312.66, 0.9686
9: 230.16, 296.68, 0.2569
10: 274.14, 300.71, 0.8644
11: 189.47, 377.73, 0.9714
12: 225.66, 380.09, 0.9934
13: 203.16, 475.16, 0.9529
14: 247.40, 477.11, 0.9887
15: 197.50, 568.40, 0.9123
16: 238.53, 573.42, 0.9620

Frame: 1123, Person: 2
0: 384.17, 223.48, 0.8625
1: 386.72, 216.08, 0.5952
2: 378.71, 216.18, 0.8599
3: 387.88, 216.92, 0.2251
4: 364.60, 216.72, 0.7826
5: 393.18, 250.11, 0.9671
6: 348.34, 256.00, 0.9911
7: 403.19, 294.16, 0.7822
8: 337.81, 321.00, 0.9704
9: 406.58, 313.83, 0.7550
10: 361.69, 368.23, 0.9367
11: 399.30, 353.53, 0.9876
12: 370.14, 357.97, 0.9937
13: 409.92, 437.35, 0.9733
14: 376.53, 441.26, 0.9869
15: 411.83, 514.79, 0.9386
16: 377.61, 521.70, 0.9630

Frame: 1124, Person: 0
0: 1431.59, 279.91, 0.9948
1: 1461.73, 251.47, 0.9893
2: 1406.02, 255.40, 0.9762
3: 1515.47, 266.94, 0.9211
4: 1383.66, 275.20, 0.6703
5: 1581.48, 425.04, 0.9905
6: 1337.52, 426.12, 0.9944
7: 1635.34, 650.53, 0.9339
8: 1240.33, 583.24, 0.9568
9: 1589.80, 830.06, 0.8778
10: 1294.30, 426.43, 0.9302
11: 1518.90, 859.77, 0.9307
12: 1356.27, 856.22, 0.9455
13: 1542.17, 1039.77, 0.1278
14: 1355.47, 1054.41, 0.1594
15: 1522.54, 1080.00, 0.0108
16: 1321.22, 1080.00, 0.0132

Frame: 1124, Person: 1
0: 241.16, 204.12, 0.3496
1: 237.17, 193.00, 0.0441
2: 237.31, 192.98, 0.5047
3: 198.79, 197.19, 0.0817
4: 222.72, 197.01, 0.9345
5: 177.03, 243.59, 0.8819
6: 227.28, 246.49, 0.9925
7: 194.03, 304.84, 0.3499
8: 262.41, 312.38, 0.9692
9: 229.31, 297.32, 0.2368
10: 273.40, 301.71, 0.8608
11: 190.85, 378.11, 0.9714
12: 226.77, 380.37, 0.9937
13: 202.95, 476.24, 0.9525
14: 247.08, 478.14, 0.9891
15: 197.71, 569.24, 0.9127
16: 240.11, 574.48, 0.9632

Frame: 1124, Person: 2
0: 387.08, 223.41, 0.8140
1: 388.56, 215.83, 0.4692
2: 381.74, 216.02, 0.8275
3: 387.25, 216.25, 0.1564
4: 366.17, 216.15, 0.7834
5: 390.47, 249.10, 0.9530
6: 349.72, 254.39, 0.9899
7: 399.37, 295.65, 0.7181
8: 338.33, 318.78, 0.9725
9: 405.32, 326.77, 0.7018
10: 359.56, 372.97, 0.9393
11: 398.49, 352.37, 0.9858
12: 371.72, 356.82, 0.9937
13: 410.14, 437.14, 0.9716
14: 377.86, 440.90, 0.9879
15: 413.04, 514.88, 0.9394
16: 377.66, 521.94, 0.9670

Frame: 1125, Person: 0
0: 1431.55, 281.31, 0.9948
1: 1462.25, 252.64, 0.9893
2: 1405.97, 255.72, 0.9757
3: 1516.67, 266.90, 0.9197
4: 1383.24, 272.94, 0.6643
5: 1581.60, 424.17, 0.9908
6: 1337.48, 421.20, 0.9943
7: 1634.83, 650.98, 0.9370
8: 1239.21, 577.58, 0.9577
9: 1590.15, 829.48, 0.8829
10: 1300.98, 423.75, 0.9322
11: 1520.22, 859.85, 0.9353
12: 1357.39, 855.00, 0.9484
13: 1543.92, 1037.52, 0.1387
14: 1358.41, 1049.76, 0.1708
15: 1522.15, 1080.00, 0.0119
16: 1321.99, 1080.00, 0.0145

Frame: 1125, Person: 1
0: 242.02, 209.59, 0.3735
1: 238.25, 198.34, 0.0483
2: 238.31, 198.45, 0.5246
3: 201.06, 200.85, 0.0835
4: 224.18, 200.79, 0.9340
5: 178.63, 244.52, 0.8878
6: 228.88, 247.93, 0.9930
7: 194.51, 304.09, 0.3674
8: 263.45, 313.58, 0.9714
9: 230.09, 294.85, 0.2534
10: 274.39, 302.44, 0.8710
11: 192.12, 378.90, 0.9743
12: 228.08, 381.26, 0.9944
13: 202.84, 477.32, 0.9579
14: 247.63, 479.31, 0.9904
15: 197.35, 570.70, 0.9216
16: 240.78, 575.97, 0.9672

Frame: 1125, Person: 2
0: 388.64, 224.14, 0.7886
1: 390.20, 216.60, 0.4394
2: 383.46, 216.79, 0.8024
3: 389.37, 216.70, 0.1499
4: 368.20, 216.58, 0.7593
5: 393.24, 249.14, 0.9483
6: 350.81, 254.01, 0.9885
7: 400.85, 296.03, 0.7162
8: 337.42, 317.76, 0.9707
9: 406.71, 329.78, 0.7001
10: 358.13, 373.70, 0.9367
11: 399.71, 351.97, 0.9854
12: 371.95, 356.09, 0.9934
13: 410.39, 436.68, 0.9712
14: 377.60, 440.14, 0.9875
15: 412.86, 514.30, 0.9384
16: 377.48, 520.94, 0.9660

Frame: 1126, Person: 0
0: 1431.44, 283.31, 0.9949
1: 1461.94, 254.13, 0.9895
2: 1405.49, 258.05, 0.9760
3: 1517.31, 267.41, 0.9226
4: 1383.21, 275.25, 0.6631
5: 1583.92, 425.23, 0.9907
6: 1338.36, 420.78, 0.9945
7: 1636.61, 652.72, 0.9359
8: 1237.78, 571.68, 0.9599
9: 1585.73, 834.37, 0.8825
10: 1305.46, 418.51, 0.9352
11: 1521.37, 860.31, 0.9357
12: 1357.13, 854.90, 0.9500
13: 1548.90, 1035.75, 0.1404
14: 1359.51, 1047.52, 0.1775
15: 1529.28, 1080.00, 0.0123
16: 1321.84, 1080.00, 0.0153

Frame: 1126, Person: 1
0: 243.68, 211.63, 0.3791
1: 239.84, 200.45, 0.0487
2: 239.88, 200.49, 0.5318
3: 202.27, 203.03, 0.0824
4: 225.00, 202.66, 0.9367
5: 180.15, 246.74, 0.8928
6: 229.24, 249.16, 0.9931
7: 195.47, 306.96, 0.3760
8: 263.26, 314.05, 0.9716
9: 230.61, 299.89, 0.2581
10: 275.23, 305.33, 0.8717
11: 194.17, 379.54, 0.9754
12: 229.22, 381.63, 0.9945
13: 204.18, 477.81, 0.9595
14: 247.56, 479.66, 0.9906
15: 199.02, 571.47, 0.9238
16: 240.44, 577.03, 0.9678

Frame: 1126, Person: 2
0: 391.88, 225.19, 0.7675
1: 392.66, 217.62, 0.3740
2: 386.87, 217.86, 0.7981
3: 389.53, 217.69, 0.1165
4: 370.40, 217.64, 0.7819
5: 391.89, 249.60, 0.9400
6: 351.63, 254.73, 0.9892
7: 399.90, 296.03, 0.6729
8: 337.49, 317.84, 0.9749
9: 407.20, 328.65, 0.6682
10: 358.41, 372.71, 0.9431
11: 399.20, 351.53, 0.9851
12: 372.70, 356.02, 0.9940
13: 410.69, 436.99, 0.9715
14: 378.82, 440.63, 0.9891
15: 413.45, 514.95, 0.9412
16: 378.39, 522.33, 0.9703

Frame: 1127, Person: 0
0: 1431.15, 282.71, 0.9945
1: 1461.36, 254.39, 0.9890
2: 1406.83, 257.07, 0.9737
3: 1516.03, 267.83, 0.9220
4: 1385.29, 272.70, 0.6452
5: 1584.70, 425.76, 0.9911
6: 1335.34, 420.63, 0.9939
7: 1636.53, 651.09, 0.9392
8: 1241.57, 571.25, 0.9543
9: 1584.04, 832.89, 0.8852
10: 1310.76, 417.92, 0.9279
11: 1523.12, 858.73, 0.9371
12: 1356.13, 853.28, 0.9475
13: 1552.00, 1032.66, 0.1466
14: 1359.51, 1044.31, 0.1738
15: 1529.25, 1080.00, 0.0130
16: 1328.28, 1080.00, 0.0153

Frame: 1127, Person: 1
0: 243.46, 214.44, 0.3261
1: 239.63, 203.00, 0.0413
2: 240.40, 202.84, 0.4712
3: 201.89, 204.81, 0.0901
4: 228.31, 204.19, 0.9339
5: 180.31, 247.92, 0.8917
6: 231.62, 250.27, 0.9933
7: 194.07, 309.42, 0.3669
8: 262.98, 316.14, 0.9715
9: 231.34, 302.98, 0.2423
10: 276.32, 307.31, 0.8643
11: 194.35, 380.90, 0.9758
12: 230.88, 383.07, 0.9947
13: 205.05, 478.61, 0.9590
14: 247.39, 480.68, 0.9906
15: 200.02, 571.88, 0.9234
16: 240.72, 577.53, 0.9681

Frame: 1127, Person: 2
0: 393.72, 225.04, 0.7646
1: 394.46, 217.45, 0.3597
2: 388.82, 217.65, 0.8012
3: 390.63, 217.21, 0.1074
4: 371.84, 217.12, 0.7893
5: 392.49, 248.51, 0.9359
6: 351.57, 254.56, 0.9890
7: 402.08, 293.70, 0.6533
8: 337.39, 318.92, 0.9751
9: 409.25, 321.77, 0.6527
10: 357.91, 373.09, 0.9425
11: 399.32, 352.24, 0.9841
12: 372.41, 357.19, 0.9938
13: 410.91, 438.23, 0.9698
14: 378.64, 442.23, 0.9887
15: 414.19, 516.42, 0.9386
16: 378.74, 524.54, 0.9695

Frame: 1128, Person: 0
0: 1435.72, 284.42, 0.9948
1: 1465.58, 255.53, 0.9887
2: 1410.06, 258.43, 0.9770
3: 1518.15, 268.52, 0.9116
4: 1384.65, 273.96, 0.6873
5: 1585.42, 427.96, 0.9908
6: 1331.61, 422.06, 0.9945
7: 1636.43, 652.09, 0.9359
8: 1238.32, 569.85, 0.9588
9: 1583.65, 829.89, 0.8838
10: 1320.86, 411.03, 0.9352
11: 1524.35, 861.30, 0.9383
12: 1354.13, 856.60, 0.9513
13: 1557.16, 1036.38, 0.1499
14: 1360.44, 1049.30, 0.1858
15: 1534.45, 1080.00, 0.0133
16: 1329.73, 1080.00, 0.0162

Frame: 1128, Person: 1
0: 242.33, 214.50, 0.2929
1: 238.20, 205.24, 0.0381
2: 238.03, 205.80, 0.4371
3: 200.90, 208.57, 0.0462
4: 225.03, 209.43, 0.8866
5: 179.82, 250.50, 0.8021
6: 227.79, 253.89, 0.9837
7: 201.29, 305.75, 0.1676
8: 260.60, 307.48, 0.9531
9: 235.96, 297.88, 0.1609
10: 280.52, 293.38, 0.8394
11: 191.33, 379.22, 0.9468
12: 224.60, 382.25, 0.9870
13: 207.46, 476.49, 0.9061
14: 246.13, 477.59, 0.9797
15: 203.93, 569.15, 0.8829
16: 237.31, 573.29, 0.9600

Frame: 1128, Person: 2
0: 395.52, 225.11, 0.7606
1: 395.80, 217.41, 0.3310
2: 390.63, 217.58, 0.8055
3: 390.52, 217.22, 0.0936
4: 372.60, 216.98, 0.8072
5: 390.72, 248.99, 0.9305
6: 351.89, 254.75, 0.9895
7: 400.03, 295.30, 0.6192
8: 337.75, 319.16, 0.9769
9: 408.69, 325.93, 0.6259
10: 358.47, 374.20, 0.9452
11: 398.86, 353.35, 0.9829
12: 373.35, 358.42, 0.9937
13: 410.25, 439.60, 0.9671
14: 379.98, 443.58, 0.9886
15: 413.68, 517.18, 0.9341
16: 380.21, 525.53, 0.9690

Frame: 1129, Person: 0
0: 1442.45, 287.42, 0.9951
1: 1471.33, 257.64, 0.9878
2: 1415.63, 260.48, 0.9802
3: 1520.79, 267.71, 0.8904
4: 1385.39, 272.94, 0.7348
5: 1585.92, 428.70, 0.9908
6: 1328.37, 420.60, 0.9947
7: 1634.64, 652.91, 0.9328
8: 1237.20, 568.26, 0.9603
9: 1586.86, 833.62, 0.8802
10: 1329.24, 418.14, 0.9377
11: 1526.08, 859.92, 0.9394
12: 1353.39, 855.48, 0.9532
13: 1560.13, 1041.18, 0.1536
14: 1361.46, 1054.91, 0.1930
15: 1536.26, 1080.00, 0.0136
16: 1334.29, 1080.00, 0.0165

Frame: 1129, Person: 1
0: 241.89, 216.79, 0.2995
1: 238.13, 207.71, 0.0407
2: 237.80, 208.17, 0.4396
3: 202.60, 210.78, 0.0484
4: 225.77, 211.36, 0.8818
5: 181.93, 251.71, 0.8087
6: 228.23, 254.61, 0.9842
7: 202.91, 305.96, 0.1776
8: 259.88, 307.40, 0.9549
9: 239.07, 298.00, 0.1707
10: 281.16, 293.47, 0.8462
11: 193.56, 379.42, 0.9511
12: 225.72, 382.22, 0.9881
13: 208.05, 477.82, 0.9131
14: 245.25, 478.77, 0.9811
15: 204.86, 569.40, 0.8896
16: 236.36, 573.23, 0.9622

Frame: 1129, Person: 2
0: 395.12, 225.25, 0.7792
1: 395.42, 217.57, 0.3518
2: 389.99, 217.82, 0.8211
3: 390.89, 217.62, 0.0944
4: 371.38, 217.61, 0.8123
5: 391.15, 249.27, 0.9370
6: 350.86, 255.82, 0.9907
7: 400.91, 294.16, 0.6426
8: 336.54, 320.46, 0.9796
9: 410.12, 321.87, 0.6512
10: 357.28, 374.50, 0.9513
11: 399.62, 353.32, 0.9853
12: 372.89, 358.77, 0.9947
13: 410.68, 439.77, 0.9720
14: 378.60, 444.18, 0.9904
15: 412.92, 517.31, 0.9431
16: 376.62, 526.40, 0.9735

Frame: 1130, Person: 0
0: 1447.94, 290.47, 0.9949
1: 1476.82, 261.09, 0.9876
2: 1421.75, 263.34, 0.9799
3: 1526.59, 268.98, 0.8880
4: 1391.30, 272.50, 0.7383
5: 1590.36, 427.77, 0.9909
6: 1327.12, 417.82, 0.9945
7: 1635.14, 652.05, 0.9341
8: 1232.78, 569.27, 0.9573
9: 1588.68, 837.25, 0.8802
10: 1344.31, 432.82, 0.9333
11: 1529.72, 858.32, 0.9445
12: 1353.20, 854.50, 0.9554
13: 1569.72, 1054.38, 0.1628
14: 1368.90, 1068.43, 0.1973
15: 1548.41, 1080.00, 0.0143
16: 1346.50, 1080.00, 0.0169

Frame: 1130, Person: 1
0: 242.36, 218.32, 0.3696
1: 239.06, 209.31, 0.0536
2: 238.22, 209.71, 0.5178
3: 204.67, 211.98, 0.0559
4: 226.59, 212.41, 0.9002
5: 184.13, 252.64, 0.8385
6: 228.75, 255.13, 0.9880
7: 205.44, 308.08, 0.1863
8: 259.40, 308.83, 0.9617
9: 242.32, 295.44, 0.1782
10: 280.84, 290.57, 0.8626
11: 194.70, 379.81, 0.9557
12: 226.16, 382.32, 0.9896
13: 207.47, 478.80, 0.9176
14: 245.17, 479.51, 0.9829
15: 203.99, 570.28, 0.8934
16: 236.61, 573.69, 0.9646

Frame: 1130, Person: 2
0: 394.58, 224.87, 0.8252
1: 395.35, 217.14, 0.4311
2: 389.06, 217.34, 0.8546
3: 391.51, 217.46, 0.1205
4: 370.35, 217.38, 0.8298
5: 391.88, 250.46, 0.9494
6: 350.72, 256.54, 0.9921
7: 401.63, 296.61, 0.6702
8: 337.32, 321.34, 0.9793
9: 409.74, 327.63, 0.6693
10: 357.64, 376.63, 0.9505
11: 400.02, 355.83, 0.9859
12: 372.86, 361.00, 0.9947
13: 410.33, 442.32, 0.9718
14: 378.17, 446.53, 0.9899
15: 412.58, 520.08, 0.9411
16: 376.41, 528.63, 0.9717

Frame: 1131, Person: 0
0: 1457.67, 293.52, 0.9951
1: 1485.75, 264.34, 0.9860
2: 1431.00, 265.78, 0.9832
3: 1531.40, 272.04, 0.8534
4: 1395.19, 273.19, 0.7932
5: 1591.95, 432.30, 0.9906
6: 1322.63, 417.17, 0.9947
7: 1636.40, 653.64, 0.9280
8: 1226.16, 567.55, 0.9590
9: 1590.52, 842.36, 0.8726
10: 1366.79, 445.76, 0.9361
11: 1530.67, 860.28, 0.9404
12: 1351.24, 855.82, 0.9539
13: 1568.72, 1059.01, 0.1502
14: 1374.15, 1071.36, 0.1881
15: 1542.98, 1080.00, 0.0130
16: 1355.91, 1080.00, 0.0155

Frame: 1131, Person: 1
0: 390.62, 222.93, 0.8802
1: 392.15, 215.10, 0.5582
2: 384.48, 215.40, 0.8968
3: 390.78, 215.90, 0.1617
4: 366.14, 216.10, 0.8491
5: 392.22, 250.67, 0.9623
6: 348.63, 256.40, 0.9938
7: 401.61, 298.33, 0.7063
8: 336.51, 321.24, 0.9804
9: 409.05, 334.63, 0.6991
10: 357.56, 378.81, 0.9532
11: 400.96, 356.56, 0.9874
12: 372.26, 361.49, 0.9951
13: 410.94, 443.15, 0.9737
14: 377.39, 447.25, 0.9903
15: 412.67, 521.34, 0.9439
16: 375.18, 529.29, 0.9724

Frame: 1131, Person: 2
0: 246.26, 219.64, 0.5016
1: 242.83, 209.94, 0.0857
2: 241.36, 210.63, 0.6402
3: 206.21, 211.45, 0.0782
4: 226.97, 212.73, 0.9268
5: 184.88, 253.21, 0.8770
6: 229.06, 257.29, 0.9898
7: 208.23, 308.42, 0.2307
8: 261.51, 311.50, 0.9629
9: 241.47, 295.40, 0.2089
10: 281.48, 291.94, 0.8653
11: 194.92, 380.85, 0.9509
12: 226.25, 383.92, 0.9874
13: 204.30, 479.84, 0.9004
14: 242.01, 481.05, 0.9770
15: 201.75, 567.70, 0.8498
16: 235.22, 572.15, 0.9450

Frame: 1132, Person: 0
0: 1469.10, 300.67, 0.9955
1: 1495.47, 271.25, 0.9831
2: 1443.68, 270.57, 0.9867
3: 1536.09, 274.61, 0.7771
4: 1403.15, 269.80, 0.8458
5: 1594.83, 437.59, 0.9902
6: 1322.64, 411.82, 0.9949
7: 1639.36, 658.92, 0.9191
8: 1226.58, 557.40, 0.9608
9: 1592.47, 845.56, 0.8612
10: 1374.83, 446.63, 0.9393
11: 1532.49, 866.57, 0.9321
12: 1351.14, 858.20, 0.9498
13: 1566.55, 1062.87, 0.1310
14: 1374.06, 1069.32, 0.1706
15: 1533.56, 1080.00, 0.0110
16: 1357.10, 1080.00, 0.0131

Frame: 1132, Person: 1
0: 377.16, 221.83, 0.9436
1: 382.04, 213.96, 0.8302
2: 370.10, 214.21, 0.9327
3: 389.34, 215.38, 0.4079
4: 355.68, 215.63, 0.8124
5: 395.66, 252.22, 0.9832
6: 344.39, 256.86, 0.9944
7: 403.69, 300.78, 0.8398
8: 335.09, 321.23, 0.9689
9: 406.35, 339.64, 0.8089
10: 356.51, 378.88, 0.9373
11: 402.60, 357.28, 0.9910
12: 368.87, 360.92, 0.9949
13: 411.19, 443.59, 0.9816
14: 373.36, 446.97, 0.9896
15: 414.61, 522.92, 0.9578
16: 374.61, 528.16, 0.9720

Frame: 1132, Person: 2
0: 246.58, 220.54, 0.5132
1: 243.40, 210.99, 0.0913
2: 241.67, 211.54, 0.6499
3: 208.45, 213.02, 0.0801
4: 228.07, 213.90, 0.9261
5: 188.30, 255.16, 0.8802
6: 230.11, 258.41, 0.9903
7: 211.99, 310.75, 0.2347
8: 261.22, 312.98, 0.9647
9: 245.25, 301.83, 0.2139
10: 281.48, 298.17, 0.8717
11: 197.38, 381.68, 0.9537
12: 227.29, 384.34, 0.9883
13: 206.50, 479.73, 0.9077
14: 242.81, 480.67, 0.9790
15: 201.90, 567.44, 0.8618
16: 234.65, 571.42, 0.9503

Frame: 1133, Person: 0
0: 1487.12, 303.35, 0.9960
1: 1510.73, 272.26, 0.9802
2: 1458.92, 273.21, 0.9899
3: 1544.54, 274.80, 0.6672
4: 1409.59, 273.08, 0.8906
5: 1597.59, 443.76, 0.9903
6: 1329.01, 408.84, 0.9949
7: 1639.20, 668.15, 0.9187
8: 1221.43, 544.08, 0.9643
9: 1592.26, 840.32, 0.8653
10: 1376.82, 435.54, 0.9475
11: 1534.86, 874.76, 0.9296
12: 1355.01, 863.93, 0.9485
13: 1572.20, 1062.80, 0.1254
14: 1377.08, 1066.27, 0.1646
15: 1541.35, 1080.00, 0.0102
16: 1347.05, 1080.00, 0.0119

Frame: 1133, Person: 1
0: 378.48, 217.70, 0.9510
1: 383.97, 209.86, 0.8568
2: 371.30, 209.96, 0.9392
3: 392.19, 212.40, 0.4515
4: 357.19, 212.32, 0.8133
5: 398.58, 251.49, 0.9854
6: 345.72, 255.82, 0.9947
7: 405.40, 299.76, 0.8572
8: 334.79, 320.87, 0.9683
9: 407.23, 336.35, 0.8245
10: 355.30, 378.77, 0.9366
11: 403.82, 357.76, 0.9914
12: 369.04, 361.11, 0.9949
13: 411.18, 444.44, 0.9813
14: 373.10, 447.70, 0.9889
15: 413.79, 524.05, 0.9553
16: 374.02, 529.06, 0.9692

Frame: 1133, Person: 2
0: 249.06, 220.77, 0.4267
1: 245.21, 211.02, 0.0652
2: 244.62, 211.65, 0.5702
3: 207.75, 212.68, 0.0744
4: 231.18, 213.78, 0.9234
5: 184.21, 254.70, 0.8771
6: 233.30, 257.87, 0.9898
7: 197.02, 312.71, 0.2408
8: 260.27, 314.31, 0.9650
9: 230.95, 312.64, 0.2110
10: 281.65, 308.89, 0.8672
11: 194.44, 381.20, 0.9560
12: 228.34, 383.87, 0.9887
13: 206.06, 479.55, 0.9098
14: 242.90, 480.50, 0.9792
15: 201.12, 568.06, 0.8619
16: 232.66, 572.44, 0.9497

Frame: 1134, Person: 0
0: 1498.80, 308.57, 0.9960
1: 1523.86, 278.00, 0.9780
2: 1470.53, 277.07, 0.9902
3: 1555.53, 280.62, 0.5993
4: 1415.31, 274.25, 0.8977
5: 1601.61, 443.98, 0.9909
6: 1330.47, 408.86, 0.9941
7: 1641.11, 667.39, 0.9259
8: 1229.54, 541.01, 0.9591
9: 1592.26, 857.46, 0.8659
10: 1376.37, 416.50, 0.9410
11: 1535.48, 880.47, 0.9333
12: 1352.99, 869.15, 0.9459
13: 1569.15, 1063.35, 0.1273
14: 1370.92, 1068.43, 0.1522
15: 1527.39, 1080.00, 0.0103
16: 1335.03, 1080.00, 0.0109

Frame: 1134, Person: 1
0: 381.37, 215.99, 0.9434
1: 385.84, 208.18, 0.8148
2: 374.21, 208.37, 0.9374
3: 391.68, 210.77, 0.3663
4: 358.46, 210.82, 0.8336
5: 397.03, 249.92, 0.9813
6: 345.12, 254.64, 0.9945
7: 404.92, 298.14, 0.8200
8: 334.17, 319.82, 0.9713
9: 408.32, 335.03, 0.7903
10: 356.32, 377.35, 0.9400
11: 403.54, 356.64, 0.9896
12: 369.52, 360.51, 0.9945
13: 410.96, 443.48, 0.9773
14: 374.11, 447.08, 0.9882
15: 412.85, 522.80, 0.9474
16: 374.40, 528.72, 0.9669

Frame: 1134, Person: 2
0: 250.35, 221.84, 0.4768
1: 246.53, 212.20, 0.0750
2: 245.62, 212.75, 0.6245
3: 209.36, 213.86, 0.0756
4: 231.07, 214.74, 0.9329
5: 186.00, 255.52, 0.8860
6: 232.84, 258.52, 0.9915
7: 200.53, 313.65, 0.2392
8: 260.02, 315.29, 0.9694
9: 235.41, 316.17, 0.2132
10: 282.40, 312.53, 0.8805
11: 196.28, 380.74, 0.9585
12: 228.80, 383.41, 0.9899
13: 206.42, 478.92, 0.9140
14: 242.91, 479.84, 0.9812
15: 199.91, 567.16, 0.8686
16: 231.64, 571.67, 0.9542

Frame: 1135, Person: 0
0: 1510.90, 315.53, 0.9963
1: 1535.22, 282.68, 0.9765
2: 1479.15, 285.04, 0.9920
3: 1565.69, 282.30, 0.5496
4: 1420.20, 283.83, 0.9189
5: 1603.60, 443.09, 0.9897
6: 1343.73, 407.33, 0.9952
7: 1635.93, 669.92, 0.9169
8: 1242.22, 528.97, 0.9705
9: 1586.01, 853.88, 0.8630
10: 1380.92, 398.38, 0.9562
11: 1532.36, 869.20, 0.9350
12: 1356.86, 857.46, 0.9553
13: 1568.79, 1045.45, 0.1440
14: 1372.88, 1051.52, 0.1968
15: 1532.29, 1080.00, 0.0125
16: 1331.48, 1080.00, 0.0146

Frame: 1135, Person: 1
0: 380.96, 216.11, 0.9362
1: 384.99, 208.29, 0.7906
2: 373.88, 208.58, 0.9304
3: 390.15, 210.74, 0.3434
4: 358.10, 211.05, 0.8293
5: 396.08, 249.64, 0.9799
6: 344.42, 255.29, 0.9941
7: 405.73, 296.87, 0.8183
8: 333.87, 321.42, 0.9718
9: 410.01, 331.11, 0.7867
10: 356.32, 378.30, 0.9399
11: 403.11, 357.85, 0.9890
12: 369.32, 362.16, 0.9942
13: 410.71, 444.61, 0.9743
14: 373.40, 448.59, 0.9867
15: 411.93, 523.62, 0.9385
16: 372.72, 530.27, 0.9615

Frame: 1135, Person: 2
0: 248.73, 223.26, 0.3521
1: 243.98, 214.11, 0.0516
2: 243.95, 214.83, 0.5377
3: 208.21, 214.77, 0.0976
4: 231.65, 216.39, 0.9549
5: 187.73, 257.60, 0.9174
6: 235.47, 258.64, 0.9942
7: 189.94, 319.05, 0.2813
8: 259.91, 317.23, 0.9745
9: 210.69, 322.53, 0.2008
10: 276.08, 319.72, 0.8650
11: 197.75, 382.16, 0.9690
12: 231.08, 383.77, 0.9923
13: 207.95, 479.40, 0.9248
14: 243.04, 479.56, 0.9827
15: 199.18, 571.48, 0.8739
16: 230.91, 574.13, 0.9546

Frame: 1136, Person: 0
0: 1515.24, 321.71, 0.9962
1: 1541.39, 288.69, 0.9727
2: 1487.43, 286.03, 0.9923
3: 1570.79, 281.89, 0.4623
4: 1426.40, 270.28, 0.9263
5: 1606.01, 442.26, 0.9899
6: 1339.20, 401.66, 0.9944
7: 1636.46, 673.33, 0.9110
8: 1253.75, 529.36, 0.9615
9: 1588.82, 865.47, 0.8467
10: 1377.78, 382.49, 0.9443
11: 1533.88, 876.00, 0.9277
12: 1353.89, 861.62, 0.9458
13: 1556.85, 1055.41, 0.1340
14: 1364.89, 1059.65, 0.1688
15: 1510.28, 1080.00, 0.0113
16: 1339.86, 1080.00, 0.0121

Frame: 1136, Person: 1
0: 379.50, 214.96, 0.9271
1: 383.03, 207.08, 0.7572
2: 372.37, 207.53, 0.9239
3: 387.54, 210.00, 0.3038
4: 356.27, 210.63, 0.8281
5: 393.70, 249.91, 0.9762
6: 342.74, 255.63, 0.9937
7: 403.17, 297.74, 0.7914
8: 332.58, 321.30, 0.9719
9: 408.67, 333.13, 0.7621
10: 357.11, 376.99, 0.9395
11: 402.54, 358.18, 0.9877
12: 369.23, 362.69, 0.9939
13: 410.45, 444.20, 0.9722
14: 373.57, 448.26, 0.9865
15: 410.69, 522.91, 0.9362
16: 372.31, 529.80, 0.9618

Frame: 1136, Person: 2
0: 250.32, 222.90, 0.3963
1: 246.31, 213.17, 0.0580
2: 246.10, 213.81, 0.5373
3: 208.88, 214.57, 0.0731
4: 232.89, 215.70, 0.9209
5: 184.34, 256.16, 0.8820
6: 234.47, 259.29, 0.9901
7: 193.22, 315.55, 0.2579
8: 259.53, 317.27, 0.9669
9: 228.30, 320.35, 0.2219
10: 282.46, 316.90, 0.8715
11: 194.47, 382.04, 0.9605
12: 228.90, 384.74, 0.9898
13: 205.95, 480.39, 0.9165
14: 242.98, 481.43, 0.9805
15: 199.82, 568.36, 0.8687
16: 231.58, 573.01, 0.9519

Frame: 1137, Person: 0
0: 1514.57, 323.31, 0.9963
1: 1542.77, 290.63, 0.9751
2: 1487.43, 286.23, 0.9922
3: 1576.11, 284.27, 0.5251
4: 1430.16, 268.90, 0.9190
5: 1608.45, 447.82, 0.9890
6: 1349.34, 396.58, 0.9953
7: 1639.48, 682.38, 0.9053
8: 1269.64, 509.91, 0.9698
9: 1580.96, 869.36, 0.8490
10: 1392.26, 350.01, 0.9545
11: 1525.36, 881.12, 0.9297
12: 1348.79, 860.76, 0.9534
13: 1552.64, 1063.89, 0.1366
14: 1360.81, 1059.57, 0.1922
15: 1515.09, 1080.00, 0.0117
16: 1335.77, 1080.00, 0.0139

Frame: 1137, Person: 1
0: 375.82, 214.87, 0.9337
1: 380.34, 206.98, 0.8074
2: 368.64, 207.52, 0.9229
3: 387.65, 209.77, 0.3808
4: 354.37, 210.77, 0.7966
5: 396.35, 249.41, 0.9794
6: 342.37, 255.85, 0.9930
7: 407.02, 295.83, 0.8245
8: 331.77, 321.63, 0.9656
9: 411.80, 329.76, 0.7901
10: 354.05, 378.33, 0.9302
11: 403.47, 357.15, 0.9884
12: 368.34, 361.53, 0.9934
13: 410.53, 443.05, 0.9740
14: 372.75, 447.11, 0.9854
15: 410.79, 521.99, 0.9392
16: 372.52, 528.54, 0.9597

Frame: 1137, Person: 2
0: 247.80, 224.71, 0.3379
1: 243.35, 215.70, 0.0531
2: 243.17, 216.29, 0.5084
3: 208.60, 216.30, 0.1066
4: 231.84, 217.67, 0.9481
5: 188.51, 258.63, 0.9206
6: 236.38, 259.39, 0.9937
7: 190.01, 320.37, 0.3104
8: 260.60, 318.46, 0.9725
9: 209.64, 325.96, 0.2190
10: 275.25, 323.43, 0.8596
11: 198.34, 382.92, 0.9706
12: 231.80, 384.31, 0.9922
13: 208.18, 479.92, 0.9272
14: 243.40, 480.00, 0.9821
15: 199.47, 571.59, 0.8740
16: 231.13, 573.82, 0.9523

Frame: 1138, Person: 0
0: 1499.15, 319.33, 0.9952
1: 1535.79, 287.77, 0.9788
2: 1470.07, 278.91, 0.9879
3: 1578.59, 290.34, 0.6891
4: 1414.48, 265.71, 0.8684
5: 1607.08, 454.23, 0.9878
6: 1344.52, 396.98, 0.9935
7: 1638.86, 684.09, 0.9021
8: 1273.85, 513.17, 0.9571
9: 1580.82, 866.92, 0.8423
10: 1400.91, 370.24, 0.9377
11: 1526.20, 882.83, 0.9110
12: 1348.50, 858.98, 0.9347
13: 1547.60, 1061.68, 0.1069
14: 1364.96, 1048.25, 0.1419
15: 1504.64, 1080.00, 0.0095
16: 1345.67, 1080.00, 0.0110

Frame: 1138, Person: 1
0: 368.34, 214.88, 0.9419
1: 374.00, 207.01, 0.8664
2: 361.72, 207.62, 0.9141
3: 385.42, 209.89, 0.5331
4: 351.39, 211.32, 0.7293
5: 399.01, 250.06, 0.9849
6: 341.91, 257.14, 0.9920
7: 411.05, 295.52, 0.8735
8: 331.65, 323.23, 0.9514
9: 411.79, 324.97, 0.8322
10: 353.06, 377.98, 0.9103
11: 403.83, 358.38, 0.9898
12: 366.82, 362.36, 0.9927
13: 410.62, 444.13, 0.9774
14: 370.90, 447.87, 0.9837
15: 411.17, 523.80, 0.9444
16: 372.74, 529.57, 0.9561

Frame: 1138, Person: 2
0: 248.38, 224.37, 0.3424
1: 243.98, 215.46, 0.0545
2: 243.52, 215.96, 0.5155
3: 209.24, 216.76, 0.1026
4: 231.78, 217.94, 0.9462
5: 189.83, 259.87, 0.9145
6: 236.76, 260.42, 0.9932
7: 193.98, 320.84, 0.2916
8: 262.53, 318.71, 0.9707
9: 213.18, 323.88, 0.2098
10: 276.36, 321.22, 0.8553
11: 199.25, 384.07, 0.9694
12: 232.05, 385.29, 0.9920
13: 207.93, 480.96, 0.9295
14: 242.85, 480.89, 0.9829
15: 198.18, 572.78, 0.8834
16: 229.18, 574.79, 0.9565

Frame: 1139, Person: 0
0: 1510.55, 310.70, 0.9959
1: 1542.11, 285.62, 0.9747
2: 1489.81, 272.53, 0.9910
3: 1575.00, 296.35, 0.5687
4: 1438.32, 260.88, 0.9081
5: 1604.24, 459.67, 0.9884
6: 1351.32, 396.33, 0.9947
7: 1643.27, 673.42, 0.9000
8: 1283.13, 508.40, 0.9669
9: 1587.52, 853.41, 0.8414
10: 1423.96, 380.35, 0.9492
11: 1529.19, 876.05, 0.9123
12: 1357.56, 849.77, 0.9412
13: 1547.54, 1053.89, 0.1060
14: 1373.39, 1033.40, 0.1510
15: 1497.32, 1080.00, 0.0089
16: 1351.73, 1072.54, 0.0107

Frame: 1139, Person: 1
0: 366.56, 215.21, 0.9464
1: 372.15, 207.24, 0.8725
2: 359.61, 207.99, 0.9233
3: 383.46, 210.40, 0.5280
4: 348.85, 212.13, 0.7495
5: 397.20, 251.14, 0.9844
6: 339.79, 258.64, 0.9924
7: 410.71, 296.42, 0.8606
8: 330.61, 324.64, 0.9524
9: 412.69, 326.51, 0.8182
10: 352.85, 379.24, 0.9103
11: 403.12, 359.17, 0.9889
12: 365.79, 363.44, 0.9924
13: 410.81, 445.01, 0.9753
14: 369.57, 448.98, 0.9831
15: 411.35, 525.13, 0.9409
16: 370.63, 531.27, 0.9550

Frame: 1139, Person: 2
0: 248.32, 225.83, 0.4097
1: 243.90, 216.90, 0.0684
2: 243.10, 217.36, 0.5880
3: 208.78, 217.81, 0.1117
4: 229.59, 218.89, 0.9544
5: 188.33, 260.31, 0.9221
6: 234.87, 261.06, 0.9941
7: 192.19, 321.24, 0.2873
8: 261.55, 319.68, 0.9716
9: 212.48, 329.21, 0.2083
10: 276.88, 326.84, 0.8586
11: 198.96, 384.29, 0.9673
12: 231.30, 385.74, 0.9916
13: 207.36, 480.68, 0.9220
14: 242.41, 480.73, 0.9813
15: 197.42, 571.53, 0.8718
16: 228.27, 573.99, 0.9524

Frame: 1140, Person: 0
0: 1508.53, 319.91, 0.9944
1: 1535.17, 293.74, 0.9736
2: 1488.45, 286.06, 0.9857
3: 1570.78, 295.04, 0.6598
4: 1446.24, 273.13, 0.8622
5: 1611.52, 453.47, 0.9884
6: 1358.98, 397.93, 0.9942
7: 1641.18, 666.43, 0.9105
8: 1279.90, 505.26, 0.9641
9: 1591.66, 857.25, 0.8485
10: 1431.33, 392.22, 0.9427
11: 1529.29, 861.02, 0.9296
12: 1357.95, 838.47, 0.9499
13: 1550.99, 1045.01, 0.1386
14: 1371.12, 1033.45, 0.1853
15: 1510.28, 1080.00, 0.0126
16: 1355.21, 1070.97, 0.0149

Frame: 1140, Person: 1
0: 364.94, 216.47, 0.9518
1: 370.77, 208.48, 0.8875
2: 357.97, 209.25, 0.9283
3: 382.70, 211.60, 0.5569
4: 347.30, 213.38, 0.7480
5: 396.81, 251.94, 0.9869
6: 338.45, 259.28, 0.9933
7: 410.41, 297.04, 0.8768
8: 329.36, 324.12, 0.9548
9: 411.50, 327.37, 0.8381
10: 352.26, 377.65, 0.9162
11: 402.37, 358.79, 0.9914
12: 364.12, 362.94, 0.9940
13: 410.86, 443.88, 0.9823
14: 366.97, 447.73, 0.9875
15: 411.54, 524.32, 0.9588
16: 367.61, 530.24, 0.9679

Frame: 1140, Person: 2
0: 249.02, 222.40, 0.6163
1: 245.42, 212.87, 0.1545
2: 243.72, 213.65, 0.7114
3: 210.15, 214.72, 0.1566
4: 230.51, 216.39, 0.9384
5: 191.17, 257.06, 0.9401
6: 238.02, 260.37, 0.9930
7: 211.07, 312.25, 0.3964
8: 269.12, 315.35, 0.9659
9: 238.30, 322.86, 0.3225
10: 285.42, 320.60, 0.8749
11: 200.57, 381.43, 0.9710
12: 232.80, 383.68, 0.9907
13: 207.60, 480.13, 0.9361
14: 242.10, 481.03, 0.9815
15: 199.97, 566.90, 0.8894
16: 229.05, 571.08, 0.9529

Frame: 1141, Person: 0
0: 1508.60, 320.04, 0.9935
1: 1533.44, 288.42, 0.9721
2: 1478.63, 290.50, 0.9834
3: 1570.20, 287.86, 0.6558
4: 1429.88, 289.91, 0.8350
5: 1609.45, 447.05, 0.9851
6: 1364.53, 404.89, 0.9929
7: 1634.34, 667.23, 0.9059
8: 1275.99, 512.03, 0.9646
9: 1583.45, 851.74, 0.8561
10: 1438.80, 397.59, 0.9486
11: 1526.34, 858.91, 0.9200
12: 1360.60, 842.90, 0.9446
13: 1554.72, 1019.86, 0.1385
14: 1379.26, 1020.10, 0.1924
15: 1520.14, 1069.73, 0.0139
16: 1344.56, 1079.71, 0.0172

Frame: 1141, Person: 1
0: 364.63, 216.02, 0.9561
1: 370.27, 207.91, 0.8970
2: 357.33, 208.95, 0.9349
3: 381.89, 210.82, 0.5718
4: 346.03, 213.39, 0.7607
5: 397.12, 250.76, 0.9883
6: 337.17, 260.01, 0.9938
7: 414.67, 293.81, 0.8905
8: 328.62, 325.45, 0.9577
9: 416.10, 321.95, 0.8513
10: 350.08, 378.85, 0.9198
11: 403.35, 358.35, 0.9914
12: 364.08, 363.34, 0.9938
13: 411.98, 443.12, 0.9802
14: 366.19, 447.75, 0.9857
15: 412.78, 522.98, 0.9504
16: 366.63, 530.13, 0.9607

Frame: 1141, Person: 2
0: 248.12, 226.43, 0.4908
1: 243.94, 217.53, 0.0849
2: 242.62, 218.03, 0.6707
3: 209.51, 217.92, 0.1102
4: 227.94, 219.05, 0.9619
5: 189.39, 259.15, 0.9288
6: 232.62, 260.40, 0.9952
7: 198.40, 318.65, 0.2903
8: 261.62, 318.29, 0.9769
9: 221.14, 325.62, 0.2185
10: 278.92, 323.95, 0.8817
11: 199.51, 384.43, 0.9686
12: 229.63, 386.20, 0.9924
13: 207.85, 481.69, 0.9205
14: 242.01, 481.99, 0.9823
15: 198.46, 572.66, 0.8648
16: 228.13, 575.61, 0.9522

Frame: 1142, Person: 0
0: 1498.55, 324.95, 0.9941
1: 1525.09, 293.49, 0.9778
2: 1470.00, 293.62, 0.9837
3: 1566.13, 291.21, 0.7265
4: 1424.71, 288.56, 0.8217
5: 1610.02, 451.77, 0.9870
6: 1356.40, 407.73, 0.9936
7: 1637.19, 671.61, 0.9119
8: 1261.55, 519.07, 0.9638
9: 1587.52, 853.09, 0.8616
10: 1422.56, 409.08, 0.9466
11: 1530.51, 867.21, 0.9256
12: 1358.75, 850.54, 0.9472
13: 1561.13, 1028.96, 0.1442
14: 1375.15, 1026.69, 0.1953
15: 1530.10, 1072.92, 0.0146
16: 1345.14, 1076.78, 0.0179

Frame: 1142, Person: 1
0: 364.29, 216.31, 0.9540
1: 369.77, 208.12, 0.8934
2: 356.89, 209.29, 0.9318
3: 381.10, 210.44, 0.5654
4: 345.01, 213.40, 0.7539
5: 397.20, 249.20, 0.9887
6: 335.33, 259.76, 0.9935
7: 418.02, 290.88, 0.9016
8: 327.73, 325.91, 0.9578
9: 418.67, 316.39, 0.8641
10: 349.64, 378.27, 0.9211
11: 403.58, 358.10, 0.9920
12: 363.33, 363.74, 0.9940
13: 411.44, 443.29, 0.9806
14: 366.61, 448.50, 0.9854
15: 411.99, 522.91, 0.9489
16: 368.87, 530.91, 0.9583

Frame: 1142, Person: 2
0: 248.24, 223.39, 0.6334
1: 244.80, 213.76, 0.1693
2: 242.83, 214.61, 0.7211
3: 209.79, 215.46, 0.1660
4: 229.65, 217.34, 0.9358
5: 191.50, 257.91, 0.9419
6: 237.42, 261.56, 0.9927
7: 213.13, 313.39, 0.4087
8: 270.01, 317.08, 0.9634
9: 239.85, 326.34, 0.3338
10: 286.50, 324.27, 0.8701
11: 200.41, 383.41, 0.9712
12: 231.72, 385.74, 0.9904
13: 207.68, 484.19, 0.9373
14: 239.60, 485.19, 0.9811
15: 201.52, 572.78, 0.8891
16: 226.54, 577.08, 0.9513

Frame: 1143, Person: 0
0: 1493.18, 331.82, 0.9938
1: 1520.90, 301.91, 0.9744
2: 1469.45, 296.25, 0.9820
3: 1561.72, 295.36, 0.6694
4: 1425.42, 278.58, 0.8112
5: 1609.93, 449.06, 0.9879
6: 1344.59, 403.26, 0.9929
7: 1641.46, 673.07, 0.9185
8: 1261.58, 529.16, 0.9587
9: 1594.14, 858.30, 0.8616
10: 1402.83, 406.12, 0.9391
11: 1538.46, 877.63, 0.9279
12: 1358.93, 859.76, 0.9443
13: 1561.94, 1041.30, 0.1390
14: 1369.35, 1036.49, 0.1741
15: 1518.65, 1080.00, 0.0130
16: 1350.83, 1072.35, 0.0148

Frame: 1143, Person: 1
0: 365.68, 215.37, 0.9584
1: 370.99, 207.06, 0.8992
2: 357.80, 208.38, 0.9401
3: 381.50, 209.59, 0.5631
4: 344.66, 212.94, 0.7772
5: 397.19, 248.91, 0.9898
6: 334.34, 260.17, 0.9942
7: 419.42, 290.23, 0.9083
8: 326.73, 326.48, 0.9618
9: 420.05, 315.16, 0.8725
10: 348.34, 377.74, 0.9274
11: 403.79, 358.26, 0.9926
12: 363.00, 364.34, 0.9945
13: 410.90, 443.76, 0.9814
14: 366.75, 449.40, 0.9861
15: 411.05, 523.03, 0.9493
16: 369.52, 531.71, 0.9588

Frame: 1143, Person: 2
0: 251.76, 227.96, 0.5532
1: 250.20, 216.40, 0.1109
2: 246.46, 216.44, 0.6893
3: 217.28, 217.20, 0.1393
4: 231.14, 216.90, 0.9485
5: 188.44, 260.63, 0.9159
6: 239.29, 263.25, 0.9937
7: 193.57, 321.18, 0.3816
8: 267.83, 330.19, 0.9641
9: 224.48, 330.37, 0.2492
10: 280.53, 341.17, 0.8417
11: 198.34, 391.15, 0.9736
12: 234.05, 392.92, 0.9935
13: 202.73, 489.08, 0.9597
14: 244.61, 490.45, 0.9896
15: 199.58, 581.72, 0.9306
16: 231.39, 586.99, 0.9688

Frame: 1144, Person: 0
0: 1483.07, 326.34, 0.9954
1: 1513.73, 294.80, 0.9803
2: 1456.42, 289.35, 0.9871
3: 1555.62, 290.41, 0.6988
4: 1407.59, 273.77, 0.8511
5: 1604.46, 445.30, 0.9899
6: 1334.08, 404.15, 0.9941
7: 1644.69, 671.00, 0.9208
8: 1258.24, 530.81, 0.9607
9: 1594.19, 859.87, 0.8632
10: 1385.25, 389.47, 0.9418
11: 1543.25, 875.51, 0.9312
12: 1360.89, 859.31, 0.9474
13: 1565.21, 1049.62, 0.1386
14: 1370.15, 1047.11, 0.1749
15: 1520.64, 1080.00, 0.0122
16: 1351.60, 1080.00, 0.0139

Frame: 1144, Person: 1
0: 364.69, 214.85, 0.9594
1: 369.71, 206.56, 0.9016
2: 356.71, 208.08, 0.9411
3: 379.84, 209.05, 0.5675
4: 343.31, 212.97, 0.7784
5: 396.42, 247.65, 0.9906
6: 333.17, 260.54, 0.9944
7: 422.18, 286.09, 0.9165
8: 325.85, 326.56, 0.9632
9: 423.43, 306.44, 0.8823
10: 345.62, 375.78, 0.9300
11: 404.18, 357.32, 0.9932
12: 363.33, 364.19, 0.9948
13: 411.07, 442.93, 0.9824
14: 367.88, 449.26, 0.9865
15: 411.23, 521.76, 0.9506
16: 371.14, 531.51, 0.9591

Frame: 1144, Person: 2
0: 251.90, 228.19, 0.5251
1: 250.30, 216.50, 0.1042
2: 246.75, 216.60, 0.6650
3: 217.00, 217.26, 0.1417
4: 231.98, 217.09, 0.9465
5: 188.29, 260.86, 0.9124
6: 239.88, 263.71, 0.9931
7: 191.90, 323.04, 0.3699
8: 268.02, 331.87, 0.9593
9: 220.22, 335.68, 0.2340
10: 278.54, 345.73, 0.8222
11: 197.57, 391.78, 0.9712
12: 233.60, 393.61, 0.9927
13: 202.93, 489.36, 0.9560
14: 243.43, 490.96, 0.9882
15: 199.74, 582.11, 0.9258
16: 229.79, 587.56, 0.9659

Frame: 1145, Person: 0
0: 1465.44, 328.10, 0.9940
1: 1494.72, 294.49, 0.9856
2: 1436.57, 295.10, 0.9751
3: 1548.80, 284.24, 0.8594
4: 1402.13, 283.95, 0.6837
5: 1609.94, 438.48, 0.9897
6: 1350.56, 405.13, 0.9919
7: 1642.44, 668.56, 0.9332
8: 1256.41, 520.24, 0.9476
9: 1597.21, 867.97, 0.8771
10: 1356.83, 375.95, 0.9256
11: 1540.19, 867.13, 0.9377
12: 1366.43, 852.63, 0.9449
13: 1566.02, 1044.52, 0.1585
14: 1379.47, 1048.76, 0.1799
15: 1526.45, 1080.00, 0.0151
16: 1351.85, 1080.00, 0.0167

Frame: 1145, Person: 1
0: 366.15, 213.84, 0.9574
1: 371.10, 205.67, 0.8845
2: 358.17, 206.80, 0.9433
3: 380.03, 208.94, 0.5072
4: 343.62, 211.69, 0.8035
5: 393.10, 249.06, 0.9890
6: 332.88, 259.72, 0.9947
7: 413.60, 290.92, 0.8980
8: 325.72, 326.40, 0.9678
9: 414.81, 314.80, 0.8633
10: 347.31, 376.95, 0.9362
11: 401.83, 357.63, 0.9924
12: 362.58, 363.82, 0.9948
13: 409.75, 443.05, 0.9806
14: 367.14, 448.81, 0.9869
15: 411.13, 521.84, 0.9477
16: 369.93, 530.69, 0.9603

Frame: 1145, Person: 2
0: 250.78, 226.70, 0.5694
1: 249.51, 215.13, 0.1224
2: 245.09, 215.33, 0.7017
3: 217.93, 216.44, 0.1419
4: 229.59, 216.39, 0.9449
5: 188.98, 261.16, 0.9083
6: 238.91, 263.67, 0.9929
7: 192.45, 324.18, 0.3648
8: 267.62, 331.67, 0.9600
9: 221.01, 334.99, 0.2397
10: 277.97, 342.38, 0.8308
11: 198.39, 391.53, 0.9694
12: 233.25, 393.23, 0.9923
13: 203.53, 488.67, 0.9546
14: 243.99, 490.12, 0.9881
15: 199.04, 580.64, 0.9247
16: 228.06, 586.05, 0.9658

Frame: 1146, Person: 0
0: 1452.86, 324.78, 0.9940
1: 1482.67, 292.32, 0.9878
2: 1425.64, 293.76, 0.9728
3: 1540.94, 286.34, 0.9003
4: 1399.73, 287.98, 0.6343
5: 1605.46, 439.44, 0.9887
6: 1354.75, 408.64, 0.9927
7: 1645.28, 664.40, 0.9309
8: 1248.88, 515.02, 0.9558
9: 1598.94, 867.87, 0.8771
10: 1345.13, 355.49, 0.9346
11: 1534.25, 874.88, 0.9348
12: 1365.18, 860.14, 0.9477
13: 1563.21, 1048.27, 0.1441
14: 1372.71, 1052.06, 0.1790
15: 1533.55, 1080.00, 0.0137
16: 1333.07, 1080.00, 0.0166

Frame: 1146, Person: 1
0: 361.83, 214.90, 0.9560
1: 367.16, 206.97, 0.8895
2: 354.68, 207.85, 0.9349
3: 377.50, 210.08, 0.5509
4: 342.23, 212.20, 0.7732
5: 391.70, 249.46, 0.9911
6: 331.59, 259.46, 0.9950
7: 411.75, 290.48, 0.9227
8: 324.90, 326.13, 0.9686
9: 412.44, 310.44, 0.8909
10: 348.89, 375.33, 0.9391
11: 398.68, 358.74, 0.9943
12: 359.45, 364.36, 0.9958
13: 407.14, 443.86, 0.9853
14: 363.30, 449.21, 0.9890
15: 408.64, 522.44, 0.9578
16: 366.07, 530.59, 0.9658

Frame: 1146, Person: 2
0: 250.33, 225.62, 0.5899
1: 249.01, 214.14, 0.1307
2: 244.55, 214.34, 0.7155
3: 217.85, 215.62, 0.1408
4: 228.51, 215.59, 0.9436
5: 188.59, 260.82, 0.9094
6: 237.64, 263.44, 0.9930
7: 192.39, 324.82, 0.3782
8: 266.35, 332.30, 0.9618
9: 222.05, 334.47, 0.2567
10: 278.42, 340.73, 0.8420
11: 198.88, 390.53, 0.9698
12: 232.85, 392.40, 0.9924
13: 204.44, 488.03, 0.9548
14: 243.11, 489.65, 0.9880
15: 200.91, 578.67, 0.9236
16: 226.22, 583.94, 0.9652

Frame: 1147, Person: 0
0: 1437.94, 319.83, 0.9940
1: 1469.06, 286.00, 0.9894
2: 1409.88, 288.29, 0.9695
3: 1532.48, 280.06, 0.9232
4: 1387.31, 283.56, 0.5807
5: 1600.70, 436.74, 0.9884
6: 1353.53, 406.26, 0.9918
7: 1647.18, 661.14, 0.9294
8: 1246.43, 509.91, 0.9495
9: 1600.18, 863.64, 0.8759
10: 1343.90, 352.65, 0.9274
11: 1534.19, 875.55, 0.9222
12: 1367.09, 860.11, 0.9353
13: 1559.42, 1043.60, 0.1196
14: 1370.52, 1045.56, 0.1460
15: 1536.05, 1080.00, 0.0113
16: 1328.62, 1080.00, 0.0137

Frame: 1147, Person: 1
0: 359.92, 215.40, 0.9535
1: 366.06, 207.75, 0.8917
2: 352.79, 208.70, 0.9278
3: 377.57, 210.87, 0.5900
4: 343.13, 213.55, 0.7542
5: 394.17, 247.65, 0.9908
6: 332.46, 258.27, 0.9960
7: 416.01, 286.96, 0.8905
8: 321.27, 322.33, 0.9627
9: 418.53, 306.98, 0.8527
10: 335.29, 372.41, 0.9245
11: 398.77, 355.04, 0.9945
12: 359.71, 360.38, 0.9962
13: 402.61, 438.61, 0.9861
14: 365.81, 442.91, 0.9903
15: 402.19, 515.11, 0.9679
16: 371.10, 522.14, 0.9755

Frame: 1147, Person: 2
0: 245.07, 224.13, 0.6494
1: 242.42, 215.50, 0.1773
2: 238.58, 215.74, 0.7756
3: 211.96, 217.06, 0.1708
4: 223.43, 217.86, 0.9605
5: 193.74, 260.43, 0.9461
6: 229.97, 261.40, 0.9954
7: 203.84, 322.04, 0.3432
8: 262.25, 322.28, 0.9710
9: 218.77, 341.19, 0.2625
10: 275.73, 340.84, 0.8703
11: 202.04, 384.76, 0.9679
12: 226.55, 386.14, 0.9911
13: 210.10, 482.60, 0.9206
14: 235.13, 482.83, 0.9793
15: 203.35, 573.31, 0.8624
16: 219.47, 575.63, 0.9456

Frame: 1148, Person: 0
0: 1426.12, 317.54, 0.9942
1: 1457.74, 283.80, 0.9892
2: 1397.26, 286.27, 0.9710
3: 1518.91, 281.21, 0.9171
4: 1371.01, 284.45, 0.5983
5: 1593.37, 436.43, 0.9893
6: 1337.61, 407.72, 0.9919
7: 1646.52, 660.65, 0.9329
8: 1242.18, 512.62, 0.9503
9: 1600.00, 865.96, 0.8754
10: 1341.38, 354.55, 0.9268
11: 1542.19, 880.97, 0.9245
12: 1369.99, 866.47, 0.9367
13: 1559.80, 1046.46, 0.1138
14: 1367.66, 1048.89, 0.1376
15: 1527.13, 1080.00, 0.0103
16: 1329.89, 1080.00, 0.0123

Frame: 1148, Person: 1
0: 355.10, 214.14, 0.9638
1: 362.03, 206.38, 0.9234
2: 348.58, 207.25, 0.9311
3: 376.50, 209.62, 0.6960
4: 340.51, 212.25, 0.7232
5: 396.36, 246.80, 0.9941
6: 330.23, 257.71, 0.9966
7: 421.03, 286.25, 0.9290
8: 319.44, 322.39, 0.9632
9: 418.79, 306.05, 0.8949
10: 334.30, 373.84, 0.9273
11: 397.92, 355.31, 0.9959
12: 355.52, 360.43, 0.9968
13: 403.15, 439.17, 0.9884
14: 360.91, 443.23, 0.9904
15: 403.45, 515.89, 0.9692
16: 367.92, 522.75, 0.9737

Frame: 1148, Person: 2
0: 243.49, 224.06, 0.7472
1: 242.06, 215.64, 0.2600
2: 236.40, 215.63, 0.8437
3: 215.50, 217.30, 0.1876
4: 221.14, 217.60, 0.9621
5: 200.67, 260.24, 0.9496
6: 226.57, 261.35, 0.9958
7: 223.73, 320.87, 0.3484
8: 262.47, 323.09, 0.9721
9: 240.26, 345.76, 0.2805
10: 274.55, 347.08, 0.8821
11: 205.87, 384.67, 0.9680
12: 224.05, 386.13, 0.9911
13: 213.29, 481.99, 0.9213
14: 234.08, 482.40, 0.9799
15: 207.63, 572.39, 0.8634
16: 219.67, 574.67, 0.9469

Frame: 1149, Person: 0
0: 1421.06, 313.69, 0.9942
1: 1452.91, 281.93, 0.9886
2: 1394.42, 281.63, 0.9707
3: 1511.25, 283.15, 0.9071
4: 1367.15, 279.59, 0.6003
5: 1586.86, 436.55, 0.9906
6: 1328.16, 405.60, 0.9919
7: 1648.97, 657.13, 0.9412
8: 1231.60, 517.67, 0.9499
9: 1599.13, 859.74, 0.8867
10: 1335.37, 368.46, 0.9275
11: 1542.82, 877.20, 0.9311
12: 1369.10, 861.84, 0.9389
13: 1558.65, 1037.43, 0.1259
14: 1367.39, 1035.08, 0.1441
15: 1521.89, 1080.00, 0.0113
16: 1328.47, 1078.54, 0.0129

Frame: 1149, Person: 1
0: 355.50, 213.29, 0.9605
1: 362.05, 205.58, 0.9111
2: 348.47, 206.53, 0.9327
3: 374.76, 208.77, 0.6449
4: 338.99, 211.53, 0.7482
5: 393.25, 245.22, 0.9934
6: 328.10, 256.61, 0.9966
7: 418.53, 284.31, 0.9231
8: 318.09, 321.88, 0.9668
9: 418.54, 303.69, 0.8892
10: 333.32, 372.84, 0.9327
11: 396.91, 353.43, 0.9959
12: 355.24, 359.05, 0.9969
13: 402.31, 438.34, 0.9884
14: 361.24, 442.90, 0.9911
15: 402.66, 515.58, 0.9698
16: 368.03, 523.01, 0.9753

Frame: 1149, Person: 2
0: 243.56, 221.25, 0.7270
1: 241.86, 212.61, 0.2357
2: 236.22, 212.57, 0.8292
3: 216.55, 214.39, 0.1421
4: 220.00, 214.52, 0.9504
5: 205.03, 257.39, 0.9318
6: 222.68, 259.20, 0.9942
7: 239.72, 319.01, 0.3216
8: 258.51, 323.87, 0.9685
9: 259.11, 350.98, 0.2769
10: 269.94, 354.05, 0.8814
11: 208.63, 384.55, 0.9638
12: 221.85, 386.55, 0.9899
13: 215.49, 481.77, 0.9184
14: 232.27, 482.70, 0.9792
15: 208.35, 571.91, 0.8619
16: 217.45, 575.16, 0.9466

Frame: 1150, Person: 0
0: 1408.08, 314.66, 0.9927
1: 1437.15, 283.25, 0.9889
2: 1384.58, 285.89, 0.9550
3: 1501.75, 281.26, 0.9357
4: 1370.25, 284.72, 0.4741
5: 1589.72, 432.61, 0.9906
6: 1328.24, 409.98, 0.9907
7: 1647.34, 648.93, 0.9476
8: 1217.36, 523.61, 0.9427
9: 1597.35, 857.66, 0.8966
10: 1333.35, 381.76, 0.9188
11: 1540.04, 874.94, 0.9376
12: 1363.93, 863.18, 0.9398
13: 1563.28, 1026.49, 0.1476
14: 1362.70, 1031.21, 0.1581
15: 1532.95, 1080.00, 0.0142
16: 1324.31, 1078.29, 0.0157

Frame: 1150, Person: 1
0: 350.16, 212.88, 0.9651
1: 357.03, 205.09, 0.9276
2: 343.53, 206.13, 0.9301
3: 371.71, 208.14, 0.7143
4: 335.52, 211.23, 0.7148
5: 391.95, 243.93, 0.9950
6: 326.84, 256.31, 0.9968
7: 420.05, 281.57, 0.9444
8: 317.85, 321.64, 0.9659
9: 420.85, 300.50, 0.9142
10: 332.01, 373.70, 0.9332
11: 395.82, 352.50, 0.9966
12: 354.02, 358.38, 0.9971
13: 401.65, 437.98, 0.9894
14: 361.06, 442.78, 0.9908
15: 403.05, 514.31, 0.9694
16: 369.30, 522.17, 0.9727

Frame: 1150, Person: 2
0: 244.03, 220.86, 0.6957
1: 241.35, 211.94, 0.1924
2: 236.96, 212.08, 0.8156
3: 212.17, 213.67, 0.1252
4: 219.90, 214.14, 0.9561
5: 197.72, 257.42, 0.9256
6: 222.92, 259.35, 0.9943
7: 225.49, 320.26, 0.2848
8: 256.89, 323.84, 0.9697
9: 244.52, 348.85, 0.2432
10: 268.84, 350.65, 0.8786
11: 204.07, 385.59, 0.9591
12: 221.95, 387.76, 0.9893
13: 212.71, 483.05, 0.9079
14: 232.53, 483.94, 0.9779
15: 205.52, 573.62, 0.8493
16: 216.88, 577.16, 0.9438

Frame: 1151, Person: 0
0: 1390.93, 319.46, 0.9928
1: 1420.28, 286.18, 0.9904
2: 1366.78, 291.39, 0.9502
3: 1492.57, 279.15, 0.9492
4: 1358.30, 288.65, 0.4188
5: 1589.49, 430.44, 0.9911
6: 1321.03, 414.27, 0.9904
7: 1646.30, 655.89, 0.9492
8: 1208.97, 539.27, 0.9373
9: 1600.56, 860.87, 0.8983
10: 1313.06, 395.50, 0.9110
11: 1533.43, 883.64, 0.9397
12: 1353.10, 873.52, 0.9397
13: 1555.28, 1041.89, 0.1475
14: 1350.33, 1051.39, 0.1538
15: 1524.47, 1080.00, 0.0138
16: 1313.77, 1080.00, 0.0151

Frame: 1151, Person: 1
0: 351.73, 212.43, 0.9642
1: 358.29, 204.76, 0.9178
2: 344.54, 205.77, 0.9380
3: 370.97, 207.97, 0.6558
4: 334.95, 211.00, 0.7589
5: 389.24, 242.73, 0.9946
6: 324.97, 256.52, 0.9971
7: 419.34, 276.31, 0.9395
8: 315.93, 322.66, 0.9722
9: 424.11, 284.28, 0.9104
10: 330.03, 369.81, 0.9426
11: 395.27, 351.40, 0.9966
12: 354.08, 358.22, 0.9974
13: 400.75, 436.95, 0.9892
14: 361.43, 442.71, 0.9915
15: 401.49, 512.88, 0.9689
16: 368.26, 522.20, 0.9741

Frame: 1151, Person: 2
0: 244.05, 221.86, 0.6817
1: 241.34, 212.90, 0.1898
2: 237.04, 213.02, 0.8002
3: 213.03, 214.54, 0.1244
4: 220.11, 214.95, 0.9497
5: 198.61, 257.86, 0.9207
6: 222.88, 259.58, 0.9935
7: 223.18, 321.24, 0.2827
8: 254.06, 324.55, 0.9656
9: 240.79, 352.43, 0.2435
10: 265.51, 354.30, 0.8697
11: 204.88, 385.01, 0.9581
12: 222.20, 387.10, 0.9886
13: 212.57, 482.09, 0.9117
14: 232.60, 482.96, 0.9779
15: 203.56, 572.68, 0.8596
16: 216.26, 576.18, 0.9465

Frame: 1152, Person: 0
0: 1394.98, 316.82, 0.9937
1: 1423.69, 281.29, 0.9891
2: 1366.51, 288.08, 0.9650
3: 1488.98, 276.63, 0.9264
4: 1346.62, 290.06, 0.5142
5: 1582.37, 437.35, 0.9890
6: 1313.72, 419.09, 0.9917
7: 1649.87, 662.63, 0.9352
8: 1200.10, 535.55, 0.9507
9: 1600.21, 838.38, 0.8881
10: 1300.12, 402.41, 0.9288
11: 1523.44, 886.49, 0.9277
12: 1344.86, 874.61, 0.9367
13: 1539.23, 1046.65, 0.1217
14: 1345.30, 1048.02, 0.1445
15: 1507.53, 1080.00, 0.0110
16: 1300.06, 1080.00, 0.0133

Frame: 1152, Person: 1
0: 350.16, 212.29, 0.9603
1: 356.40, 204.72, 0.9109
2: 343.12, 205.83, 0.9307
3: 368.94, 207.94, 0.6451
4: 333.77, 211.26, 0.7411
5: 388.11, 241.84, 0.9946
6: 323.48, 256.87, 0.9969
7: 420.24, 272.90, 0.9445
8: 314.20, 323.19, 0.9724
9: 426.37, 276.43, 0.9169
10: 327.86, 368.79, 0.9434
11: 395.14, 350.72, 0.9969
12: 353.60, 358.14, 0.9975
13: 401.13, 436.51, 0.9901
14: 360.19, 442.83, 0.9919
15: 402.34, 512.47, 0.9707
16: 366.37, 522.70, 0.9751

Frame: 1152, Person: 2
0: 242.67, 221.41, 0.7399
1: 241.61, 212.72, 0.2684
2: 235.08, 212.69, 0.8268
3: 221.43, 214.81, 0.1350
4: 218.58, 214.85, 0.9303
5: 212.09, 258.21, 0.9197
6: 218.90, 259.78, 0.9919
7: 244.67, 320.28, 0.3237
8: 249.61, 325.64, 0.9594
9: 261.51, 353.66, 0.2941
10: 262.59, 357.40, 0.8702
11: 213.57, 385.14, 0.9601
12: 219.75, 387.15, 0.9879
13: 217.98, 481.87, 0.9216
14: 230.15, 483.09, 0.9782
15: 207.78, 571.70, 0.8730
16: 214.67, 575.18, 0.9481

Frame: 1153, Person: 0
0: 1395.20, 315.12, 0.9949
1: 1422.82, 278.78, 0.9905
2: 1365.27, 287.12, 0.9734
3: 1484.61, 273.25, 0.9272
4: 1341.88, 290.51, 0.5870
5: 1580.38, 436.59, 0.9900
6: 1307.95, 420.96, 0.9928
7: 1646.20, 658.40, 0.9344
8: 1201.05, 524.45, 0.9528
9: 1601.67, 851.41, 0.8785
10: 1270.99, 390.45, 0.9271
11: 1522.36, 892.84, 0.9262
12: 1341.33, 881.95, 0.9370
13: 1539.16, 1052.32, 0.1070
14: 1336.12, 1058.38, 0.1295
15: 1502.18, 1080.00, 0.0093
16: 1297.62, 1080.00, 0.0114

Frame: 1153, Person: 1
0: 352.83, 211.54, 0.9580
1: 358.74, 203.97, 0.8941
2: 345.23, 205.12, 0.9383
3: 369.35, 207.50, 0.5670
4: 334.22, 210.83, 0.7859
5: 386.62, 242.07, 0.9930
6: 322.52, 257.01, 0.9969
7: 418.06, 274.27, 0.9232
8: 313.22, 324.09, 0.9753
9: 425.33, 280.61, 0.8920
10: 326.86, 371.65, 0.9461
11: 395.19, 351.36, 0.9960
12: 354.08, 359.02, 0.9972
13: 401.28, 437.81, 0.9870
14: 360.43, 444.31, 0.9909
15: 402.50, 513.44, 0.9637
16: 365.92, 523.89, 0.9724

Frame: 1153, Person: 2
0: 243.85, 220.12, 0.7018
1: 241.78, 211.31, 0.2144
2: 236.49, 211.33, 0.8102
3: 216.79, 213.67, 0.1256
4: 219.80, 213.86, 0.9432
5: 204.98, 257.93, 0.9182
6: 221.62, 259.55, 0.9930
7: 234.87, 320.81, 0.2908
8: 253.05, 325.24, 0.9638
9: 253.08, 354.49, 0.2569
10: 264.73, 357.41, 0.8709
11: 209.15, 385.15, 0.9589
12: 221.72, 387.21, 0.9885
13: 215.22, 481.90, 0.9164
14: 232.20, 482.91, 0.9786
15: 205.00, 572.17, 0.8674
16: 215.66, 575.72, 0.9489

Frame: 1154, Person: 0
0: 1388.09, 315.61, 0.9944
1: 1414.72, 279.31, 0.9911
2: 1359.73, 288.60, 0.9661
3: 1480.78, 270.93, 0.9399
4: 1343.46, 290.27, 0.5062
5: 1580.73, 432.10, 0.9903
6: 1316.33, 417.45, 0.9918
7: 1644.70, 652.85, 0.9407
8: 1198.81, 514.62, 0.9468
9: 1604.74, 852.79, 0.8854
10: 1253.99, 373.80, 0.9201
11: 1523.03, 888.64, 0.9290
12: 1347.75, 877.46, 0.9345
13: 1535.13, 1046.47, 0.1127
14: 1340.09, 1054.37, 0.1277
15: 1502.45, 1080.00, 0.0098
16: 1299.78, 1080.00, 0.0115

Frame: 1154, Person: 1
0: 353.84, 211.53, 0.9599
1: 359.62, 203.95, 0.8893
2: 345.90, 205.05, 0.9463
3: 369.15, 207.42, 0.5282
4: 333.80, 210.67, 0.8178
5: 384.82, 241.51, 0.9925
6: 321.49, 256.95, 0.9972
7: 416.26, 272.67, 0.9150
8: 312.33, 324.99, 0.9787
9: 423.98, 276.21, 0.8837
10: 325.45, 372.76, 0.9513
11: 394.13, 350.86, 0.9955
12: 353.54, 358.92, 0.9971
13: 399.90, 437.93, 0.9843
14: 360.54, 444.83, 0.9900
15: 400.22, 513.03, 0.9552
16: 365.28, 524.11, 0.9681

Frame: 1154, Person: 2
0: 241.72, 218.73, 0.7048
1: 240.40, 210.18, 0.2280
2: 234.25, 210.12, 0.8103
3: 218.12, 213.05, 0.1314
4: 218.99, 213.10, 0.9392
5: 208.78, 257.93, 0.9198
6: 221.22, 259.24, 0.9929
7: 243.68, 319.68, 0.3065
8: 255.73, 324.30, 0.9646
9: 262.49, 351.33, 0.2706
10: 267.97, 354.42, 0.8748
11: 210.69, 385.19, 0.9613
12: 220.58, 386.90, 0.9891
13: 216.28, 481.28, 0.9203
14: 230.76, 482.17, 0.9795
15: 206.38, 571.14, 0.8712
16: 214.04, 574.12, 0.9501

Frame: 1155, Person: 0
0: 1379.90, 315.02, 0.9943
1: 1405.21, 279.31, 0.9910
2: 1353.16, 289.16, 0.9653
3: 1472.26, 270.76, 0.9451
4: 1342.20, 291.31, 0.4982
5: 1575.49, 432.25, 0.9896
6: 1316.29, 416.29, 0.9923
7: 1644.73, 651.58, 0.9360
8: 1191.64, 506.78, 0.9517
9: 1601.12, 853.89, 0.8787
10: 1252.34, 359.20, 0.9247
11: 1513.00, 889.84, 0.9230
12: 1340.25, 877.46, 0.9339
13: 1530.98, 1049.36, 0.0988
14: 1333.27, 1055.79, 0.1205
15: 1505.24, 1080.00, 0.0085
16: 1285.21, 1080.00, 0.0106

Frame: 1155, Person: 1
0: 352.11, 211.55, 0.9555
1: 357.73, 203.84, 0.8814
2: 344.18, 205.13, 0.9395
3: 367.66, 206.95, 0.5214
4: 332.45, 210.67, 0.8008
5: 384.49, 240.91, 0.9920
6: 320.70, 256.92, 0.9969
7: 415.72, 272.48, 0.9127
8: 311.75, 325.38, 0.9772
9: 422.70, 276.36, 0.8811
10: 325.14, 373.01, 0.9487
11: 394.78, 350.52, 0.9955
12: 353.86, 358.79, 0.9971
13: 400.79, 437.40, 0.9852
14: 360.44, 444.42, 0.9905
15: 401.06, 513.15, 0.9592
16: 365.14, 524.44, 0.9706

Frame: 1155, Person: 2
0: 241.51, 218.56, 0.6714
1: 239.79, 209.94, 0.2089
2: 234.32, 209.90, 0.7828
3: 216.13, 213.25, 0.1349
4: 219.64, 213.32, 0.9352
5: 205.65, 259.15, 0.9144
6: 222.64, 260.08, 0.9919
7: 234.12, 321.81, 0.2906
8: 254.37, 325.02, 0.9585
9: 250.24, 352.57, 0.2513
10: 264.82, 354.86, 0.8556
11: 209.23, 384.90, 0.9570
12: 222.05, 386.38, 0.9875
13: 214.64, 480.16, 0.9164
14: 230.72, 480.80, 0.9776
15: 204.36, 569.69, 0.8710
16: 213.58, 572.31, 0.9487

Frame: 1156, Person: 0
0: 1373.27, 316.03, 0.9941
1: 1398.81, 281.23, 0.9911
2: 1348.31, 290.01, 0.9624
3: 1468.20, 272.55, 0.9485
4: 1341.22, 290.43, 0.4697
5: 1571.76, 431.54, 0.9891
6: 1316.43, 414.32, 0.9919
7: 1643.21, 645.33, 0.9349
8: 1188.71, 499.07, 0.9505
9: 1598.04, 850.85, 0.8773
10: 1253.57, 346.79, 0.9231
11: 1508.72, 887.61, 0.9203
12: 1337.49, 874.34, 0.9315
13: 1528.09, 1052.64, 0.0928
14: 1329.72, 1057.68, 0.1135
15: 1505.95, 1080.00, 0.0079
16: 1276.92, 1080.00, 0.0098

Frame: 1156, Person: 1
0: 348.08, 212.05, 0.9540
1: 354.12, 204.42, 0.8905
2: 340.79, 205.48, 0.9286
3: 365.90, 207.56, 0.5771
4: 330.78, 210.72, 0.7555
5: 384.10, 241.82, 0.9925
6: 320.33, 256.62, 0.9965
7: 414.94, 274.97, 0.9208
8: 312.08, 324.76, 0.9716
9: 420.09, 282.53, 0.8889
10: 325.02, 374.63, 0.9401
11: 393.71, 350.34, 0.9957
12: 352.80, 357.90, 0.9970
13: 400.27, 436.42, 0.9871
14: 359.82, 442.77, 0.9907
15: 402.18, 512.45, 0.9653
16: 366.47, 522.57, 0.9730

Frame: 1156, Person: 2
0: 238.94, 216.00, 0.7372
1: 238.39, 207.53, 0.2863
2: 231.20, 207.43, 0.8233
3: 219.20, 211.77, 0.1626
4: 216.95, 211.73, 0.9323
5: 211.36, 259.35, 0.9239
6: 220.34, 260.14, 0.9922
7: 244.02, 321.42, 0.3149
8: 254.06, 325.45, 0.9557
9: 259.76, 353.10, 0.2752
10: 265.48, 356.02, 0.8549
11: 212.94, 384.90, 0.9586
12: 220.63, 386.22, 0.9873
13: 216.30, 479.72, 0.9212
14: 229.10, 480.44, 0.9778
15: 205.60, 569.27, 0.8784
16: 212.22, 571.63, 0.9500

Frame: 1157, Person: 0
0: 1367.42, 314.82, 0.9942
1: 1394.56, 279.77, 0.9914
2: 1342.30, 288.19, 0.9629
3: 1466.07, 272.83, 0.9487
4: 1335.24, 289.12, 0.4572
5: 1567.80, 433.08, 0.9884
6: 1315.73, 413.14, 0.9917
7: 1642.22, 645.79, 0.9327
8: 1190.56, 493.18, 0.9524
9: 1598.88, 857.70, 0.8758
10: 1256.42, 342.40, 0.9264
11: 1510.16, 896.03, 0.9170
12: 1340.90, 881.31, 0.9309
13: 1525.52, 1060.67, 0.0852
14: 1331.36, 1063.10, 0.1075
15: 1507.32, 1080.00, 0.0071
16: 1279.89, 1080.00, 0.0092

Frame: 1157, Person: 1
0: 346.10, 212.48, 0.9454
1: 352.18, 205.00, 0.8793
2: 339.46, 205.91, 0.9091
3: 364.78, 207.96, 0.5815
4: 330.45, 210.79, 0.7046
5: 383.67, 241.16, 0.9922
6: 320.22, 256.39, 0.9958
7: 415.22, 272.22, 0.9293
8: 311.43, 324.89, 0.9683
9: 420.38, 273.36, 0.8985
10: 322.56, 372.77, 0.9358
11: 393.03, 349.89, 0.9958
12: 352.18, 357.55, 0.9968
13: 400.21, 436.10, 0.9874
14: 359.11, 442.59, 0.9901
15: 403.26, 512.21, 0.9647
16: 365.76, 522.59, 0.9709

Frame: 1157, Person: 2
0: 241.16, 216.48, 0.5784
1: 238.67, 207.70, 0.1543
2: 234.50, 207.75, 0.7095
3: 210.32, 211.65, 0.1467
4: 220.93, 212.00, 0.9382
5: 196.55, 259.85, 0.9200
6: 226.81, 260.34, 0.9920
7: 213.86, 324.36, 0.2967
8: 258.09, 325.14, 0.9562
9: 227.91, 354.36, 0.2351
10: 267.50, 354.74, 0.8346
11: 203.10, 385.94, 0.9587
12: 224.20, 387.02, 0.9877
13: 209.82, 481.32, 0.9168
14: 231.21, 481.48, 0.9768
15: 200.46, 571.88, 0.8711
16: 213.65, 573.86, 0.9471

Frame: 1158, Person: 0
0: 1359.15, 309.78, 0.9937
1: 1389.94, 276.72, 0.9911
2: 1336.54, 281.06, 0.9569
3: 1463.70, 275.95, 0.9500
4: 1330.42, 281.98, 0.4095
5: 1562.64, 435.98, 0.9887
6: 1308.15, 410.27, 0.9905
7: 1642.80, 646.46, 0.9377
8: 1189.86, 494.96, 0.9464
9: 1596.84, 859.60, 0.8831
10: 1257.36, 352.11, 0.9202
11: 1508.94, 896.51, 0.9185
12: 1337.89, 878.71, 0.9271
13: 1522.03, 1057.72, 0.0884
14: 1328.06, 1052.51, 0.1042
15: 1500.92, 1080.00, 0.0075
16: 1279.49, 1080.00, 0.0091

Frame: 1158, Person: 1
0: 346.55, 212.78, 0.9470
1: 352.60, 205.37, 0.8793
2: 339.88, 206.17, 0.9144
3: 364.62, 208.39, 0.5715
4: 330.50, 210.92, 0.7211
5: 382.70, 241.39, 0.9922
6: 319.79, 256.54, 0.9959
7: 414.60, 271.61, 0.9277
8: 311.13, 324.98, 0.9698
9: 420.08, 271.00, 0.8968
10: 322.04, 372.53, 0.9377
11: 392.21, 350.09, 0.9957
12: 351.71, 357.78, 0.9968
13: 399.34, 436.03, 0.9867
14: 358.48, 442.59, 0.9898
15: 402.65, 511.89, 0.9626
16: 364.96, 522.35, 0.9697

Frame: 1158, Person: 2
0: 239.33, 221.68, 0.5488
1: 237.34, 212.95, 0.1538
2: 233.30, 212.97, 0.6709
3: 210.87, 215.34, 0.1632
4: 222.11, 215.67, 0.9274
5: 196.90, 260.63, 0.9183
6: 228.22, 260.81, 0.9908
7: 209.71, 324.92, 0.3079
8: 256.90, 325.14, 0.9496
9: 223.45, 356.42, 0.2387
10: 265.96, 356.73, 0.8166
11: 202.16, 385.65, 0.9577
12: 224.13, 386.35, 0.9866
13: 208.19, 481.35, 0.9151
14: 230.66, 481.26, 0.9746
15: 198.94, 572.26, 0.8680
16: 213.77, 573.58, 0.9430

Frame: 1159, Person: 0
0: 1356.72, 306.53, 0.9920
1: 1385.99, 274.08, 0.9886
2: 1335.53, 279.24, 0.9447
3: 1459.73, 274.24, 0.9426
4: 1333.30, 281.92, 0.3673
5: 1559.65, 431.70, 0.9871
6: 1310.94, 408.76, 0.9895
7: 1640.93, 647.55, 0.9357
8: 1183.68, 504.79, 0.9474
9: 1591.99, 854.29, 0.8814
10: 1263.58, 356.06, 0.9219
11: 1506.49, 896.77, 0.9142
12: 1338.91, 880.00, 0.9248
13: 1518.55, 1050.94, 0.0856
14: 1326.53, 1046.44, 0.1033
15: 1500.44, 1080.00, 0.0073
16: 1267.21, 1080.00, 0.0091

Frame: 1159, Person: 1
0: 344.64, 213.43, 0.9570
1: 349.58, 205.16, 0.8881
2: 337.43, 206.93, 0.9363
3: 361.20, 206.19, 0.5478
4: 326.80, 210.75, 0.7763
5: 380.56, 240.81, 0.9902
6: 319.57, 256.87, 0.9954
7: 413.65, 277.14, 0.9029
8: 315.26, 327.92, 0.9712
9: 418.63, 291.56, 0.8655
10: 331.12, 384.14, 0.9383
11: 390.93, 348.27, 0.9923
12: 351.57, 356.22, 0.9950
13: 399.96, 436.56, 0.9753
14: 356.93, 443.64, 0.9839
15: 400.05, 515.93, 0.9277
16: 359.76, 527.21, 0.9465

Frame: 1159, Person: 2
0: 238.97, 219.69, 0.5051
1: 237.41, 211.11, 0.1425
2: 233.01, 211.10, 0.6213
3: 212.98, 214.75, 0.1568
4: 222.57, 215.00, 0.9075
5: 200.25, 261.56, 0.9079
6: 228.02, 261.73, 0.9885
7: 214.61, 325.12, 0.3097
8: 256.28, 325.94, 0.9410
9: 229.09, 357.16, 0.2431
10: 265.75, 358.17, 0.8013
11: 203.48, 386.41, 0.9581
12: 223.27, 387.05, 0.9860
13: 208.32, 481.38, 0.9224
14: 230.40, 481.39, 0.9755
15: 198.32, 571.97, 0.8828
16: 213.97, 573.33, 0.9478

Frame: 1159, Person: 3
0: 588.80, 213.75, 0.2357
1: 592.92, 206.58, 0.2731
2: 586.04, 206.83, 0.0880
3: 605.86, 204.29, 0.3752
4: 580.99, 204.89, 0.0511
5: 625.72, 233.09, 0.9210
6: 571.06, 231.72, 0.7421
7: 631.28, 283.85, 0.9304
8: 550.33, 277.49, 0.5499
9: 613.89, 332.86, 0.8831
10: 538.62, 319.74, 0.5689
11: 607.51, 335.60, 0.9830
12: 572.69, 333.67, 0.9639
13: 598.31, 416.63, 0.9682
14: 573.89, 415.67, 0.9250
15: 596.85, 491.84, 0.9125
16: 580.10, 488.72, 0.8427

Frame: 1160, Person: 0
0: 1362.21, 303.20, 0.9939
1: 1391.34, 269.70, 0.9904
2: 1337.44, 276.88, 0.9622
3: 1460.74, 271.98, 0.9441
4: 1328.19, 284.98, 0.4671
5: 1558.67, 432.41, 0.9884
6: 1305.00, 414.37, 0.9918
7: 1638.64, 649.09, 0.9332
8: 1177.44, 515.57, 0.9534
9: 1589.94, 851.83, 0.8786
10: 1259.01, 373.31, 0.9288
11: 1505.10, 885.94, 0.9126
12: 1335.31, 872.18, 0.9277
13: 1523.03, 1040.79, 0.0876
14: 1328.79, 1040.40, 0.1113
15: 1502.72, 1080.00, 0.0076
16: 1269.39, 1080.00, 0.0097

Frame: 1160, Person: 1
0: 339.25, 213.40, 0.9517
1: 346.10, 205.82, 0.9068
2: 333.57, 206.51, 0.8989
3: 362.23, 208.61, 0.6877
4: 327.41, 210.84, 0.6379
5: 383.21, 243.09, 0.9934
6: 320.17, 255.67, 0.9954
7: 412.78, 279.51, 0.9382
8: 312.62, 323.01, 0.9582
9: 413.27, 293.25, 0.9057
10: 323.03, 376.56, 0.9212
11: 390.71, 351.22, 0.9957
12: 350.09, 357.33, 0.9963
13: 398.72, 436.71, 0.9873
14: 358.20, 441.69, 0.9886
15: 403.76, 512.59, 0.9644
16: 368.04, 520.48, 0.9676

Frame: 1160, Person: 2
0: 236.03, 219.63, 0.4585
1: 235.19, 211.21, 0.1372
2: 230.70, 211.11, 0.5572
3: 213.81, 215.29, 0.1726
4: 223.51, 215.37, 0.8838
5: 202.22, 262.67, 0.9043
6: 229.64, 262.11, 0.9864
7: 213.62, 326.03, 0.3252
8: 256.17, 325.79, 0.9324
9: 227.48, 357.65, 0.2499
10: 265.62, 358.21, 0.7821
11: 204.29, 386.71, 0.9585
12: 223.88, 386.79, 0.9852
13: 208.68, 481.36, 0.9249
14: 230.07, 481.06, 0.9747
15: 198.92, 572.26, 0.8863
16: 214.01, 572.75, 0.9469

Frame: 1161, Person: 0
0: 1367.23, 302.76, 0.9948
1: 1396.36, 267.44, 0.9913
2: 1339.80, 275.76, 0.9702
3: 1464.35, 267.36, 0.9432
4: 1325.89, 283.86, 0.5291
5: 1560.99, 431.74, 0.9891
6: 1300.00, 418.79, 0.9931
7: 1638.85, 651.88, 0.9311
8: 1175.93, 528.62, 0.9572
9: 1589.00, 847.45, 0.8800
10: 1250.24, 388.56, 0.9346
11: 1503.13, 884.38, 0.9168
12: 1329.15, 873.35, 0.9340
13: 1528.57, 1041.10, 0.0975
14: 1329.35, 1044.67, 0.1281
15: 1506.97, 1080.00, 0.0086
16: 1276.20, 1080.00, 0.0113

Frame: 1161, Person: 1
0: 339.33, 213.66, 0.9551
1: 346.21, 205.84, 0.9146
2: 333.37, 206.72, 0.9037
3: 362.69, 208.19, 0.7068
4: 327.09, 210.91, 0.6418
5: 384.34, 243.01, 0.9937
6: 320.52, 255.49, 0.9955
7: 413.14, 281.84, 0.9394
8: 313.45, 323.07, 0.9565
9: 411.00, 299.43, 0.9058
10: 324.00, 376.84, 0.9182
11: 391.52, 352.31, 0.9955
12: 350.33, 358.28, 0.9960
13: 399.13, 438.80, 0.9859
14: 358.02, 443.61, 0.9870
15: 403.75, 514.81, 0.9593
16: 368.15, 522.37, 0.9624

Frame: 1161, Person: 2
0: 238.81, 221.57, 0.3898
1: 235.99, 212.64, 0.0917
2: 233.65, 212.76, 0.5138
3: 206.83, 215.17, 0.1487
4: 224.17, 215.69, 0.9106
5: 190.23, 261.38, 0.9060
6: 230.93, 261.23, 0.9881
7: 191.97, 327.02, 0.3082
8: 255.97, 325.71, 0.9412
9: 204.96, 358.64, 0.2249
10: 265.37, 357.76, 0.7850
11: 197.97, 386.24, 0.9574
12: 225.73, 386.83, 0.9858
13: 205.57, 481.63, 0.9160
14: 230.86, 481.41, 0.9731
15: 196.66, 572.69, 0.8696
16: 213.61, 573.89, 0.9410

Frame: 1162, Person: 0
0: 1371.73, 296.17, 0.9952
1: 1400.76, 262.14, 0.9912
2: 1344.20, 270.80, 0.9748
3: 1465.03, 267.72, 0.9402
4: 1328.32, 285.08, 0.5872
5: 1560.49, 433.50, 0.9890
6: 1300.53, 422.77, 0.9944
7: 1640.21, 654.63, 0.9254
8: 1179.00, 535.43, 0.9639
9: 1588.12, 850.44, 0.8698
10: 1242.43, 396.30, 0.9401
11: 1502.44, 884.36, 0.9128
12: 1329.81, 873.55, 0.9374
13: 1523.37, 1041.55, 0.0878
14: 1325.28, 1044.86, 0.1258
15: 1500.04, 1080.00, 0.0075
16: 1272.81, 1080.00, 0.0105

Frame: 1162, Person: 1
0: 339.86, 214.70, 0.9628
1: 345.48, 206.12, 0.9147
2: 333.03, 207.94, 0.9331
3: 359.88, 206.29, 0.6511
4: 324.72, 210.96, 0.7369
5: 381.22, 241.81, 0.9916
6: 320.97, 255.43, 0.9950
7: 410.54, 285.33, 0.9158
8: 317.37, 325.37, 0.9633
9: 409.09, 314.94, 0.8747
10: 330.63, 386.23, 0.9259
11: 390.85, 350.39, 0.9915
12: 351.88, 356.81, 0.9938
13: 399.57, 440.72, 0.9702
14: 357.22, 446.31, 0.9777
15: 402.52, 519.91, 0.9074
16: 363.68, 528.48, 0.9245

Frame: 1162, Person: 2
0: 243.49, 216.64, 0.3682
1: 238.97, 207.29, 0.0688
2: 237.79, 207.65, 0.5212
3: 203.09, 210.63, 0.1271
4: 224.34, 211.65, 0.9369
5: 183.66, 259.89, 0.9127
6: 230.81, 260.50, 0.9908
7: 183.30, 327.08, 0.2916
8: 257.16, 325.83, 0.9529
9: 195.95, 358.37, 0.2058
10: 267.29, 356.94, 0.8016
11: 194.53, 386.67, 0.9583
12: 226.02, 387.94, 0.9872
13: 204.54, 481.94, 0.9098
14: 231.00, 482.00, 0.9736
15: 196.02, 572.53, 0.8573
16: 212.98, 575.02, 0.9389

Frame: 1163, Person: 0
0: 1374.71, 290.41, 0.9953
1: 1403.64, 257.33, 0.9914
2: 1347.97, 266.12, 0.9748
3: 1467.15, 266.08, 0.9434
4: 1332.82, 283.83, 0.5930
5: 1564.02, 433.82, 0.9899
6: 1301.72, 427.95, 0.9946
7: 1638.57, 651.66, 0.9293
8: 1184.92, 542.46, 0.9633
9: 1592.57, 853.49, 0.8699
10: 1236.35, 405.25, 0.9371
11: 1506.30, 887.25, 0.9204
12: 1332.48, 878.34, 0.9416
13: 1523.98, 1048.13, 0.0912
14: 1325.20, 1055.66, 0.1270
15: 1494.99, 1080.00, 0.0076
16: 1277.28, 1080.00, 0.0104

Frame: 1163, Person: 1
0: 340.18, 214.90, 0.9610
1: 345.80, 206.25, 0.9114
2: 333.23, 208.15, 0.9302
3: 360.04, 206.23, 0.6441
4: 324.54, 211.12, 0.7287
5: 381.33, 241.42, 0.9914
6: 320.42, 255.49, 0.9948
7: 410.88, 284.64, 0.9163
8: 315.41, 325.60, 0.9626
9: 410.15, 315.06, 0.8757
10: 326.72, 387.83, 0.9251
11: 390.68, 349.46, 0.9917
12: 351.27, 356.07, 0.9938
13: 399.39, 439.70, 0.9713
14: 356.74, 445.47, 0.9784
15: 402.77, 519.32, 0.9114
16: 363.43, 528.22, 0.9272

Frame: 1163, Person: 2
0: 245.07, 213.47, 0.3392
1: 240.17, 204.03, 0.0581
2: 239.28, 204.57, 0.4987
3: 202.66, 207.49, 0.1132
4: 224.99, 208.97, 0.9375
5: 183.04, 257.32, 0.9063
6: 230.96, 258.53, 0.9905
7: 183.90, 324.27, 0.2817
8: 258.33, 323.26, 0.9544
9: 196.12, 347.89, 0.1985
10: 268.29, 346.36, 0.8034
11: 192.65, 385.60, 0.9568
12: 224.68, 387.06, 0.9870
13: 203.06, 481.33, 0.9048
14: 230.52, 481.49, 0.9727
15: 194.32, 571.87, 0.8480
16: 212.47, 574.67, 0.9356

Frame: 1164, Person: 0
0: 1375.13, 287.33, 0.9952
1: 1404.14, 255.35, 0.9913
2: 1349.59, 263.06, 0.9746
3: 1466.60, 265.59, 0.9432
4: 1334.98, 280.90, 0.5958
5: 1564.42, 432.08, 0.9900
6: 1299.85, 427.18, 0.9947
7: 1636.99, 650.07, 0.9290
8: 1188.75, 543.28, 0.9628
9: 1592.53, 853.12, 0.8655
10: 1235.24, 398.77, 0.9346
11: 1508.61, 886.47, 0.9182
12: 1333.24, 878.05, 0.9398
13: 1526.01, 1045.67, 0.0864
14: 1325.02, 1054.37, 0.1201
15: 1493.20, 1080.00, 0.0071
16: 1281.81, 1080.00, 0.0097

Frame: 1164, Person: 1
0: 339.73, 215.24, 0.9604
1: 345.43, 206.63, 0.9146
2: 332.95, 208.42, 0.9251
3: 359.90, 206.88, 0.6682
4: 324.64, 211.36, 0.7089
5: 380.85, 243.16, 0.9917
6: 321.02, 254.83, 0.9944
7: 406.26, 290.22, 0.9195
8: 315.59, 322.66, 0.9574
9: 402.08, 328.95, 0.8780
10: 327.03, 385.22, 0.9182
11: 389.18, 350.07, 0.9919
12: 350.34, 355.53, 0.9936
13: 398.44, 440.07, 0.9734
14: 355.65, 444.84, 0.9787
15: 403.27, 520.20, 0.9189
16: 363.48, 527.27, 0.9304

Frame: 1164, Person: 2
0: 243.93, 215.47, 0.2923
1: 238.98, 206.03, 0.0516
2: 238.48, 206.51, 0.4302
3: 201.77, 209.39, 0.1217
4: 225.53, 210.68, 0.9267
5: 182.44, 258.78, 0.9096
6: 231.36, 259.65, 0.9894
7: 181.12, 325.96, 0.3119
8: 255.83, 324.80, 0.9497
9: 193.62, 353.31, 0.2128
10: 264.82, 351.85, 0.7887
11: 192.51, 385.81, 0.9609
12: 225.40, 387.12, 0.9873
13: 202.22, 481.59, 0.9132
14: 230.10, 481.67, 0.9730
15: 193.59, 572.13, 0.8574
16: 212.98, 574.74, 0.9361

Frame: 1165, Person: 0
0: 1375.97, 284.60, 0.9953
1: 1405.11, 253.05, 0.9912
2: 1349.75, 260.56, 0.9757
3: 1465.86, 265.23, 0.9416
4: 1332.67, 280.29, 0.6122
5: 1563.85, 433.10, 0.9903
6: 1296.96, 426.62, 0.9949
7: 1637.36, 651.69, 0.9299
8: 1191.15, 540.90, 0.9639
9: 1593.62, 854.55, 0.8650
10: 1233.88, 399.27, 0.9351
11: 1508.46, 885.98, 0.9217
12: 1331.82, 876.80, 0.9428
13: 1524.56, 1046.45, 0.0888
14: 1322.71, 1053.92, 0.1239
15: 1490.25, 1080.00, 0.0073
16: 1283.35, 1080.00, 0.0099

Frame: 1165, Person: 1
0: 339.95, 215.82, 0.9629
1: 345.71, 207.18, 0.9192
2: 333.01, 209.01, 0.9300
3: 360.04, 207.22, 0.6730
4: 324.22, 211.89, 0.7192
5: 380.58, 242.83, 0.9924
6: 320.28, 255.22, 0.9948
7: 405.93, 288.79, 0.9251
8: 314.78, 323.33, 0.9596
9: 400.71, 325.57, 0.8859
10: 325.90, 385.57, 0.9224
11: 388.60, 349.96, 0.9926
12: 349.31, 355.75, 0.9941
13: 398.12, 440.14, 0.9758
14: 354.49, 445.25, 0.9804
15: 402.77, 520.49, 0.9250
16: 361.93, 528.10, 0.9353

Frame: 1165, Person: 2
0: 245.41, 216.71, 0.2724
1: 240.21, 207.29, 0.0475
2: 240.07, 207.73, 0.4028
3: 202.65, 210.39, 0.1201
4: 227.09, 211.59, 0.9227
5: 183.17, 259.00, 0.9103
6: 232.62, 259.84, 0.9892
7: 181.10, 326.05, 0.3241
8: 255.89, 325.07, 0.9493
9: 193.64, 355.82, 0.2202
10: 264.42, 354.67, 0.7881
11: 193.96, 385.57, 0.9636
12: 227.19, 386.93, 0.9879
13: 202.82, 482.16, 0.9192
14: 230.84, 482.27, 0.9743
15: 194.18, 572.59, 0.8653
16: 213.86, 575.32, 0.9389

Frame: 1166, Person: 0
0: 1375.86, 283.10, 0.9953
1: 1405.51, 251.45, 0.9913
2: 1349.45, 258.57, 0.9756
3: 1466.65, 264.19, 0.9414
4: 1331.81, 278.22, 0.6062
5: 1563.02, 432.86, 0.9901
6: 1296.83, 424.55, 0.9946
7: 1635.84, 650.50, 0.9297
8: 1190.87, 535.81, 0.9624
9: 1591.91, 852.46, 0.8668
10: 1237.60, 391.35, 0.9345
11: 1508.69, 885.52, 0.9195
12: 1332.21, 875.97, 0.9402
13: 1526.62, 1049.10, 0.0863
14: 1325.55, 1056.02, 0.1189
15: 1494.37, 1080.00, 0.0070
16: 1286.47, 1080.00, 0.0094

Frame: 1166, Person: 1
0: 340.19, 216.16, 0.9641
1: 346.00, 207.41, 0.9204
2: 333.07, 209.32, 0.9330
3: 360.41, 207.39, 0.6695
4: 324.00, 212.27, 0.7269
5: 380.89, 243.11, 0.9925
6: 319.79, 255.64, 0.9951
7: 405.08, 289.51, 0.9240
8: 313.61, 323.61, 0.9618
9: 398.98, 326.89, 0.8853
10: 325.17, 385.61, 0.9258
11: 389.23, 350.53, 0.9929
12: 349.33, 356.39, 0.9945
13: 398.83, 440.45, 0.9769
14: 353.91, 445.57, 0.9818
15: 403.25, 520.61, 0.9291
16: 361.21, 528.27, 0.9400

Frame: 1166, Person: 2
0: 245.10, 212.09, 0.3037
1: 240.05, 202.55, 0.0550
2: 239.52, 202.97, 0.4361
3: 202.55, 206.74, 0.1291
4: 226.22, 207.87, 0.9263
5: 182.91, 258.06, 0.9155
6: 231.84, 258.85, 0.9896
7: 180.83, 326.50, 0.3235
8: 254.94, 325.64, 0.9471
9: 194.07, 355.95, 0.2194
10: 263.88, 354.86, 0.7822
11: 194.06, 386.15, 0.9628
12: 227.10, 387.57, 0.9875
13: 202.69, 482.98, 0.9189
14: 231.40, 483.17, 0.9738
15: 193.82, 574.02, 0.8667
16: 214.69, 576.84, 0.9390

Frame: 1167, Person: 0
0: 1377.52, 282.66, 0.9955
1: 1406.29, 250.09, 0.9914
2: 1349.49, 259.23, 0.9773
3: 1466.66, 262.52, 0.9402
4: 1330.30, 281.40, 0.6268
5: 1563.61, 433.22, 0.9898
6: 1296.73, 426.03, 0.9949
7: 1636.99, 651.65, 0.9269
8: 1189.52, 533.42, 0.9651
9: 1592.59, 856.19, 0.8636
10: 1238.32, 390.69, 0.9381
11: 1505.96, 888.73, 0.9166
12: 1328.99, 879.44, 0.9408
13: 1522.62, 1042.58, 0.0844
14: 1318.15, 1050.88, 0.1211
15: 1493.50, 1080.00, 0.0070
16: 1279.35, 1080.00, 0.0098

Frame: 1167, Person: 1
0: 340.41, 216.59, 0.9643
1: 346.22, 207.78, 0.9176
2: 333.16, 209.70, 0.9351
3: 360.60, 207.63, 0.6550
4: 323.84, 212.52, 0.7395
5: 380.75, 243.10, 0.9923
6: 319.50, 255.75, 0.9954
7: 403.86, 289.54, 0.9210
8: 312.94, 324.34, 0.9652
9: 398.10, 326.95, 0.8823
10: 325.54, 387.38, 0.9308
11: 389.46, 350.37, 0.9927
12: 349.41, 356.33, 0.9946
13: 399.24, 439.95, 0.9754
14: 354.35, 445.14, 0.9815
15: 402.79, 519.82, 0.9239
16: 361.15, 527.65, 0.9378

Frame: 1167, Person: 2
0: 244.02, 211.66, 0.3188
1: 239.39, 202.19, 0.0631
2: 238.43, 202.56, 0.4435
3: 202.45, 206.80, 0.1504
4: 225.91, 207.84, 0.9247
5: 183.00, 258.89, 0.9220
6: 232.38, 259.54, 0.9896
7: 180.55, 327.55, 0.3372
8: 256.20, 326.48, 0.9420
9: 192.87, 357.36, 0.2251
10: 264.01, 356.23, 0.7673
11: 193.94, 386.33, 0.9632
12: 227.45, 387.55, 0.9870
13: 201.38, 483.21, 0.9206
14: 231.38, 483.25, 0.9730
15: 193.16, 574.00, 0.8702
16: 215.81, 576.38, 0.9384

Frame: 1168, Person: 0
0: 1378.73, 282.11, 0.9954
1: 1406.96, 250.09, 0.9911
2: 1351.50, 259.66, 0.9774
3: 1467.26, 263.24, 0.9400
4: 1334.51, 282.95, 0.6324
5: 1562.64, 432.79, 0.9893
6: 1299.64, 426.15, 0.9950
7: 1635.82, 651.92, 0.9229
8: 1185.32, 535.94, 0.9661
9: 1591.49, 852.70, 0.8582
10: 1240.12, 389.86, 0.9389
11: 1500.04, 885.42, 0.9102
12: 1325.19, 876.28, 0.9380
13: 1519.69, 1039.44, 0.0784
14: 1314.11, 1047.94, 0.1161
15: 1493.59, 1080.00, 0.0066
16: 1267.58, 1080.00, 0.0093

Frame: 1168, Person: 1
0: 340.67, 217.17, 0.9665
1: 346.43, 208.35, 0.9210
2: 333.34, 210.32, 0.9393
3: 360.78, 208.05, 0.6599
4: 323.84, 213.08, 0.7517
5: 380.96, 243.19, 0.9928
6: 319.22, 256.08, 0.9958
7: 403.64, 288.98, 0.9254
8: 312.29, 324.37, 0.9683
9: 397.32, 325.89, 0.8879
10: 325.56, 387.30, 0.9357
11: 389.19, 350.04, 0.9930
12: 348.69, 356.07, 0.9948
13: 399.34, 438.79, 0.9750
14: 352.74, 444.07, 0.9815
15: 401.76, 517.56, 0.9205
16: 358.08, 525.59, 0.9354

Frame: 1168, Person: 2
0: 245.58, 209.76, 0.3344
1: 240.53, 200.15, 0.0653
2: 239.65, 200.53, 0.4620
3: 202.03, 205.28, 0.1581
4: 225.72, 206.34, 0.9322
5: 182.02, 258.83, 0.9291
6: 232.16, 259.67, 0.9905
7: 179.53, 328.10, 0.3455
8: 255.70, 327.46, 0.9425
9: 191.79, 359.76, 0.2265
10: 263.26, 358.92, 0.7647
11: 193.73, 387.05, 0.9635
12: 227.68, 388.51, 0.9870
13: 201.77, 483.71, 0.9180
14: 231.75, 483.90, 0.9717
15: 192.99, 574.38, 0.8639
16: 215.57, 577.27, 0.9346

Frame: 1169, Person: 0
0: 1379.57, 280.32, 0.9955
1: 1408.15, 248.38, 0.9912
2: 1351.74, 257.81, 0.9779
3: 1468.05, 262.58, 0.9391
4: 1333.13, 282.14, 0.6393
5: 1562.62, 432.46, 0.9896
6: 1297.89, 426.51, 0.9951
7: 1634.43, 650.89, 0.9250
8: 1185.62, 535.71, 0.9668
9: 1591.04, 853.30, 0.8610
10: 1239.78, 387.99, 0.9403
11: 1502.00, 886.04, 0.9161
12: 1326.07, 877.56, 0.9419
13: 1523.14, 1042.70, 0.0830
14: 1317.36, 1052.31, 0.1222
15: 1495.49, 1080.00, 0.0069
16: 1272.18, 1080.00, 0.0098

Frame: 1169, Person: 1
0: 341.11, 218.66, 0.9644
1: 346.70, 209.78, 0.9162
2: 333.75, 211.82, 0.9360
3: 360.89, 208.75, 0.6497
4: 324.19, 214.00, 0.7460
5: 381.21, 242.69, 0.9927
6: 319.46, 255.78, 0.9957
7: 403.44, 288.63, 0.9265
8: 312.20, 324.26, 0.9688
9: 397.04, 326.71, 0.8901
10: 325.56, 388.13, 0.9371
11: 388.91, 348.66, 0.9933
12: 348.34, 354.75, 0.9951
13: 399.75, 436.18, 0.9770
14: 352.52, 441.53, 0.9829
15: 401.03, 514.87, 0.9275
16: 356.67, 523.04, 0.9411

Frame: 1169, Person: 2
0: 248.18, 214.62, 0.4529
1: 246.26, 202.86, 0.0907
2: 242.82, 203.15, 0.5973
3: 212.83, 206.38, 0.1419
4: 228.64, 207.10, 0.9325
5: 186.84, 257.17, 0.8862
6: 236.63, 261.38, 0.9900
7: 187.49, 326.24, 0.3161
8: 265.76, 334.64, 0.9430
9: 212.44, 353.91, 0.1924
10: 268.55, 358.70, 0.7690
11: 195.55, 390.12, 0.9587
12: 230.38, 392.38, 0.9890
13: 202.85, 487.51, 0.9381
14: 238.82, 490.46, 0.9827
15: 192.09, 575.99, 0.9039
16: 219.72, 582.48, 0.9545

Frame: 1170, Person: 0
0: 1380.47, 279.92, 0.9956
1: 1409.17, 247.55, 0.9913
2: 1351.17, 257.30, 0.9790
3: 1468.51, 262.42, 0.9365
4: 1330.22, 283.06, 0.6499
5: 1561.41, 433.04, 0.9897
6: 1298.38, 428.17, 0.9952
7: 1634.08, 652.19, 0.9257
8: 1186.37, 540.72, 0.9676
9: 1589.72, 852.23, 0.8640
10: 1239.81, 397.09, 0.9424
11: 1503.57, 886.96, 0.9183
12: 1328.96, 878.99, 0.9437
13: 1524.05, 1046.43, 0.0850
14: 1321.04, 1055.87, 0.1255
15: 1496.46, 1080.00, 0.0070
16: 1272.99, 1080.00, 0.0099

Frame: 1170, Person: 1
0: 341.53, 218.07, 0.9632
1: 347.01, 209.25, 0.9107
2: 334.16, 211.26, 0.9361
3: 360.87, 208.56, 0.6300
4: 324.36, 213.71, 0.7549
5: 380.97, 242.77, 0.9926
6: 318.93, 255.93, 0.9959
7: 403.23, 288.03, 0.9256
8: 311.66, 324.39, 0.9710
9: 397.34, 325.44, 0.8898
10: 326.43, 388.32, 0.9407
11: 388.82, 348.80, 0.9934
12: 348.18, 355.03, 0.9953
13: 399.95, 434.88, 0.9772
14: 353.20, 440.36, 0.9836
15: 400.18, 512.54, 0.9282
16: 357.06, 520.93, 0.9430

Frame: 1170, Person: 2
0: 248.45, 214.94, 0.3959
1: 246.34, 203.21, 0.0749
2: 243.63, 203.44, 0.5389
3: 212.65, 206.77, 0.1365
4: 230.87, 207.39, 0.9256
5: 187.81, 256.84, 0.8776
6: 237.99, 261.17, 0.9893
7: 189.31, 325.41, 0.3083
8: 266.98, 334.14, 0.9413
9: 214.16, 353.39, 0.1854
10: 268.50, 358.47, 0.7609
11: 196.34, 390.56, 0.9582
12: 231.41, 392.76, 0.9889
13: 203.58, 487.87, 0.9366
14: 238.57, 490.75, 0.9823
15: 192.66, 576.03, 0.9017
16: 220.19, 582.11, 0.9536

Frame: 1171, Person: 0
0: 1380.55, 280.19, 0.9956
1: 1409.52, 248.02, 0.9913
2: 1352.04, 257.53, 0.9790
3: 1469.68, 262.47, 0.9382
4: 1332.73, 282.29, 0.6479
5: 1561.21, 432.20, 0.9894
6: 1299.72, 426.53, 0.9953
7: 1633.14, 651.30, 0.9242
8: 1184.56, 539.91, 0.9682
9: 1589.48, 849.20, 0.8628
10: 1240.04, 397.06, 0.9430
11: 1501.03, 886.37, 0.9177
12: 1326.95, 878.08, 0.9442
13: 1524.09, 1046.95, 0.0848
14: 1319.05, 1055.67, 0.1269
15: 1499.73, 1080.00, 0.0070
16: 1269.23, 1080.00, 0.0101

Frame: 1171, Person: 1
0: 347.04, 217.35, 0.9637
1: 352.18, 208.58, 0.8974
2: 339.00, 210.54, 0.9471
3: 363.86, 208.38, 0.5509
4: 326.60, 213.40, 0.8080
5: 381.67, 242.89, 0.9915
6: 319.17, 256.66, 0.9964
7: 405.36, 287.03, 0.9077
8: 311.74, 326.09, 0.9777
9: 402.19, 322.81, 0.8720
10: 326.87, 391.03, 0.9506
11: 390.08, 349.12, 0.9930
12: 349.32, 355.95, 0.9957
13: 400.29, 435.45, 0.9751
14: 354.43, 441.47, 0.9848
15: 398.72, 512.49, 0.9238
16: 356.56, 521.92, 0.9463

Frame: 1171, Person: 2
0: 246.87, 212.83, 0.4539
1: 242.54, 203.44, 0.0904
2: 240.79, 203.79, 0.6038
3: 206.33, 208.17, 0.1192
4: 225.70, 209.16, 0.9360
5: 188.01, 259.06, 0.9092
6: 230.05, 260.77, 0.9909
7: 197.33, 326.65, 0.2774
8: 256.74, 327.64, 0.9523
9: 210.98, 362.81, 0.2125
10: 263.49, 363.34, 0.8151
11: 197.69, 387.71, 0.9573
12: 226.48, 389.52, 0.9871
13: 204.39, 483.92, 0.9152
14: 231.98, 484.33, 0.9758
15: 196.83, 572.74, 0.8710
16: 216.85, 575.97, 0.9463

Frame: 1172, Person: 0
0: 1381.07, 280.34, 0.9956
1: 1410.32, 248.21, 0.9913
2: 1352.65, 257.37, 0.9792
3: 1470.49, 262.78, 0.9377
4: 1333.28, 281.77, 0.6498
5: 1560.44, 432.65, 0.9893
6: 1299.98, 426.32, 0.9952
7: 1632.97, 652.85, 0.9235
8: 1183.98, 541.81, 0.9681
9: 1588.59, 848.65, 0.8629
10: 1241.10, 398.11, 0.9433
11: 1499.03, 886.17, 0.9159
12: 1325.49, 877.65, 0.9430
13: 1524.20, 1046.11, 0.0843
14: 1319.21, 1054.04, 0.1264
15: 1501.24, 1080.00, 0.0070
16: 1268.05, 1080.00, 0.0101

Frame: 1172, Person: 1
0: 351.61, 217.31, 0.9664
1: 356.50, 208.65, 0.8906
2: 343.06, 210.44, 0.9575
3: 366.22, 209.07, 0.4920
4: 328.36, 213.60, 0.8507
5: 381.29, 243.98, 0.9909
6: 319.43, 257.64, 0.9970
7: 406.52, 287.18, 0.8910
8: 311.98, 327.01, 0.9822
9: 406.38, 321.88, 0.8566
10: 326.52, 392.04, 0.9579
11: 390.26, 349.49, 0.9926
12: 350.18, 356.64, 0.9960
13: 399.85, 435.15, 0.9738
14: 356.59, 441.49, 0.9861
15: 397.03, 511.00, 0.9228
16: 357.69, 521.00, 0.9506

Frame: 1172, Person: 2
0: 246.27, 213.64, 0.5243
1: 242.72, 204.54, 0.1143
2: 239.95, 204.72, 0.6711
3: 211.00, 208.91, 0.1062
4: 225.47, 209.43, 0.9319
5: 197.69, 257.65, 0.8972
6: 227.00, 259.50, 0.9908
7: 223.13, 322.86, 0.2597
8: 254.63, 326.20, 0.9565
9: 241.70, 361.93, 0.2167
10: 261.79, 364.26, 0.8399
11: 204.15, 385.98, 0.9562
12: 225.45, 387.95, 0.9875
13: 208.85, 482.37, 0.9158
14: 231.70, 482.96, 0.9779
15: 200.48, 571.27, 0.8726
16: 217.45, 574.73, 0.9501

Frame: 1173, Person: 0
0: 1381.88, 280.08, 0.9957
1: 1411.22, 247.67, 0.9913
2: 1352.73, 256.50, 0.9795
3: 1470.63, 262.13, 0.9355
4: 1331.25, 280.68, 0.6554
5: 1560.55, 433.57, 0.9896
6: 1298.31, 427.98, 0.9952
7: 1633.49, 653.45, 0.9244
8: 1185.84, 544.57, 0.9669
9: 1587.42, 850.63, 0.8638
10: 1240.45, 402.16, 0.9420
11: 1500.87, 888.34, 0.9173
12: 1326.73, 880.20, 0.9429
13: 1524.04, 1050.67, 0.0849
14: 1322.77, 1058.95, 0.1250
15: 1496.69, 1080.00, 0.0070
16: 1273.82, 1080.00, 0.0099

Frame: 1173, Person: 1
0: 352.18, 217.54, 0.9676
1: 357.12, 208.95, 0.8953
2: 343.74, 210.71, 0.9583
3: 366.84, 209.20, 0.5033
4: 329.19, 213.75, 0.8503
5: 382.44, 243.24, 0.9918
6: 319.40, 257.76, 0.9972
7: 409.45, 284.24, 0.9021
8: 311.57, 327.55, 0.9828
9: 408.62, 312.75, 0.8702
10: 326.11, 390.08, 0.9596
11: 390.68, 349.64, 0.9936
12: 350.13, 357.16, 0.9965
13: 399.36, 435.83, 0.9774
14: 357.85, 442.51, 0.9877
15: 395.56, 512.56, 0.9318
16: 359.88, 523.14, 0.9555

Frame: 1173, Person: 2
0: 247.03, 213.35, 0.5625
1: 243.50, 204.20, 0.1250
2: 240.40, 204.42, 0.7079
3: 212.61, 208.28, 0.1030
4: 224.57, 208.84, 0.9374
5: 199.15, 256.68, 0.8973
6: 225.58, 258.73, 0.9913
7: 224.64, 321.91, 0.2520
8: 253.42, 325.77, 0.9591
9: 243.85, 362.36, 0.2143
10: 262.57, 364.89, 0.8481
11: 205.88, 385.44, 0.9538
12: 225.25, 387.66, 0.9872
13: 210.15, 482.33, 0.9089
14: 232.59, 483.14, 0.9768
15: 200.98, 571.55, 0.8613
16: 218.17, 575.46, 0.9467

Frame: 1174, Person: 0
0: 1382.18, 279.51, 0.9956
1: 1411.25, 247.61, 0.9913
2: 1353.91, 257.05, 0.9789
3: 1471.55, 262.36, 0.9380
4: 1335.34, 281.98, 0.6473
5: 1559.91, 431.21, 0.9894
6: 1302.42, 426.59, 0.9952
7: 1632.92, 654.73, 0.9244
8: 1183.45, 550.70, 0.9674
9: 1585.83, 844.01, 0.8653
10: 1246.67, 408.95, 0.9425
11: 1498.96, 884.14, 0.9182
12: 1327.56, 876.59, 0.9437
13: 1527.18, 1050.46, 0.0874
14: 1326.29, 1058.38, 0.1293
15: 1507.49, 1080.00, 0.0072
16: 1272.10, 1080.00, 0.0103

Frame: 1174, Person: 1
0: 352.05, 217.82, 0.9653
1: 357.02, 209.44, 0.8899
2: 343.81, 210.94, 0.9559
3: 366.50, 210.08, 0.4937
4: 329.55, 213.92, 0.8450
5: 380.95, 244.67, 0.9904
6: 319.90, 257.92, 0.9967
7: 407.81, 285.85, 0.8839
8: 312.10, 326.84, 0.9793
9: 410.40, 315.10, 0.8502
10: 326.74, 388.88, 0.9528
11: 389.44, 350.28, 0.9927
12: 350.72, 357.35, 0.9960
13: 396.03, 436.87, 0.9768
14: 359.83, 443.14, 0.9874
15: 392.31, 513.87, 0.9356
16: 363.17, 523.78, 0.9581

Frame: 1174, Person: 2
0: 244.29, 209.56, 0.5524
1: 241.63, 200.51, 0.1368
2: 237.42, 200.62, 0.6868
3: 214.80, 206.09, 0.1071
4: 222.95, 206.37, 0.9188
5: 204.52, 257.39, 0.8843
6: 223.88, 259.00, 0.9884
7: 234.36, 323.20, 0.2481
8: 252.37, 327.59, 0.9464
9: 254.72, 363.46, 0.2131
10: 262.55, 366.24, 0.8219
11: 209.73, 387.39, 0.9492
12: 224.92, 389.40, 0.9848
13: 212.83, 483.44, 0.9092
14: 233.26, 484.32, 0.9749
15: 202.77, 573.21, 0.8683
16: 219.67, 576.73, 0.9467

Frame: 1175, Person: 0
0: 1384.42, 279.06, 0.9955
1: 1413.43, 247.49, 0.9911
2: 1356.04, 256.28, 0.9790
3: 1472.17, 262.89, 0.9348
4: 1336.02, 281.34, 0.6532
5: 1558.09, 430.27, 0.9894
6: 1301.31, 428.07, 0.9949
7: 1632.33, 652.40, 0.9257
8: 1182.48, 560.24, 0.9646
9: 1585.51, 837.09, 0.8682
10: 1250.56, 422.79, 0.9396
11: 1499.02, 879.12, 0.9162
12: 1328.04, 873.21, 0.9398
13: 1531.36, 1048.16, 0.0880
14: 1330.76, 1056.90, 0.1252
15: 1511.86, 1080.00, 0.0073
16: 1274.33, 1080.00, 0.0100

Frame: 1175, Person: 1
0: 354.13, 217.17, 0.9660
1: 359.42, 208.87, 0.8941
2: 346.01, 210.25, 0.9563
3: 369.39, 209.77, 0.5058
4: 332.00, 213.41, 0.8431
5: 384.01, 244.33, 0.9908
6: 321.30, 258.31, 0.9967
7: 411.46, 283.11, 0.8902
8: 313.03, 328.30, 0.9790
9: 413.71, 306.28, 0.8571
10: 328.49, 389.75, 0.9523
11: 390.84, 350.66, 0.9928
12: 351.08, 357.94, 0.9959
13: 395.67, 437.66, 0.9764
14: 359.37, 444.18, 0.9868
15: 390.57, 513.76, 0.9325
16: 362.31, 524.26, 0.9552

Frame: 1175, Person: 2
0: 246.84, 212.22, 0.4244
1: 242.72, 202.96, 0.0873
2: 240.95, 203.20, 0.5654
3: 207.84, 208.38, 0.1363
4: 227.31, 209.07, 0.9341
5: 188.98, 260.69, 0.9190
6: 233.15, 261.29, 0.9911
7: 191.78, 328.85, 0.3072
8: 258.66, 328.10, 0.9507
9: 203.96, 365.07, 0.2238
10: 266.40, 364.29, 0.8051
11: 200.02, 388.62, 0.9610
12: 230.15, 389.98, 0.9876
13: 206.79, 484.49, 0.9196
14: 236.23, 484.66, 0.9756
15: 199.03, 574.13, 0.8742
16: 221.82, 576.65, 0.9452

Frame: 1176, Person: 0
0: 1386.41, 277.46, 0.9956
1: 1415.12, 246.07, 0.9911
2: 1357.80, 254.96, 0.9796
3: 1472.91, 261.88, 0.9325
4: 1337.23, 280.72, 0.6593
5: 1558.05, 427.05, 0.9892
6: 1302.69, 425.04, 0.9948
7: 1632.95, 650.69, 0.9249
8: 1181.32, 562.40, 0.9650
9: 1584.56, 830.34, 0.8670
10: 1250.52, 432.83, 0.9397
11: 1500.09, 875.35, 0.9102
12: 1329.41, 869.43, 0.9358
13: 1532.65, 1041.94, 0.0810
14: 1327.52, 1049.31, 0.1161
15: 1517.42, 1080.00, 0.0067
16: 1268.05, 1080.00, 0.0092

Frame: 1176, Person: 1
0: 354.05, 217.20, 0.9641
1: 359.53, 209.10, 0.8945
2: 346.44, 210.34, 0.9513
3: 370.20, 210.42, 0.5273
4: 333.90, 213.74, 0.8244
5: 385.27, 245.11, 0.9910
6: 323.14, 259.09, 0.9965
7: 413.05, 281.82, 0.8972
8: 314.01, 328.75, 0.9771
9: 417.63, 300.75, 0.8638
10: 329.30, 389.03, 0.9490
11: 390.85, 351.59, 0.9932
12: 351.42, 358.70, 0.9959
13: 395.78, 438.59, 0.9784
14: 358.87, 445.02, 0.9872
15: 391.00, 514.69, 0.9386
16: 360.90, 525.18, 0.9576

Frame: 1176, Person: 2
0: 249.44, 212.93, 0.3634
1: 244.63, 203.63, 0.0688
2: 243.72, 203.94, 0.5001
3: 206.85, 208.60, 0.1503
4: 230.03, 209.52, 0.9395
5: 186.26, 260.59, 0.9362
6: 236.66, 261.11, 0.9925
7: 183.51, 328.76, 0.3676
8: 261.42, 327.17, 0.9569
9: 194.06, 363.45, 0.2499
10: 268.82, 361.84, 0.8114
11: 198.13, 388.54, 0.9702
12: 232.05, 389.83, 0.9901
13: 206.12, 484.64, 0.9296
14: 237.29, 484.69, 0.9775
15: 198.72, 574.08, 0.8785
16: 222.69, 576.62, 0.9450

Frame: 1177, Person: 0
0: 1390.23, 277.46, 0.9957
1: 1418.42, 245.53, 0.9906
2: 1360.42, 254.44, 0.9816
3: 1473.91, 259.81, 0.9223
4: 1336.63, 279.21, 0.6940
5: 1556.56, 423.92, 0.9893
6: 1298.16, 424.29, 0.9950
7: 1631.32, 653.65, 0.9229
8: 1173.69, 580.34, 0.9653
9: 1581.17, 815.23, 0.8676
10: 1250.88, 463.07, 0.9408
11: 1499.13, 865.99, 0.9081
12: 1326.86, 862.13, 0.9347
13: 1538.70, 1037.04, 0.0834
14: 1331.70, 1044.46, 0.1202
15: 1523.36, 1080.00, 0.0069
16: 1270.01, 1080.00, 0.0094

Frame: 1177, Person: 1
0: 354.92, 217.31, 0.9644
1: 361.53, 209.38, 0.9140
2: 347.07, 210.51, 0.9448
3: 373.51, 211.72, 0.6262
4: 336.48, 214.98, 0.7899
5: 390.20, 246.86, 0.9930
6: 326.12, 258.25, 0.9968
7: 413.35, 286.83, 0.9114
8: 314.65, 323.30, 0.9690
9: 412.69, 310.02, 0.8758
10: 326.92, 376.76, 0.9354
11: 393.30, 353.24, 0.9950
12: 352.95, 358.87, 0.9965
13: 394.83, 439.43, 0.9846
14: 361.94, 444.00, 0.9891
15: 391.24, 516.18, 0.9593
16: 369.72, 523.52, 0.9685

Frame: 1177, Person: 2
0: 252.84, 214.48, 0.3405
1: 250.40, 202.53, 0.0593
2: 248.74, 202.14, 0.4640
3: 213.77, 206.88, 0.1761
4: 239.88, 207.02, 0.9394
5: 188.38, 258.64, 0.9167
6: 246.56, 262.63, 0.9936
7: 185.46, 329.57, 0.3866
8: 270.08, 337.34, 0.9608
9: 207.52, 357.78, 0.2260
10: 270.94, 360.39, 0.8099
11: 197.51, 392.37, 0.9727
12: 237.85, 394.70, 0.9931
13: 206.38, 489.44, 0.9486
14: 243.56, 492.68, 0.9863
15: 199.35, 576.37, 0.9062
16: 228.50, 582.65, 0.9572

Frame: 1178, Person: 0
0: 1393.60, 276.47, 0.9952
1: 1421.07, 245.08, 0.9902
2: 1365.54, 253.30, 0.9792
3: 1476.15, 257.92, 0.9233
4: 1342.34, 275.79, 0.6748
5: 1562.29, 423.57, 0.9888
6: 1294.60, 429.12, 0.9940
7: 1635.01, 646.55, 0.9201
8: 1170.92, 590.40, 0.9547
9: 1586.14, 812.38, 0.8571
10: 1249.12, 484.45, 0.9233
11: 1506.61, 871.49, 0.9018
12: 1327.61, 870.20, 0.9239
13: 1542.62, 1056.94, 0.0715
14: 1327.04, 1067.98, 0.0944
15: 1527.59, 1080.00, 0.0056
16: 1274.16, 1080.00, 0.0072

Frame: 1178, Person: 1
0: 354.67, 217.97, 0.9642
1: 361.45, 210.06, 0.9186
2: 347.06, 211.17, 0.9401
3: 374.28, 212.37, 0.6556
4: 337.26, 215.63, 0.7656
5: 391.69, 247.34, 0.9932
6: 327.77, 258.79, 0.9966
7: 415.57, 286.83, 0.9171
8: 316.86, 323.45, 0.9650
9: 415.06, 308.62, 0.8820
10: 328.98, 375.62, 0.9297
11: 393.95, 353.86, 0.9952
12: 353.68, 359.34, 0.9964
13: 394.37, 440.63, 0.9855
14: 362.35, 445.08, 0.9890
15: 390.63, 517.62, 0.9617
16: 370.23, 524.83, 0.9689

Frame: 1178, Person: 2
0: 250.61, 215.89, 0.2176
1: 245.47, 206.49, 0.0437
2: 245.58, 206.78, 0.3028
3: 206.59, 211.59, 0.1945
4: 235.81, 212.55, 0.9201
5: 186.09, 264.26, 0.9488
6: 242.70, 264.49, 0.9912
7: 179.32, 331.07, 0.4777
8: 262.89, 329.82, 0.9465
9: 191.91, 363.44, 0.2913
10: 268.97, 361.99, 0.7627
11: 197.22, 389.96, 0.9784
12: 235.51, 391.07, 0.9911
13: 206.84, 484.25, 0.9431
14: 238.52, 484.33, 0.9770
15: 199.30, 574.64, 0.8889
16: 224.16, 577.07, 0.9405

Frame: 1179, Person: 0
0: 1402.74, 276.32, 0.9956
1: 1428.34, 244.95, 0.9891
2: 1373.36, 253.13, 0.9833
3: 1477.32, 257.55, 0.8970
4: 1343.73, 276.05, 0.7445
5: 1563.34, 422.75, 0.9888
6: 1291.14, 431.18, 0.9948
7: 1641.02, 642.40, 0.9149
8: 1169.64, 595.29, 0.9602
9: 1584.35, 808.97, 0.8503
10: 1249.70, 496.67, 0.9303
11: 1508.79, 873.42, 0.8983
12: 1327.17, 873.27, 0.9262
13: 1538.95, 1057.63, 0.0659
14: 1322.13, 1068.96, 0.0920
15: 1516.14, 1080.00, 0.0051
16: 1267.06, 1080.00, 0.0066

Frame: 1179, Person: 1
0: 357.18, 217.76, 0.9646
1: 363.78, 209.93, 0.9123
2: 349.37, 211.00, 0.9456
3: 375.38, 212.63, 0.6174
4: 338.84, 215.75, 0.7939
5: 391.78, 248.00, 0.9928
6: 328.68, 259.83, 0.9969
7: 417.36, 286.38, 0.9075
8: 318.33, 325.12, 0.9699
9: 419.11, 305.66, 0.8731
10: 330.03, 377.17, 0.9369
11: 394.53, 355.19, 0.9951
12: 355.09, 360.94, 0.9967
13: 393.78, 441.63, 0.9853
14: 363.99, 446.32, 0.9898
15: 389.35, 517.99, 0.9619
16: 371.18, 525.69, 0.9711

Frame: 1179, Person: 2
0: 252.36, 216.35, 0.2818
1: 250.21, 204.27, 0.0518
2: 248.59, 203.61, 0.3745
3: 213.87, 209.22, 0.2222
4: 243.54, 209.25, 0.9344
5: 189.59, 260.49, 0.9327
6: 251.51, 264.39, 0.9940
7: 184.27, 328.89, 0.4420
8: 272.20, 337.32, 0.9599
9: 204.09, 358.25, 0.2487
10: 272.75, 362.21, 0.7996
11: 197.32, 391.69, 0.9784
12: 239.87, 393.96, 0.9940
13: 207.87, 488.71, 0.9564
14: 243.63, 492.24, 0.9874
15: 201.66, 577.04, 0.9158
16: 227.26, 583.84, 0.9600

Frame: 1180, Person: 0
0: 1407.49, 275.40, 0.9957
1: 1432.83, 243.82, 0.9887
2: 1376.88, 252.18, 0.9847
3: 1480.23, 257.33, 0.8867
4: 1343.98, 276.96, 0.7668
5: 1564.46, 421.53, 0.9884
6: 1289.18, 435.19, 0.9949
7: 1645.06, 629.99, 0.9111
8: 1165.30, 603.25, 0.9614
9: 1575.34, 775.75, 0.8584
10: 1256.73, 524.30, 0.9348
11: 1510.54, 867.72, 0.8953
12: 1328.13, 870.22, 0.9258
13: 1536.04, 1048.06, 0.0696
14: 1326.93, 1059.02, 0.0988
15: 1511.94, 1080.00, 0.0055
16: 1275.88, 1080.00, 0.0072

Frame: 1180, Person: 1
0: 359.31, 218.62, 0.9622
1: 365.69, 210.69, 0.9047
2: 351.48, 211.94, 0.9437
3: 377.25, 213.22, 0.5962
4: 341.14, 216.77, 0.7953
5: 393.86, 249.19, 0.9916
6: 331.02, 260.63, 0.9967
7: 416.38, 288.81, 0.8904
8: 320.23, 324.70, 0.9691
9: 417.04, 309.21, 0.8541
10: 333.79, 374.61, 0.9347
11: 396.12, 356.23, 0.9944
12: 356.79, 361.68, 0.9963
13: 394.95, 442.02, 0.9836
14: 364.49, 446.37, 0.9893
15: 389.26, 518.22, 0.9594
16: 370.18, 525.53, 0.9705

Frame: 1180, Person: 2
0: 251.89, 216.00, 0.1877
1: 246.75, 206.56, 0.0410
2: 246.98, 206.76, 0.2530
3: 207.58, 212.19, 0.2160
4: 238.66, 213.02, 0.9059
5: 187.91, 265.90, 0.9519
6: 246.19, 265.80, 0.9901
7: 181.03, 333.07, 0.5178
8: 264.94, 331.46, 0.9376
9: 191.44, 366.17, 0.3116
10: 267.73, 364.73, 0.7368
11: 198.14, 391.53, 0.9805
12: 237.53, 392.31, 0.9911
13: 207.99, 485.66, 0.9497
14: 238.43, 485.56, 0.9773
15: 200.09, 576.81, 0.8995
16: 223.18, 578.79, 0.9420

Frame: 1181, Person: 0
0: 1412.60, 274.82, 0.9960
1: 1437.56, 243.68, 0.9878
2: 1381.35, 251.23, 0.9868
3: 1482.13, 258.08, 0.8651
4: 1343.93, 276.42, 0.7996
5: 1563.97, 420.48, 0.9897
6: 1286.08, 434.74, 0.9956
7: 1650.08, 617.15, 0.9199
8: 1168.76, 602.55, 0.9668
9: 1564.22, 729.14, 0.8843
10: 1259.21, 546.33, 0.9458
11: 1507.61, 847.61, 0.9213
12: 1323.36, 850.86, 0.9448
13: 1542.45, 1026.34, 0.1137
14: 1331.43, 1033.22, 0.1585
15: 1520.70, 1080.00, 0.0094
16: 1286.16, 1080.00, 0.0124

Frame: 1181, Person: 1
0: 364.46, 219.68, 0.9643
1: 370.37, 211.79, 0.8996
2: 356.13, 213.06, 0.9535
3: 379.67, 214.05, 0.5491
4: 344.08, 217.58, 0.8373
5: 394.84, 249.56, 0.9913
6: 332.43, 260.72, 0.9972
7: 417.84, 289.10, 0.8763
8: 321.14, 323.95, 0.9738
9: 418.28, 311.39, 0.8407
10: 334.15, 374.17, 0.9419
11: 396.91, 357.59, 0.9943
12: 358.07, 363.08, 0.9966
13: 395.21, 443.63, 0.9832
14: 365.34, 448.03, 0.9901
15: 388.51, 520.85, 0.9593
16: 369.79, 528.23, 0.9725

Frame: 1181, Person: 2
0: 254.43, 215.16, 0.1950
1: 248.73, 205.55, 0.0417
2: 249.18, 205.72, 0.2615
3: 207.62, 211.41, 0.2239
4: 239.25, 212.15, 0.9129
5: 187.75, 265.99, 0.9565
6: 246.96, 265.88, 0.9907
7: 181.68, 334.06, 0.5333
8: 264.79, 332.46, 0.9375
9: 190.91, 368.54, 0.3184
10: 265.37, 367.26, 0.7337
11: 198.36, 392.71, 0.9810
12: 238.70, 393.58, 0.9910
13: 208.18, 486.13, 0.9488
14: 241.00, 486.06, 0.9762
15: 198.67, 577.50, 0.8958
16: 225.80, 579.71, 0.9386

Frame: 1182, Person: 0
0: 1418.23, 272.47, 0.9961
1: 1441.99, 242.09, 0.9870
2: 1387.02, 249.09, 0.9882
3: 1483.83, 257.47, 0.8429
4: 1347.10, 274.74, 0.8191
5: 1566.55, 419.63, 0.9896
6: 1285.06, 432.65, 0.9956
7: 1660.09, 602.52, 0.9209
8: 1170.69, 593.33, 0.9679
9: 1568.24, 682.38, 0.8940
10: 1261.58, 554.39, 0.9490
11: 1512.21, 849.53, 0.9287
12: 1324.14, 853.26, 0.9498
13: 1559.27, 1031.35, 0.1254
14: 1337.80, 1034.60, 0.1730
15: 1546.02, 1080.00, 0.0102
16: 1297.36, 1080.00, 0.0134

Frame: 1182, Person: 1
0: 364.97, 219.80, 0.9674
1: 371.23, 211.92, 0.9169
2: 356.72, 213.08, 0.9518
3: 381.64, 214.30, 0.6191
4: 345.13, 217.61, 0.8162
5: 397.61, 250.04, 0.9933
6: 334.21, 260.59, 0.9972
7: 420.47, 290.02, 0.9068
8: 323.76, 323.15, 0.9704
9: 417.95, 309.96, 0.8719
10: 337.49, 369.19, 0.9379
11: 397.89, 358.58, 0.9954
12: 358.20, 363.64, 0.9969
13: 395.86, 445.49, 0.9863
14: 365.15, 449.64, 0.9906
15: 389.14, 524.29, 0.9648
16: 369.84, 531.12, 0.9734

Frame: 1182, Person: 2
0: 250.80, 215.97, 0.1822
1: 246.02, 206.53, 0.0433
2: 246.17, 206.64, 0.2348
3: 207.65, 212.53, 0.2561
4: 239.86, 213.17, 0.9022
5: 188.46, 267.25, 0.9591
6: 248.76, 266.65, 0.9905
7: 181.50, 334.51, 0.5600
8: 266.87, 332.09, 0.9352
9: 190.82, 363.99, 0.3320
10: 266.98, 362.13, 0.7255
11: 198.30, 393.47, 0.9825
12: 239.62, 393.88, 0.9915
13: 207.82, 486.48, 0.9523
14: 241.64, 486.16, 0.9769
15: 199.78, 577.87, 0.9009
16: 227.97, 579.13, 0.9399

Frame: 1183, Person: 0
0: 1423.57, 273.27, 0.9965
1: 1445.86, 242.73, 0.9861
2: 1391.91, 249.39, 0.9901
3: 1484.05, 257.40, 0.8034
4: 1348.54, 273.75, 0.8488
5: 1568.07, 419.99, 0.9900
6: 1284.36, 430.71, 0.9959
7: 1667.10, 599.04, 0.9210
8: 1172.55, 592.28, 0.9708
9: 1570.71, 641.44, 0.9026
10: 1264.35, 562.37, 0.9549
11: 1520.08, 854.95, 0.9353
12: 1331.08, 858.68, 0.9556
13: 1566.95, 1038.43, 0.1404
14: 1348.41, 1037.69, 0.1956
15: 1554.29, 1080.00, 0.0112
16: 1312.76, 1080.00, 0.0146

Frame: 1183, Person: 1
0: 364.08, 220.72, 0.9663
1: 370.67, 213.02, 0.9257
2: 356.63, 213.94, 0.9406
3: 382.84, 215.55, 0.6833
4: 346.79, 218.31, 0.7603
5: 399.93, 250.97, 0.9940
6: 337.04, 260.85, 0.9967
7: 423.45, 289.56, 0.9238
8: 326.32, 321.68, 0.9612
9: 419.57, 306.91, 0.8902
10: 337.60, 365.57, 0.9255
11: 398.43, 359.18, 0.9959
12: 358.86, 363.70, 0.9967
13: 396.70, 445.46, 0.9887
14: 365.15, 449.20, 0.9907
15: 391.50, 524.46, 0.9709
16: 370.01, 530.64, 0.9751

Frame: 1183, Person: 2
0: 250.41, 216.47, 0.1822
1: 246.02, 207.06, 0.0459
2: 246.05, 207.24, 0.2266
3: 209.24, 212.88, 0.2683
4: 240.88, 213.72, 0.8914
5: 190.26, 267.41, 0.9594
6: 249.62, 267.10, 0.9898
7: 182.53, 334.17, 0.5793
8: 267.26, 332.26, 0.9314
9: 191.95, 361.00, 0.3478
10: 267.48, 359.52, 0.7193
11: 199.31, 393.51, 0.9826
12: 240.05, 393.96, 0.9911
13: 208.26, 486.58, 0.9520
14: 241.39, 486.39, 0.9756
15: 201.37, 577.61, 0.8980
16: 228.42, 578.86, 0.9360

Frame: 1184, Person: 0
0: 1426.77, 273.37, 0.9967
1: 1448.52, 242.89, 0.9855
2: 1395.26, 249.56, 0.9913
3: 1485.00, 257.49, 0.7795
4: 1349.33, 273.73, 0.8621
5: 1570.64, 420.47, 0.9893
6: 1282.70, 430.01, 0.9960
7: 1675.85, 600.26, 0.9125
8: 1171.64, 592.05, 0.9711
9: 1541.23, 609.17, 0.9034
10: 1269.77, 558.75, 0.9573
11: 1523.78, 857.63, 0.9358
12: 1331.74, 860.08, 0.9577
13: 1567.17, 1053.66, 0.1462
14: 1349.51, 1045.93, 0.2079
15: 1564.17, 1080.00, 0.0113
16: 1321.19, 1080.00, 0.0150

Frame: 1184, Person: 1
0: 363.92, 221.33, 0.9635
1: 370.28, 213.10, 0.9176
2: 356.64, 214.34, 0.9369
3: 383.39, 214.10, 0.6484
4: 346.87, 217.66, 0.7419
5: 400.12, 249.57, 0.9917
6: 338.34, 261.59, 0.9951
7: 424.25, 288.00, 0.9084
8: 328.36, 326.78, 0.9573
9: 425.99, 308.34, 0.8741
10: 341.81, 379.93, 0.9204
11: 399.58, 358.84, 0.9938
12: 361.05, 364.27, 0.9953
13: 396.08, 448.71, 0.9846
14: 366.92, 453.54, 0.9881
15: 388.13, 527.40, 0.9597
16: 369.83, 535.40, 0.9665

Frame: 1184, Person: 2
0: 252.44, 216.79, 0.1809
1: 247.75, 207.29, 0.0448
2: 247.90, 207.51, 0.2274
3: 209.75, 212.71, 0.2692
4: 241.50, 213.72, 0.8969
5: 189.72, 266.69, 0.9607
6: 250.49, 266.99, 0.9900
7: 181.66, 333.69, 0.5805
8: 269.45, 332.99, 0.9296
9: 191.39, 367.90, 0.3467
10: 270.41, 367.21, 0.7124
11: 199.76, 393.57, 0.9832
12: 241.14, 394.45, 0.9913
13: 209.83, 486.35, 0.9545
14: 242.84, 486.49, 0.9766
15: 203.35, 578.00, 0.9046
16: 229.67, 579.94, 0.9397

Frame: 1185, Person: 0
0: 1430.84, 273.19, 0.9967
1: 1451.56, 242.70, 0.9850
2: 1397.80, 249.56, 0.9916
3: 1485.83, 258.29, 0.7537
4: 1349.20, 275.36, 0.8726
5: 1570.25, 421.65, 0.9898
6: 1283.83, 430.96, 0.9958
7: 1685.18, 596.04, 0.9162
8: 1169.59, 592.97, 0.9693
9: 1577.33, 590.12, 0.9077
10: 1267.28, 558.89, 0.9560
11: 1523.89, 856.06, 0.9342
12: 1334.02, 859.17, 0.9544
13: 1563.46, 1043.62, 0.1476
14: 1349.18, 1037.00, 0.2022
15: 1558.44, 1080.00, 0.0115
16: 1315.94, 1080.00, 0.0146

Frame: 1185, Person: 1
0: 365.73, 221.89, 0.9629
1: 372.29, 213.63, 0.9146
2: 358.29, 214.70, 0.9371
3: 385.48, 214.78, 0.6372
4: 348.28, 217.83, 0.7482
5: 401.24, 251.00, 0.9915
6: 339.21, 262.08, 0.9952
7: 422.76, 291.96, 0.9036
8: 329.12, 329.04, 0.9576
9: 423.66, 311.06, 0.8685
10: 344.19, 380.49, 0.9203
11: 400.84, 359.93, 0.9937
12: 362.03, 365.05, 0.9953
13: 397.05, 449.76, 0.9845
14: 367.84, 454.34, 0.9883
15: 389.06, 528.44, 0.9599
16: 370.89, 535.97, 0.9672

Frame: 1185, Person: 2
0: 254.60, 215.92, 0.1941
1: 249.76, 206.23, 0.0402
2: 250.44, 206.53, 0.2256
3: 211.14, 211.29, 0.1860
4: 242.71, 212.35, 0.8606
5: 188.11, 263.15, 0.9440
6: 250.88, 264.45, 0.9866
7: 176.25, 331.21, 0.5390
8: 269.77, 331.88, 0.9326
9: 190.48, 366.62, 0.3574
10: 275.79, 365.17, 0.7595
11: 199.34, 391.66, 0.9792
12: 240.69, 392.99, 0.9901
13: 209.61, 487.92, 0.9453
14: 242.58, 488.41, 0.9745
15: 205.05, 576.38, 0.8879
16: 227.75, 579.70, 0.9332

Frame: 1186, Person: 0
0: 1434.92, 275.52, 0.9968
1: 1454.03, 243.86, 0.9837
2: 1400.97, 252.58, 0.9921
3: 1486.55, 256.55, 0.7208
4: 1350.97, 277.76, 0.8866
5: 1572.64, 419.38, 0.9898
6: 1285.34, 430.18, 0.9960
7: 1685.94, 596.01, 0.9123
8: 1170.61, 593.45, 0.9713
9: 1576.07, 571.37, 0.9061
10: 1266.12, 554.77, 0.9583
11: 1525.15, 853.13, 0.9322
12: 1335.97, 856.63, 0.9549
13: 1554.20, 1035.40, 0.1456
14: 1345.69, 1029.68, 0.2054
15: 1541.26, 1080.00, 0.0112
16: 1312.30, 1080.00, 0.0145

Frame: 1186, Person: 1
0: 258.14, 213.71, 0.2664
1: 252.95, 203.97, 0.0493
2: 253.12, 204.23, 0.3317
3: 212.44, 209.11, 0.1627
4: 240.99, 209.95, 0.9000
5: 187.90, 261.37, 0.9415
6: 248.84, 262.79, 0.9896
7: 178.16, 329.90, 0.4650
8: 270.36, 330.42, 0.9451
9: 193.96, 362.83, 0.3146
10: 279.04, 361.09, 0.7907
11: 201.25, 390.85, 0.9763
12: 241.24, 392.55, 0.9904
13: 211.50, 488.51, 0.9394
14: 244.39, 489.09, 0.9763
15: 205.45, 577.62, 0.8840
16: 227.44, 581.50, 0.9390

Frame: 1186, Person: 2
0: 369.23, 222.20, 0.9446
1: 374.89, 214.14, 0.8647
2: 362.39, 214.88, 0.9206
3: 386.22, 215.40, 0.5126
4: 351.55, 217.32, 0.7429
5: 400.23, 253.52, 0.9838
6: 340.52, 261.34, 0.9925
7: 414.57, 298.11, 0.8548
8: 328.01, 327.42, 0.9542
9: 415.39, 324.30, 0.8172
10: 347.05, 380.98, 0.9143
11: 399.72, 363.27, 0.9896
12: 361.91, 367.16, 0.9931
13: 399.90, 451.02, 0.9772
14: 364.93, 454.60, 0.9848
15: 392.59, 530.79, 0.9455
16: 363.41, 536.88, 0.9592

Frame: 1187, Person: 0
0: 1438.64, 276.77, 0.9969
1: 1456.83, 245.25, 0.9823
2: 1404.76, 253.43, 0.9928
3: 1486.71, 258.03, 0.6730
4: 1352.35, 277.78, 0.8989
5: 1572.78, 420.51, 0.9903
6: 1286.02, 429.17, 0.9961
7: 1688.90, 600.17, 0.9155
8: 1170.88, 596.21, 0.9720
9: 1572.12, 562.02, 0.9104
10: 1268.10, 552.39, 0.9604
11: 1528.29, 854.59, 0.9309
12: 1339.09, 857.21, 0.9534
13: 1556.26, 1033.17, 0.1416
14: 1347.26, 1024.88, 0.1975
15: 1542.68, 1080.00, 0.0105
16: 1309.21, 1080.00, 0.0133

Frame: 1187, Person: 1
0: 259.68, 214.76, 0.2546
1: 254.43, 205.01, 0.0509
2: 254.61, 205.22, 0.3025
3: 214.31, 210.02, 0.1797
4: 242.32, 210.86, 0.8839
5: 190.19, 261.94, 0.9453
6: 250.13, 263.66, 0.9884
7: 179.24, 331.18, 0.5033
8: 270.31, 332.81, 0.9351
9: 193.04, 375.18, 0.3412
10: 277.13, 374.70, 0.7699
11: 203.75, 391.75, 0.9787
12: 243.15, 393.62, 0.9904
13: 212.91, 488.38, 0.9486
14: 246.12, 489.17, 0.9775
15: 206.58, 577.50, 0.9020
16: 229.86, 581.67, 0.9446

Frame: 1187, Person: 2
0: 378.13, 221.96, 0.9385
1: 383.04, 214.36, 0.8089
2: 370.44, 214.74, 0.9378
3: 390.11, 216.62, 0.3524
4: 357.17, 217.66, 0.8359
5: 398.30, 255.40, 0.9715
6: 345.18, 260.67, 0.9939
7: 408.53, 301.82, 0.7267
8: 333.65, 324.98, 0.9679
9: 409.93, 331.31, 0.7081
10: 346.06, 379.43, 0.9310
11: 399.73, 363.31, 0.9860
12: 366.38, 366.40, 0.9934
13: 398.66, 451.17, 0.9726
14: 369.85, 454.04, 0.9875
15: 391.53, 531.22, 0.9438
16: 363.21, 535.74, 0.9683

Frame: 1188, Person: 0
0: 1441.98, 278.66, 0.9972
1: 1459.99, 247.63, 0.9811
2: 1407.95, 255.10, 0.9938
3: 1487.62, 260.82, 0.6174
4: 1352.46, 278.87, 0.9154
5: 1571.27, 420.78, 0.9907
6: 1284.11, 429.58, 0.9964
7: 1689.56, 599.98, 0.9162
8: 1172.84, 599.76, 0.9744
9: 1572.43, 559.76, 0.9121
10: 1265.68, 558.19, 0.9635
11: 1526.10, 851.51, 0.9349
12: 1337.17, 854.06, 0.9571
13: 1551.07, 1029.15, 0.1540
14: 1345.34, 1020.24, 0.2171
15: 1532.85, 1080.00, 0.0114
16: 1307.24, 1080.00, 0.0145

Frame: 1188, Person: 1
0: 261.69, 216.07, 0.2545
1: 256.37, 206.27, 0.0518
2: 256.58, 206.52, 0.3004
3: 215.39, 211.09, 0.1968
4: 244.16, 212.08, 0.8892
5: 190.63, 263.09, 0.9513
6: 252.02, 265.08, 0.9893
7: 178.06, 332.50, 0.5236
8: 272.18, 334.53, 0.9352
9: 191.34, 379.51, 0.3507
10: 278.70, 379.46, 0.7658
11: 204.42, 392.68, 0.9807
12: 244.55, 394.67, 0.9911
13: 214.00, 488.80, 0.9531
14: 246.26, 489.62, 0.9789
15: 208.74, 577.90, 0.9097
16: 230.01, 582.27, 0.9479

Frame: 1188, Person: 2
0: 377.25, 223.53, 0.9446
1: 382.35, 215.58, 0.8471
2: 369.96, 216.37, 0.9311
3: 391.29, 216.13, 0.4400
4: 356.64, 218.37, 0.7863
5: 404.49, 250.66, 0.9830
6: 342.35, 261.87, 0.9933
7: 425.66, 286.88, 0.8549
8: 329.19, 328.66, 0.9650
9: 428.57, 300.18, 0.8234
10: 346.29, 381.02, 0.9303
11: 403.77, 361.44, 0.9900
12: 364.70, 367.07, 0.9938
13: 401.55, 450.03, 0.9758
14: 368.44, 455.20, 0.9852
15: 391.69, 529.69, 0.9380
16: 366.01, 538.69, 0.9564

Frame: 1189, Person: 0
0: 1443.66, 283.03, 0.9971
1: 1461.30, 251.67, 0.9809
2: 1409.57, 259.48, 0.9938
3: 1488.64, 263.15, 0.6115
4: 1353.66, 281.97, 0.9188
5: 1570.72, 421.87, 0.9909
6: 1284.47, 432.10, 0.9965
7: 1683.69, 593.97, 0.9190
8: 1173.67, 596.17, 0.9749
9: 1573.84, 565.78, 0.9138
10: 1261.23, 569.37, 0.9637
11: 1526.71, 846.16, 0.9430
12: 1338.39, 850.18, 0.9622
13: 1555.97, 1026.34, 0.1824
14: 1350.12, 1020.62, 0.2517
15: 1536.58, 1080.00, 0.0143
16: 1315.77, 1080.00, 0.0179

Frame: 1189, Person: 1
0: 264.29, 215.61, 0.3520
1: 258.55, 205.62, 0.0676
2: 258.55, 205.92, 0.4207
3: 216.25, 210.21, 0.1914
4: 242.36, 211.25, 0.9203
5: 189.68, 262.67, 0.9558
6: 249.46, 265.23, 0.9921
7: 177.41, 333.35, 0.4915
8: 270.05, 336.26, 0.9471
9: 192.92, 383.81, 0.3342
10: 279.17, 384.22, 0.7953
11: 205.24, 393.82, 0.9786
12: 244.19, 396.43, 0.9911
13: 214.75, 489.79, 0.9449
14: 247.15, 490.97, 0.9778
15: 208.05, 578.72, 0.8949
16: 229.39, 584.23, 0.9439

Frame: 1189, Person: 2
0: 382.57, 224.19, 0.9378
1: 387.02, 216.58, 0.8216
2: 375.20, 217.34, 0.9304
3: 394.08, 218.73, 0.3663
4: 359.73, 220.59, 0.7889
5: 404.85, 254.99, 0.9767
6: 344.80, 264.07, 0.9912
7: 423.47, 293.00, 0.8247
8: 331.09, 327.55, 0.9605
9: 426.11, 305.89, 0.7999
10: 350.50, 371.81, 0.9265
11: 404.37, 362.40, 0.9879
12: 365.97, 367.41, 0.9926
13: 402.25, 450.37, 0.9758
14: 370.44, 455.11, 0.9856
15: 392.97, 528.68, 0.9469
16: 367.59, 537.09, 0.9633

Frame: 1190, Person: 0
0: 1446.47, 286.06, 0.9971
1: 1462.84, 254.43, 0.9797
2: 1411.95, 262.86, 0.9939
3: 1488.09, 264.78, 0.5767
4: 1354.20, 284.92, 0.9229
5: 1570.72, 423.12, 0.9910
6: 1285.63, 432.64, 0.9962
7: 1683.38, 595.81, 0.9201
8: 1180.00, 594.88, 0.9728
9: 1573.98, 573.64, 0.9116
10: 1267.20, 577.64, 0.9605
11: 1529.66, 854.38, 0.9426
12: 1341.93, 858.09, 0.9604
13: 1553.04, 1039.22, 0.1710
14: 1348.15, 1033.49, 0.2288
15: 1534.56, 1080.00, 0.0128
16: 1317.02, 1080.00, 0.0155

Frame: 1190, Person: 1
0: 265.84, 215.36, 0.3492
1: 259.72, 205.25, 0.0619
2: 260.19, 205.61, 0.4280
3: 216.71, 209.94, 0.1705
4: 244.05, 211.02, 0.9255
5: 190.67, 262.69, 0.9536
6: 250.34, 265.13, 0.9926
7: 180.09, 334.38, 0.4733
8: 269.67, 336.87, 0.9532
9: 197.24, 384.00, 0.3232
10: 279.25, 384.01, 0.8109
11: 205.63, 394.62, 0.9781
12: 244.78, 397.20, 0.9914
13: 215.98, 490.56, 0.9420
14: 248.90, 491.67, 0.9782
15: 207.46, 579.57, 0.8892
16: 230.38, 585.15, 0.9435

Frame: 1190, Person: 2
0: 379.09, 225.13, 0.9419
1: 384.43, 217.57, 0.8557
2: 372.07, 218.38, 0.9251
3: 394.41, 219.38, 0.4559
4: 359.51, 221.50, 0.7486
5: 408.53, 255.05, 0.9813
6: 346.40, 265.06, 0.9908
7: 429.74, 290.15, 0.8654
8: 333.94, 328.87, 0.9550
9: 432.04, 294.66, 0.8355
10: 353.90, 369.57, 0.9195
11: 406.34, 364.35, 0.9895
12: 366.98, 369.31, 0.9926
13: 403.11, 451.62, 0.9779
14: 371.98, 456.38, 0.9847
15: 392.93, 530.15, 0.9479
16: 370.37, 538.35, 0.9600

Frame: 1191, Person: 0
0: 1447.61, 290.49, 0.9971
1: 1464.02, 258.36, 0.9790
2: 1413.15, 266.23, 0.9939
3: 1488.86, 267.07, 0.5523
4: 1353.71, 285.45, 0.9242
5: 1570.69, 425.69, 0.9912
6: 1285.18, 432.47, 0.9958
7: 1681.45, 596.60, 0.9227
8: 1185.28, 593.82, 0.9706
9: 1573.12, 578.78, 0.9124
10: 1277.55, 594.31, 0.9574
11: 1531.69, 856.66, 0.9448
12: 1342.32, 859.60, 0.9600
13: 1555.74, 1044.10, 0.1781
14: 1344.43, 1037.06, 0.2281
15: 1538.11, 1080.00, 0.0135
16: 1313.29, 1080.00, 0.0157

Frame: 1191, Person: 1
0: 267.37, 214.74, 0.3995
1: 261.42, 204.54, 0.0723
2: 261.61, 205.02, 0.4852
3: 219.34, 208.83, 0.1725
4: 244.69, 210.17, 0.9333
5: 193.03, 261.15, 0.9565
6: 249.66, 264.05, 0.9936
7: 182.26, 333.26, 0.4680
8: 268.51, 336.53, 0.9570
9: 200.51, 387.46, 0.3256
10: 280.47, 387.95, 0.8239
11: 207.17, 392.39, 0.9790
12: 244.27, 395.29, 0.9921
13: 217.79, 488.58, 0.9466
14: 248.79, 489.94, 0.9807
15: 209.15, 577.62, 0.8999
16: 230.47, 583.75, 0.9506

Frame: 1191, Person: 2
0: 382.09, 226.14, 0.9572
1: 387.83, 218.35, 0.8777
2: 374.62, 218.83, 0.9467
3: 397.04, 219.36, 0.4718
4: 360.88, 221.01, 0.8112
5: 409.16, 251.11, 0.9866
6: 346.65, 264.64, 0.9944
7: 436.30, 276.59, 0.8850
8: 336.26, 329.96, 0.9709
9: 440.86, 272.58, 0.8588
10: 352.94, 378.52, 0.9413
11: 408.48, 360.48, 0.9911
12: 369.11, 367.23, 0.9943
13: 405.15, 448.71, 0.9754
14: 375.87, 455.06, 0.9845
15: 393.84, 527.46, 0.9295
16: 374.07, 538.27, 0.9493

Frame: 1192, Person: 0
0: 1448.16, 294.38, 0.9973
1: 1464.92, 261.72, 0.9803
2: 1413.99, 269.03, 0.9938
3: 1490.78, 269.10, 0.5574
4: 1355.28, 285.03, 0.9258
5: 1568.53, 428.45, 0.9931
6: 1284.12, 431.90, 0.9958
7: 1681.23, 596.14, 0.9400
8: 1185.63, 599.10, 0.9691
9: 1573.34, 584.39, 0.9321
10: 1312.55, 603.07, 0.9597
11: 1526.96, 857.34, 0.9589
12: 1338.99, 860.70, 0.9677
13: 1546.90, 1047.86, 0.2554
14: 1339.28, 1042.65, 0.2949
15: 1539.76, 1080.00, 0.0208
16: 1321.96, 1080.00, 0.0220

Frame: 1192, Person: 1
0: 268.45, 215.56, 0.2898
1: 262.46, 205.41, 0.0495
2: 263.27, 205.98, 0.3647
3: 220.42, 209.37, 0.1589
4: 248.76, 210.95, 0.9156
5: 195.30, 261.14, 0.9494
6: 253.26, 263.97, 0.9917
7: 184.28, 332.35, 0.4789
8: 271.78, 335.36, 0.9519
9: 202.49, 382.02, 0.3255
10: 283.44, 382.28, 0.8056
11: 208.07, 392.06, 0.9794
12: 246.11, 394.70, 0.9918
13: 218.72, 488.68, 0.9472
14: 249.09, 489.86, 0.9797
15: 211.67, 576.84, 0.8983
16: 232.18, 582.49, 0.9475

Frame: 1192, Person: 2
0: 381.97, 227.44, 0.9646
1: 388.95, 220.50, 0.9074
2: 375.31, 219.79, 0.9458
3: 399.48, 222.37, 0.6071
4: 364.67, 221.07, 0.8076
5: 410.61, 252.80, 0.9939
6: 349.98, 260.87, 0.9971
7: 438.56, 283.38, 0.9303
8: 337.22, 324.27, 0.9724
9: 441.30, 291.59, 0.9009
10: 345.12, 377.59, 0.9425
11: 405.46, 360.51, 0.9959
12: 367.62, 364.68, 0.9969
13: 402.94, 446.09, 0.9851
14: 377.48, 450.12, 0.9887
15: 395.67, 522.30, 0.9548
16: 379.22, 529.03, 0.9634

Frame: 1193, Person: 0
0: 1448.99, 293.74, 0.9972
1: 1465.83, 261.09, 0.9792
2: 1414.29, 268.59, 0.9942
3: 1490.66, 268.76, 0.5325
4: 1353.21, 285.94, 0.9261
5: 1567.44, 426.19, 0.9914
6: 1286.13, 432.44, 0.9958
7: 1679.11, 599.26, 0.9272
8: 1186.24, 595.40, 0.9715
9: 1564.59, 593.77, 0.9193
10: 1300.33, 585.23, 0.9612
11: 1530.74, 861.62, 0.9501
12: 1343.59, 864.70, 0.9632
13: 1555.26, 1056.36, 0.1938
14: 1350.43, 1049.50, 0.2437
15: 1541.97, 1080.00, 0.0146
16: 1315.15, 1080.00, 0.0166

Frame: 1193, Person: 1
0: 270.65, 215.30, 0.3292
1: 264.47, 205.08, 0.0538
2: 265.17, 205.71, 0.4233
3: 221.18, 209.03, 0.1534
4: 248.95, 210.74, 0.9308
5: 195.19, 261.06, 0.9498
6: 253.30, 264.20, 0.9929
7: 185.06, 332.21, 0.4457
8: 273.30, 335.26, 0.9567
9: 204.35, 380.22, 0.3039
10: 286.42, 380.27, 0.8168
11: 208.87, 391.78, 0.9781
12: 246.77, 394.68, 0.9919
13: 220.52, 488.93, 0.9439
14: 250.11, 490.18, 0.9802
15: 213.89, 577.91, 0.8945
16: 232.69, 583.95, 0.9486

Frame: 1193, Person: 2
0: 385.30, 227.90, 0.9435
1: 390.38, 220.43, 0.8495
2: 378.14, 221.22, 0.9350
3: 399.33, 221.43, 0.4178
4: 365.10, 223.53, 0.7851
5: 412.74, 254.35, 0.9781
6: 352.49, 264.33, 0.9913
7: 437.97, 288.50, 0.8340
8: 342.71, 326.45, 0.9596
9: 442.31, 298.97, 0.8077
10: 360.97, 371.55, 0.9248
11: 411.24, 359.66, 0.9876
12: 373.32, 364.67, 0.9922
13: 408.52, 446.47, 0.9738
14: 379.56, 451.19, 0.9840
15: 398.44, 523.65, 0.9415
16: 377.69, 531.70, 0.9589

Frame: 1194, Person: 0
0: 1448.98, 292.37, 0.9973
1: 1465.84, 259.25, 0.9800
2: 1413.99, 266.54, 0.9944
3: 1490.58, 267.30, 0.5418
4: 1353.03, 284.40, 0.9263
5: 1567.68, 428.86, 0.9912
6: 1286.66, 431.85, 0.9960
7: 1678.17, 606.44, 0.9262
8: 1176.99, 590.79, 0.9736
9: 1557.65, 605.27, 0.9204
10: 1277.89, 570.52, 0.9651
11: 1527.22, 865.12, 0.9422
12: 1340.47, 866.17, 0.9590
13: 1553.30, 1038.67, 0.1770
14: 1346.02, 1029.76, 0.2310
15: 1540.37, 1080.00, 0.0135
16: 1308.37, 1080.00, 0.0159

Frame: 1194, Person: 1
0: 270.58, 216.38, 0.2224
1: 264.43, 205.99, 0.0356
2: 265.89, 206.82, 0.2928
3: 222.48, 209.15, 0.1456
4: 252.86, 211.38, 0.9099
5: 196.94, 260.65, 0.9465
6: 256.27, 264.31, 0.9911
7: 185.19, 333.23, 0.4893
8: 275.02, 337.67, 0.9531
9: 207.39, 386.94, 0.3237
10: 290.19, 387.88, 0.8017
11: 209.17, 392.26, 0.9807
12: 248.04, 395.34, 0.9923
13: 220.69, 490.39, 0.9482
14: 250.10, 492.01, 0.9799
15: 214.65, 579.45, 0.8954
16: 233.92, 585.81, 0.9455

Frame: 1194, Person: 2
0: 382.81, 228.86, 0.9584
1: 389.71, 222.09, 0.8936
2: 376.82, 221.33, 0.9342
3: 401.33, 223.99, 0.5933
4: 367.77, 222.48, 0.7818
5: 413.53, 254.18, 0.9932
6: 352.83, 261.48, 0.9969
7: 439.29, 284.88, 0.9265
8: 338.25, 323.71, 0.9725
9: 442.22, 290.55, 0.8970
10: 347.50, 374.14, 0.9427
11: 408.43, 360.52, 0.9958
12: 370.42, 364.26, 0.9969
13: 406.60, 445.72, 0.9855
14: 379.61, 449.29, 0.9892
15: 399.29, 521.43, 0.9564
16: 380.54, 527.54, 0.9653

Frame: 1195, Person: 0
0: 1450.34, 289.18, 0.9968
1: 1465.95, 256.54, 0.9772
2: 1415.63, 264.52, 0.9929
3: 1488.65, 265.86, 0.5195
4: 1354.94, 284.42, 0.9134
5: 1565.48, 426.56, 0.9912
6: 1289.29, 429.30, 0.9943
7: 1675.54, 616.18, 0.9284
8: 1175.35, 590.96, 0.9613
9: 1545.39, 607.14, 0.9175
10: 1282.25, 516.04, 0.9549
11: 1524.42, 861.49, 0.9282
12: 1341.34, 862.35, 0.9397
13: 1553.04, 1026.85, 0.1474
14: 1354.66, 1020.12, 0.1710
15: 1537.97, 1080.00, 0.0108
16: 1308.09, 1080.00, 0.0113

Frame: 1195, Person: 1
0: 271.85, 218.50, 0.1996
1: 265.69, 208.00, 0.0332
2: 267.37, 209.06, 0.2536
3: 223.98, 210.95, 0.1636
4: 255.34, 213.91, 0.9033
5: 197.45, 262.61, 0.9567
6: 258.25, 267.42, 0.9915
7: 182.88, 335.44, 0.5696
8: 276.80, 342.10, 0.9540
9: 205.56, 393.12, 0.3777
10: 293.31, 395.70, 0.8030
11: 207.97, 394.60, 0.9851
12: 247.59, 398.22, 0.9934
13: 220.17, 491.78, 0.9567
14: 249.95, 494.07, 0.9813
15: 213.91, 580.19, 0.9049
16: 233.44, 587.50, 0.9466

Frame: 1195, Person: 2
0: 384.83, 229.86, 0.9570
1: 391.35, 223.20, 0.8828
2: 378.71, 222.34, 0.9366
3: 401.59, 224.81, 0.5549
4: 368.69, 223.04, 0.8002
5: 413.08, 254.03, 0.9930
6: 352.35, 261.54, 0.9971
7: 439.86, 284.07, 0.9247
8: 337.17, 324.68, 0.9760
9: 444.36, 288.09, 0.8960
10: 346.75, 375.46, 0.9484
11: 408.57, 360.19, 0.9960
12: 370.71, 364.22, 0.9972
13: 406.83, 445.47, 0.9857
14: 380.26, 449.32, 0.9899
15: 398.51, 521.09, 0.9565
16: 380.20, 527.67, 0.9668

Frame: 1196, Person: 0
0: 1450.65, 285.45, 0.9968
1: 1465.95, 253.21, 0.9779
2: 1415.50, 261.44, 0.9932
3: 1489.40, 264.05, 0.5317
4: 1355.86, 283.68, 0.9131
5: 1561.67, 426.26, 0.9893
6: 1295.44, 426.32, 0.9943
7: 1667.67, 613.50, 0.9168
8: 1174.86, 579.66, 0.9647
9: 1523.88, 603.45, 0.9116
10: 1298.35, 496.87, 0.9597
11: 1518.96, 859.91, 0.9124
12: 1340.35, 859.35, 0.9331
13: 1551.54, 1029.55, 0.1164
14: 1352.53, 1020.12, 0.1482
15: 1544.09, 1080.00, 0.0083
16: 1293.05, 1080.00, 0.0094

Frame: 1197, Person: 0
0: 1452.19, 280.72, 0.9969
1: 1466.90, 250.82, 0.9759
2: 1417.94, 257.61, 0.9936
3: 1487.43, 265.21, 0.4804
4: 1356.07, 282.09, 0.9212
5: 1556.67, 423.21, 0.9893
6: 1291.64, 426.39, 0.9942
7: 1660.18, 605.17, 0.9190
8: 1176.30, 575.59, 0.9644
9: 1507.46, 604.48, 0.9121
10: 1295.41, 470.77, 0.9602
11: 1514.16, 852.40, 0.9186
12: 1334.96, 853.07, 0.9367
13: 1551.86, 1030.64, 0.1234
14: 1349.11, 1024.31, 0.1534
15: 1543.10, 1080.00, 0.0085
16: 1285.94, 1080.00, 0.0093

Frame: 1198, Person: 0
0: 1452.02, 278.22, 0.9970
1: 1467.44, 248.95, 0.9761
2: 1418.02, 254.75, 0.9941
3: 1488.40, 264.86, 0.4802
4: 1356.68, 279.51, 0.9261
5: 1553.47, 423.84, 0.9882
6: 1294.36, 422.54, 0.9949
7: 1653.71, 608.85, 0.9090
8: 1178.09, 569.26, 0.9704
9: 1493.01, 598.48, 0.9082
10: 1302.00, 454.88, 0.9664
11: 1510.09, 846.72, 0.9089
12: 1334.31, 845.44, 0.9368
13: 1551.09, 1015.86, 0.1168
14: 1352.14, 1005.63, 0.1615
15: 1546.15, 1080.00, 0.0084
16: 1287.58, 1072.20, 0.0100

Frame: 1199, Person: 0
0: 1452.97, 278.08, 0.9971
1: 1468.23, 248.01, 0.9763
2: 1419.01, 253.53, 0.9942
3: 1489.02, 262.95, 0.4761
4: 1357.65, 276.67, 0.9250
5: 1552.49, 425.47, 0.9878
6: 1298.26, 419.12, 0.9948
7: 1649.41, 611.77, 0.9073
8: 1178.45, 561.57, 0.9704
9: 1484.56, 589.10, 0.9114
10: 1306.16, 443.85, 0.9680
11: 1510.74, 847.00, 0.9064
12: 1337.76, 843.78, 0.9354
13: 1548.23, 1018.66, 0.1181
14: 1353.25, 1005.28, 0.1634
15: 1546.78, 1080.00, 0.0084
16: 1286.72, 1078.90, 0.0100

Frame: 1200, Person: 0
0: 1454.65, 278.56, 0.9970
1: 1469.63, 248.11, 0.9757
2: 1420.99, 253.14, 0.9942
3: 1490.02, 262.08, 0.4625
4: 1359.01, 274.38, 0.9255
5: 1552.33, 428.27, 0.9875
6: 1301.23, 417.26, 0.9946
7: 1647.23, 616.68, 0.9047
8: 1180.03, 559.31, 0.9698
9: 1475.40, 582.42, 0.9122
10: 1313.40, 444.84, 0.9683
11: 1512.53, 847.69, 0.9040
12: 1340.53, 842.37, 0.9338
13: 1546.51, 1021.44, 0.1184
14: 1350.21, 1003.92, 0.1632
15: 1550.99, 1080.00, 0.0084
16: 1282.49, 1074.11, 0.0100

Frame: 1201, Person: 0
0: 1456.90, 280.52, 0.9969
1: 1471.64, 250.17, 0.9733
2: 1424.06, 254.77, 0.9939
3: 1491.23, 262.60, 0.4430
4: 1361.16, 273.45, 0.9278
5: 1553.49, 430.80, 0.9884
6: 1299.59, 416.69, 0.9947
7: 1640.59, 619.39, 0.9082
8: 1190.46, 560.22, 0.9686
9: 1472.82, 576.97, 0.9139
10: 1325.43, 461.29, 0.9663
11: 1512.63, 842.88, 0.9197
12: 1338.36, 836.51, 0.9430
13: 1542.58, 1024.39, 0.1483
14: 1343.88, 1005.82, 0.1951
15: 1546.84, 1080.00, 0.0109
16: 1288.29, 1072.32, 0.0125

Frame: 1202, Person: 0
0: 1458.84, 281.66, 0.9967
1: 1473.35, 250.89, 0.9740
2: 1425.08, 256.85, 0.9936
3: 1493.83, 262.27, 0.4760
4: 1363.62, 276.43, 0.9254
5: 1555.53, 428.56, 0.9883
6: 1306.34, 413.14, 0.9949
7: 1633.46, 615.85, 0.9083
8: 1195.48, 557.34, 0.9703
9: 1471.10, 559.48, 0.9175
10: 1331.74, 488.62, 0.9677
11: 1520.18, 833.06, 0.9307
12: 1350.84, 826.91, 0.9523
13: 1543.03, 1029.89, 0.1771
14: 1358.50, 1009.95, 0.2347
15: 1549.27, 1080.00, 0.0132
16: 1312.43, 1080.00, 0.0156

Frame: 1203, Person: 0
0: 1461.39, 283.19, 0.9967
1: 1475.26, 252.31, 0.9715
2: 1428.23, 259.08, 0.9938
3: 1494.32, 262.30, 0.4403
4: 1366.21, 277.92, 0.9324
5: 1557.53, 424.66, 0.9890
6: 1303.87, 416.44, 0.9951
7: 1633.43, 616.08, 0.9103
8: 1205.06, 572.73, 0.9703
9: 1475.21, 563.81, 0.9155
10: 1341.42, 501.17, 0.9665
11: 1524.51, 827.35, 0.9350
12: 1352.29, 824.70, 0.9547
13: 1549.59, 1025.90, 0.1885
14: 1361.38, 1012.11, 0.2459
15: 1551.46, 1080.00, 0.0141
16: 1321.98, 1080.00, 0.0163

Frame: 1204, Person: 0
0: 1461.50, 284.49, 0.9967
1: 1475.59, 253.73, 0.9711
2: 1428.53, 260.36, 0.9938
3: 1494.20, 264.06, 0.4314
4: 1366.20, 279.37, 0.9330
5: 1557.14, 424.90, 0.9893
6: 1303.11, 419.65, 0.9951
7: 1637.14, 618.14, 0.9130
8: 1206.40, 580.25, 0.9694
9: 1477.74, 567.53, 0.9171
10: 1336.04, 497.98, 0.9658
11: 1522.89, 826.70, 0.9343
12: 1351.05, 825.02, 0.9530
13: 1549.62, 1020.31, 0.1914
14: 1363.70, 1008.06, 0.2451
15: 1550.12, 1080.00, 0.0143
16: 1325.13, 1080.00, 0.0163

Frame: 1205, Person: 0
0: 1461.49, 284.75, 0.9967
1: 1475.78, 253.63, 0.9712
2: 1428.46, 260.39, 0.9938
3: 1494.46, 263.45, 0.4259
4: 1366.04, 278.97, 0.9335
5: 1557.78, 424.09, 0.9892
6: 1300.99, 422.61, 0.9950
7: 1639.99, 616.47, 0.9123
8: 1205.61, 585.72, 0.9680
9: 1491.27, 572.11, 0.9144
10: 1331.22, 495.44, 0.9644
11: 1524.08, 829.35, 0.9300
12: 1350.89, 829.77, 0.9492
13: 1555.01, 1018.52, 0.1775
14: 1367.99, 1010.47, 0.2267
15: 1551.72, 1080.00, 0.0132
16: 1330.20, 1080.00, 0.0149

Frame: 1206, Person: 0
0: 1460.75, 286.23, 0.9966
1: 1475.33, 254.73, 0.9712
2: 1428.10, 261.59, 0.9937
3: 1494.76, 263.18, 0.4313
4: 1366.70, 278.54, 0.9314
5: 1557.99, 422.74, 0.9890
6: 1302.40, 421.06, 0.9949
7: 1640.72, 615.07, 0.9105
8: 1206.73, 585.59, 0.9677
9: 1492.29, 565.49, 0.9134
10: 1333.58, 498.85, 0.9638
11: 1524.85, 829.78, 0.9278
12: 1352.56, 830.05, 0.9478
13: 1553.64, 1018.98, 0.1717
14: 1368.94, 1009.98, 0.2205
15: 1550.46, 1080.00, 0.0127
16: 1331.44, 1080.00, 0.0144

Frame: 1207, Person: 0
0: 1460.51, 286.70, 0.9967
1: 1475.15, 255.12, 0.9717
2: 1427.64, 261.99, 0.9938
3: 1494.97, 263.35, 0.4344
4: 1366.29, 278.66, 0.9320
5: 1559.35, 422.94, 0.9894
6: 1301.98, 419.49, 0.9950
7: 1641.63, 612.45, 0.9142
8: 1206.20, 581.71, 0.9690
9: 1500.13, 562.67, 0.9164
10: 1329.65, 510.74, 0.9646
11: 1526.11, 829.62, 0.9337
12: 1352.76, 829.49, 0.9520
13: 1557.76, 1019.39, 0.1844
14: 1370.68, 1009.59, 0.2360
15: 1552.46, 1080.00, 0.0138
16: 1333.80, 1080.00, 0.0157

Frame: 1208, Person: 0
0: 1461.46, 284.85, 0.9969
1: 1476.10, 253.13, 0.9725
2: 1428.18, 260.01, 0.9942
3: 1496.00, 261.59, 0.4335
4: 1366.23, 276.88, 0.9354
5: 1561.80, 423.36, 0.9894
6: 1302.11, 417.27, 0.9954
7: 1646.73, 613.95, 0.9115
8: 1205.26, 579.97, 0.9711
9: 1506.80, 559.47, 0.9154
10: 1331.28, 520.94, 0.9661
11: 1528.25, 833.47, 0.9346
12: 1353.75, 831.92, 0.9546
13: 1552.76, 1029.91, 0.1801
14: 1366.14, 1017.11, 0.2374
15: 1549.04, 1080.00, 0.0131
16: 1331.54, 1080.00, 0.0153

Frame: 1209, Person: 0
0: 1461.49, 282.19, 0.9970
1: 1476.08, 251.00, 0.9727
2: 1427.96, 257.33, 0.9944
3: 1495.22, 261.05, 0.4253
4: 1364.96, 275.53, 0.9377
5: 1560.94, 423.20, 0.9899
6: 1301.11, 419.60, 0.9955
7: 1652.20, 610.57, 0.9156
8: 1205.70, 583.52, 0.9715
9: 1516.82, 563.39, 0.9180
10: 1324.51, 525.67, 0.9664
11: 1527.12, 835.64, 0.9383
12: 1352.87, 834.93, 0.9565
13: 1552.94, 1031.26, 0.1881
14: 1367.25, 1019.58, 0.2444
15: 1548.51, 1080.00, 0.0137
16: 1331.71, 1080.00, 0.0158

Frame: 1210, Person: 0
0: 1462.08, 280.21, 0.9970
1: 1476.89, 249.95, 0.9723
2: 1428.91, 255.34, 0.9945
3: 1494.95, 261.80, 0.4112
4: 1365.16, 274.30, 0.9393
5: 1561.79, 421.88, 0.9906
6: 1297.47, 421.35, 0.9954
7: 1657.74, 607.64, 0.9209
8: 1205.15, 590.53, 0.9698
9: 1533.61, 568.28, 0.9185
10: 1315.14, 532.03, 0.9637
11: 1526.37, 839.22, 0.9397
12: 1349.53, 839.81, 0.9553
13: 1553.77, 1029.44, 0.1873
14: 1364.11, 1020.43, 0.2346
15: 1542.92, 1080.00, 0.0136
16: 1327.50, 1080.00, 0.0150

Frame: 1211, Person: 0
0: 1461.22, 278.18, 0.9972
1: 1475.78, 247.99, 0.9727
2: 1428.20, 252.72, 0.9948
3: 1493.16, 260.53, 0.4006
4: 1364.03, 271.57, 0.9424
5: 1562.24, 422.76, 0.9910
6: 1296.47, 421.52, 0.9956
7: 1666.90, 606.14, 0.9233
8: 1203.43, 590.97, 0.9715
9: 1543.12, 566.07, 0.9217
10: 1310.35, 537.34, 0.9656
11: 1526.12, 847.28, 0.9405
12: 1348.27, 847.07, 0.9563
13: 1552.62, 1035.35, 0.1822
14: 1360.98, 1024.21, 0.2303
15: 1541.87, 1080.00, 0.0128
16: 1321.58, 1080.00, 0.0142

Frame: 1212, Person: 0
0: 1460.89, 276.91, 0.9973
1: 1475.53, 246.59, 0.9743
2: 1427.21, 251.41, 0.9946
3: 1493.82, 259.80, 0.4162
4: 1363.88, 270.66, 0.9424
5: 1563.03, 422.50, 0.9924
6: 1294.37, 422.42, 0.9956
7: 1667.39, 603.54, 0.9347
8: 1201.98, 597.32, 0.9699
9: 1556.90, 562.98, 0.9324
10: 1313.18, 536.15, 0.9660
11: 1529.55, 844.69, 0.9494
12: 1350.85, 846.78, 0.9612
13: 1554.55, 1028.55, 0.2296
14: 1356.53, 1023.21, 0.2713
15: 1548.14, 1080.00, 0.0169
16: 1328.71, 1080.00, 0.0177

Frame: 1213, Person: 0
0: 1461.02, 275.90, 0.9974
1: 1475.18, 246.02, 0.9740
2: 1427.24, 251.02, 0.9948
3: 1492.92, 259.55, 0.4049
4: 1363.69, 270.85, 0.9445
5: 1562.88, 419.83, 0.9925
6: 1296.90, 419.26, 0.9958
7: 1670.09, 599.20, 0.9357
8: 1204.94, 591.61, 0.9718
9: 1560.84, 558.80, 0.9325
10: 1313.20, 535.05, 0.9673
11: 1532.77, 841.69, 0.9519
12: 1355.73, 843.23, 0.9638
13: 1554.43, 1029.63, 0.2313
14: 1357.82, 1022.87, 0.2765
15: 1549.59, 1080.00, 0.0166
16: 1328.30, 1080.00, 0.0176

Frame: 1214, Person: 0
0: 1461.45, 275.87, 0.9974
1: 1475.47, 245.92, 0.9741
2: 1427.44, 251.03, 0.9948
3: 1493.37, 259.30, 0.4046
4: 1363.61, 270.98, 0.9447
5: 1563.04, 419.40, 0.9925
6: 1297.60, 419.87, 0.9958
7: 1669.86, 595.23, 0.9360
8: 1206.92, 589.98, 0.9720
9: 1561.43, 557.51, 0.9332
10: 1318.21, 535.73, 0.9677
11: 1534.09, 838.58, 0.9529
12: 1357.18, 840.80, 0.9645
13: 1558.02, 1026.90, 0.2371
14: 1361.24, 1021.19, 0.2835
15: 1552.32, 1080.00, 0.0173
16: 1330.67, 1080.00, 0.0183

Frame: 1215, Person: 0
0: 1461.94, 276.44, 0.9973
1: 1475.84, 246.05, 0.9735
2: 1427.78, 251.54, 0.9947
3: 1493.72, 258.71, 0.4011
4: 1363.92, 271.15, 0.9444
5: 1563.78, 419.62, 0.9924
6: 1298.04, 419.62, 0.9957
7: 1669.40, 597.66, 0.9348
8: 1208.73, 590.93, 0.9716
9: 1558.52, 556.35, 0.9322
10: 1321.85, 537.27, 0.9672
11: 1533.92, 840.12, 0.9508
12: 1356.83, 842.03, 0.9630
13: 1555.77, 1027.58, 0.2267
14: 1359.32, 1021.46, 0.2722
15: 1549.75, 1080.00, 0.0163
16: 1329.93, 1080.00, 0.0173

Frame: 1216, Person: 0
0: 1461.85, 277.91, 0.9974
1: 1476.20, 247.63, 0.9738
2: 1428.28, 252.56, 0.9947
3: 1494.49, 259.82, 0.4069
4: 1364.87, 270.80, 0.9440
5: 1563.45, 420.12, 0.9924
6: 1299.19, 419.74, 0.9958
7: 1669.88, 596.30, 0.9339
8: 1208.72, 590.26, 0.9722
9: 1556.15, 556.03, 0.9322
10: 1323.38, 536.60, 0.9679
11: 1533.88, 837.75, 0.9503
12: 1358.03, 839.31, 0.9632
13: 1553.06, 1024.06, 0.2298
14: 1361.04, 1016.85, 0.2784
15: 1547.99, 1080.00, 0.0168
16: 1333.24, 1080.00, 0.0180

Frame: 1217, Person: 0
0: 1463.26, 280.20, 0.9973
1: 1477.93, 249.55, 0.9741
2: 1428.91, 255.04, 0.9946
3: 1496.83, 261.47, 0.4120
4: 1365.13, 273.78, 0.9426
5: 1563.70, 420.53, 0.9924
6: 1300.82, 420.09, 0.9958
7: 1669.21, 597.91, 0.9352
8: 1206.91, 590.46, 0.9726
9: 1553.81, 553.14, 0.9348
10: 1324.56, 532.49, 0.9691
11: 1533.35, 837.13, 0.9529
12: 1358.96, 838.84, 0.9650
13: 1552.88, 1025.06, 0.2446
14: 1365.18, 1017.81, 0.2950
15: 1548.86, 1080.00, 0.0182
16: 1336.17, 1080.00, 0.0195

Frame: 1218, Person: 0
0: 1463.37, 284.45, 0.9973
1: 1477.91, 252.35, 0.9748
2: 1428.62, 259.52, 0.9946
3: 1497.96, 261.29, 0.4259
4: 1365.84, 277.01, 0.9415
5: 1565.40, 420.68, 0.9920
6: 1301.29, 420.59, 0.9957
7: 1668.67, 600.96, 0.9323
8: 1202.82, 589.82, 0.9718
9: 1549.84, 551.04, 0.9327
10: 1320.43, 531.73, 0.9683
11: 1534.03, 839.42, 0.9497
12: 1359.05, 841.54, 0.9630
13: 1555.64, 1026.79, 0.2312
14: 1366.44, 1020.16, 0.2816
15: 1554.03, 1080.00, 0.0172
16: 1339.63, 1080.00, 0.0186

Frame: 1219, Person: 0
0: 1464.08, 287.38, 0.9973
1: 1478.83, 254.60, 0.9750
2: 1429.38, 262.57, 0.9947
3: 1499.42, 262.02, 0.4235
4: 1366.98, 279.13, 0.9431
5: 1567.84, 420.35, 0.9920
6: 1299.07, 422.03, 0.9957
7: 1668.08, 605.09, 0.9301
8: 1200.95, 595.34, 0.9712
9: 1549.90, 552.37, 0.9298
10: 1317.16, 529.97, 0.9673
11: 1533.82, 838.65, 0.9470
12: 1355.97, 841.67, 0.9611
13: 1558.04, 1022.44, 0.2232
14: 1363.73, 1018.14, 0.2734
15: 1551.10, 1080.00, 0.0167
16: 1336.42, 1080.00, 0.0181

Frame: 1220, Person: 0
0: 1463.03, 286.56, 0.9974
1: 1478.32, 253.92, 0.9760
2: 1428.27, 261.64, 0.9946
3: 1499.80, 262.46, 0.4486
4: 1366.71, 279.25, 0.9409
5: 1569.96, 421.73, 0.9921
6: 1298.20, 423.87, 0.9959
7: 1671.96, 607.17, 0.9309
8: 1197.94, 598.71, 0.9723
9: 1555.64, 553.23, 0.9307
10: 1312.53, 530.18, 0.9682
11: 1534.15, 841.54, 0.9480
12: 1354.36, 844.65, 0.9623
13: 1560.72, 1024.31, 0.2248
14: 1362.54, 1020.09, 0.2784
15: 1553.15, 1080.00, 0.0168
16: 1333.68, 1080.00, 0.0185

Frame: 1221, Person: 0
0: 1461.96, 284.96, 0.9974
1: 1477.53, 252.69, 0.9759
2: 1427.69, 259.70, 0.9947
3: 1498.78, 262.12, 0.4429
4: 1366.04, 277.17, 0.9410
5: 1569.55, 422.05, 0.9922
6: 1296.30, 423.56, 0.9959
7: 1672.86, 609.98, 0.9306
8: 1197.45, 602.05, 0.9714
9: 1553.32, 552.96, 0.9301
10: 1311.03, 530.95, 0.9672
11: 1533.92, 844.05, 0.9457
12: 1352.99, 846.71, 0.9601
13: 1560.51, 1024.76, 0.2157
14: 1360.88, 1019.37, 0.2656
15: 1552.61, 1080.00, 0.0159
16: 1332.30, 1080.00, 0.0173

Frame: 1222, Person: 0
0: 1460.19, 284.12, 0.9973
1: 1476.41, 252.49, 0.9763
2: 1426.82, 258.60, 0.9944
3: 1498.38, 262.69, 0.4618
4: 1366.47, 275.66, 0.9377
5: 1568.85, 421.27, 0.9923
6: 1297.85, 424.08, 0.9959
7: 1672.73, 607.56, 0.9314
8: 1200.24, 604.58, 0.9716
9: 1549.66, 552.30, 0.9308
10: 1314.41, 531.20, 0.9673
11: 1535.34, 841.03, 0.9475
12: 1355.86, 843.93, 0.9616
13: 1560.53, 1023.52, 0.2253
14: 1364.55, 1017.74, 0.2770
15: 1551.98, 1080.00, 0.0168
16: 1334.84, 1080.00, 0.0185

Frame: 1223, Person: 0
0: 1460.09, 284.24, 0.9973
1: 1475.97, 252.24, 0.9764
2: 1426.28, 259.09, 0.9944
3: 1498.15, 261.65, 0.4680
4: 1366.27, 276.43, 0.9367
5: 1568.12, 420.10, 0.9921
6: 1299.55, 423.32, 0.9959
7: 1670.43, 605.59, 0.9306
8: 1201.22, 601.60, 0.9718
9: 1547.67, 550.43, 0.9304
10: 1315.55, 530.81, 0.9675
11: 1535.06, 841.44, 0.9476
12: 1357.22, 844.53, 0.9620
13: 1558.85, 1025.38, 0.2234
14: 1364.99, 1020.00, 0.2766
15: 1551.36, 1080.00, 0.0167
16: 1335.21, 1080.00, 0.0185

Frame: 1224, Person: 0
0: 1460.10, 283.35, 0.9973
1: 1476.02, 251.52, 0.9764
2: 1426.12, 258.33, 0.9943
3: 1498.33, 261.48, 0.4735
4: 1366.12, 276.41, 0.9355
5: 1568.43, 420.28, 0.9920
6: 1300.16, 423.85, 0.9959
7: 1670.34, 604.76, 0.9302
8: 1204.10, 601.21, 0.9715
9: 1549.18, 549.94, 0.9300
10: 1317.79, 530.40, 0.9671
11: 1535.11, 839.14, 0.9475
12: 1357.53, 842.33, 0.9619
13: 1558.84, 1024.07, 0.2248
14: 1365.78, 1019.05, 0.2782
15: 1550.60, 1080.00, 0.0169
16: 1336.84, 1080.00, 0.0187

Frame: 1225, Person: 0
0: 1459.42, 283.56, 0.9972
1: 1475.45, 251.70, 0.9767
2: 1425.76, 258.51, 0.9941
3: 1498.25, 261.31, 0.4853
4: 1366.68, 276.19, 0.9337
5: 1569.08, 419.46, 0.9920
6: 1300.79, 424.29, 0.9959
7: 1670.62, 602.24, 0.9299
8: 1204.55, 600.98, 0.9713
9: 1552.63, 551.33, 0.9292
10: 1317.23, 529.82, 0.9667
11: 1536.68, 835.88, 0.9474
12: 1359.23, 839.70, 0.9618
13: 1561.16, 1020.29, 0.2273
14: 1368.51, 1016.59, 0.2814
15: 1550.88, 1080.00, 0.0173
16: 1339.24, 1080.00, 0.0192

Frame: 1226, Person: 0
0: 1458.76, 283.67, 0.9972
1: 1475.46, 251.73, 0.9772
2: 1425.03, 258.25, 0.9939
3: 1498.99, 261.69, 0.4981
4: 1366.21, 275.99, 0.9297
5: 1569.15, 419.70, 0.9919
6: 1300.13, 425.39, 0.9956
7: 1671.91, 602.97, 0.9306
8: 1202.72, 604.14, 0.9694
9: 1552.86, 550.09, 0.9304
10: 1314.73, 528.57, 0.9655
11: 1536.34, 837.47, 0.9448
12: 1358.73, 841.82, 0.9587
13: 1564.39, 1015.87, 0.2233
14: 1372.88, 1012.46, 0.2719
15: 1553.85, 1080.00, 0.0172
16: 1343.83, 1080.00, 0.0189

Frame: 1227, Person: 0
0: 1458.73, 284.24, 0.9972
1: 1475.10, 252.16, 0.9770
2: 1425.00, 258.75, 0.9939
3: 1498.31, 262.06, 0.4964
4: 1366.23, 276.50, 0.9299
5: 1569.74, 421.18, 0.9919
6: 1300.58, 425.41, 0.9956
7: 1673.88, 605.90, 0.9298
8: 1202.74, 603.96, 0.9696
9: 1553.50, 550.91, 0.9303
10: 1316.15, 529.87, 0.9658
11: 1537.01, 837.81, 0.9427
12: 1359.22, 841.43, 0.9574
13: 1564.07, 1011.50, 0.2204
14: 1371.07, 1006.80, 0.2701
15: 1555.15, 1080.00, 0.0172
16: 1342.45, 1080.00, 0.0189

Frame: 1228, Person: 0
0: 1458.69, 284.41, 0.9971
1: 1475.76, 252.55, 0.9778
2: 1424.79, 258.85, 0.9937
3: 1500.08, 263.14, 0.5188
4: 1366.56, 277.12, 0.9262
5: 1570.87, 421.98, 0.9918
6: 1302.02, 425.77, 0.9957
7: 1672.58, 606.29, 0.9301
8: 1204.70, 603.24, 0.9704
9: 1554.78, 553.55, 0.9302
10: 1316.88, 530.66, 0.9662
11: 1538.29, 837.37, 0.9438
12: 1360.46, 840.83, 0.9588
13: 1567.42, 1009.52, 0.2246
14: 1372.74, 1004.73, 0.2776
15: 1558.00, 1080.00, 0.0178
16: 1343.42, 1080.00, 0.0200

Frame: 1229, Person: 0
0: 1459.30, 285.65, 0.9970
1: 1476.32, 253.12, 0.9777
2: 1425.08, 260.02, 0.9932
3: 1501.09, 263.07, 0.5328
4: 1367.50, 278.54, 0.9212
5: 1572.68, 423.18, 0.9916
6: 1302.11, 428.51, 0.9954
7: 1671.04, 610.71, 0.9292
8: 1205.06, 609.59, 0.9681
9: 1554.74, 556.17, 0.9291
10: 1319.71, 534.09, 0.9641
11: 1539.64, 840.07, 0.9387
12: 1360.84, 844.70, 0.9539
13: 1572.21, 1004.13, 0.2129
14: 1375.88, 1001.69, 0.2605
15: 1561.35, 1080.00, 0.0171
16: 1348.19, 1080.00, 0.0190

Frame: 1230, Person: 0
0: 1461.04, 286.12, 0.9970
1: 1478.71, 253.56, 0.9785
2: 1426.29, 260.57, 0.9934
3: 1504.33, 263.85, 0.5413
4: 1368.48, 279.55, 0.9220
5: 1573.93, 423.43, 0.9916
6: 1302.53, 427.46, 0.9955
7: 1669.17, 613.03, 0.9292
8: 1205.63, 610.23, 0.9686
9: 1555.92, 558.79, 0.9293
10: 1323.70, 542.42, 0.9643
11: 1538.85, 838.49, 0.9401
12: 1359.43, 843.02, 0.9552
13: 1575.82, 1005.34, 0.2187
14: 1377.39, 1002.70, 0.2686
15: 1565.78, 1080.00, 0.0179
16: 1350.13, 1080.00, 0.0200

Frame: 1231, Person: 0
0: 1461.80, 289.16, 0.9969
1: 1480.36, 255.47, 0.9792
2: 1427.49, 262.88, 0.9930
3: 1508.24, 262.51, 0.5675
4: 1371.21, 278.47, 0.9166
5: 1577.84, 422.35, 0.9916
6: 1303.77, 425.87, 0.9954
7: 1666.90, 613.38, 0.9291
8: 1208.88, 608.41, 0.9672
9: 1558.51, 564.27, 0.9289
10: 1332.17, 542.45, 0.9628
11: 1539.56, 833.06, 0.9433
12: 1358.70, 837.68, 0.9570
13: 1575.53, 1008.37, 0.2344
14: 1378.21, 1007.57, 0.2838
15: 1561.16, 1080.00, 0.0196
16: 1354.57, 1080.00, 0.0218

Frame: 1232, Person: 0
0: 1460.89, 291.27, 0.9966
1: 1480.79, 258.30, 0.9805
2: 1428.55, 264.64, 0.9918
3: 1511.67, 264.60, 0.6334
4: 1376.82, 277.67, 0.8991
5: 1581.04, 424.36, 0.9916
6: 1307.70, 422.64, 0.9952
7: 1666.08, 615.20, 0.9311
8: 1212.08, 600.97, 0.9652
9: 1561.67, 579.65, 0.9281
10: 1340.55, 548.27, 0.9592
11: 1535.34, 835.57, 0.9460
12: 1354.20, 837.67, 0.9578
13: 1574.41, 1013.89, 0.2407
14: 1374.22, 1010.32, 0.2861
15: 1562.68, 1080.00, 0.0210
16: 1352.63, 1080.00, 0.0233

Frame: 1233, Person: 0
0: 1461.30, 294.77, 0.9965
1: 1481.70, 262.08, 0.9806
2: 1430.33, 267.81, 0.9913
3: 1514.02, 266.80, 0.6568
4: 1380.68, 277.94, 0.8938
5: 1584.03, 428.43, 0.9916
6: 1307.84, 421.81, 0.9953
7: 1663.12, 622.30, 0.9293
8: 1213.18, 598.66, 0.9650
9: 1559.99, 601.51, 0.9223
10: 1347.30, 562.49, 0.9560
11: 1533.17, 841.13, 0.9455
12: 1349.79, 841.05, 0.9579
13: 1571.41, 1020.07, 0.2296
14: 1368.08, 1014.47, 0.2759
15: 1558.92, 1080.00, 0.0204
16: 1351.46, 1080.00, 0.0228

Frame: 1234, Person: 0
0: 1463.87, 300.03, 0.9964
1: 1485.79, 268.55, 0.9789
2: 1435.73, 271.01, 0.9913
3: 1518.36, 271.97, 0.6270
4: 1385.89, 274.43, 0.8977
5: 1586.37, 432.19, 0.9914
6: 1307.11, 419.35, 0.9952
7: 1659.70, 625.86, 0.9248
8: 1217.59, 595.69, 0.9636
9: 1551.13, 625.93, 0.9149
10: 1358.85, 567.56, 0.9531
11: 1534.61, 842.27, 0.9450
12: 1349.37, 839.10, 0.9580
13: 1562.06, 1034.70, 0.2204
14: 1366.43, 1025.60, 0.2659
15: 1540.19, 1080.00, 0.0190
16: 1354.28, 1080.00, 0.0211

Frame: 1235, Person: 0
0: 1465.87, 305.67, 0.9963
1: 1489.43, 274.48, 0.9800
2: 1439.02, 275.42, 0.9909
3: 1525.27, 276.15, 0.6661
4: 1392.06, 274.86, 0.8892
5: 1592.71, 435.81, 0.9908
6: 1312.03, 416.79, 0.9954
7: 1660.09, 630.82, 0.9195
8: 1221.17, 589.22, 0.9659
9: 1548.90, 650.86, 0.9084
10: 1370.14, 575.96, 0.9537
11: 1534.85, 847.73, 0.9431
12: 1348.13, 841.39, 0.9591
13: 1560.97, 1047.60, 0.2028
14: 1364.57, 1034.78, 0.2577
15: 1537.15, 1080.00, 0.0173
16: 1352.95, 1080.00, 0.0203

Frame: 1236, Person: 0
0: 1469.11, 312.60, 0.9960
1: 1493.40, 280.69, 0.9809
2: 1442.84, 280.49, 0.9898
3: 1532.51, 277.12, 0.7011
4: 1397.93, 273.39, 0.8778
5: 1598.67, 438.57, 0.9902
6: 1314.18, 415.61, 0.9951
7: 1653.29, 631.79, 0.9155
8: 1224.01, 581.61, 0.9635
9: 1561.95, 685.49, 0.8976
10: 1382.67, 579.26, 0.9483
11: 1534.59, 850.72, 0.9398
12: 1344.27, 843.38, 0.9566
13: 1561.41, 1053.89, 0.1842
14: 1357.33, 1044.32, 0.2353
15: 1533.54, 1080.00, 0.0160
16: 1349.62, 1080.00, 0.0188

Frame: 1237, Person: 0
0: 1474.09, 317.87, 0.9952
1: 1498.32, 285.52, 0.9765
2: 1447.15, 284.11, 0.9885
3: 1538.88, 279.84, 0.6519
4: 1401.84, 274.09, 0.8649
5: 1601.46, 437.56, 0.9838
6: 1320.80, 414.75, 0.9937
7: 1656.45, 624.49, 0.8939
8: 1217.47, 565.75, 0.9671
9: 1565.77, 712.81, 0.8968
10: 1388.38, 579.26, 0.9587
11: 1538.26, 852.65, 0.9175
12: 1348.44, 845.98, 0.9478
13: 1548.72, 1080.00, 0.1626
14: 1349.88, 1080.00, 0.2310
15: 1524.08, 1080.00, 0.0121
16: 1332.75, 1080.00, 0.0154

Frame: 1238, Person: 0
0: 1482.24, 326.12, 0.9950
1: 1505.21, 292.43, 0.9755
2: 1454.01, 293.13, 0.9880
3: 1543.24, 282.58, 0.6231
4: 1406.66, 281.69, 0.8715
5: 1601.05, 439.56, 0.9856
6: 1323.08, 415.60, 0.9927
7: 1637.01, 638.96, 0.8969
8: 1228.45, 570.89, 0.9559
9: 1570.59, 754.23, 0.8744
10: 1398.73, 556.73, 0.9420
11: 1526.96, 852.37, 0.9072
12: 1341.19, 845.18, 0.9332
13: 1535.30, 1074.43, 0.1268
14: 1346.25, 1075.30, 0.1653
15: 1494.75, 1080.00, 0.0100
16: 1334.68, 1080.00, 0.0115

Frame: 1239, Person: 0
0: 1483.40, 330.84, 0.9954
1: 1505.87, 297.27, 0.9805
2: 1455.37, 299.20, 0.9879
3: 1546.10, 283.71, 0.7090
4: 1411.27, 285.64, 0.8667
5: 1602.94, 441.09, 0.9888
6: 1330.20, 412.64, 0.9941
7: 1635.71, 659.14, 0.9070
8: 1224.05, 575.85, 0.9565
9: 1564.82, 796.00, 0.8656
10: 1397.76, 551.78, 0.9361
11: 1525.51, 859.37, 0.9159
12: 1343.09, 849.67, 0.9376
13: 1544.43, 1041.25, 0.1332
14: 1348.67, 1040.16, 0.1706
15: 1514.32, 1080.00, 0.0126
16: 1329.91, 1080.00, 0.0145

Frame: 1240, Person: 0
0: 1483.15, 337.85, 0.9950
1: 1506.65, 304.10, 0.9812
2: 1454.96, 305.38, 0.9860
3: 1549.43, 288.35, 0.7288
4: 1411.67, 289.06, 0.8397
5: 1603.35, 442.94, 0.9885
6: 1333.27, 414.20, 0.9927
7: 1636.60, 664.14, 0.9122
8: 1226.82, 573.93, 0.9468
9: 1566.36, 811.68, 0.8694
10: 1399.77, 521.20, 0.9279
11: 1524.03, 862.66, 0.9158
12: 1342.91, 852.90, 0.9308
13: 1550.85, 1051.44, 0.1325
14: 1357.38, 1052.19, 0.1567
15: 1524.72, 1080.00, 0.0124
16: 1335.95, 1080.00, 0.0134

Frame: 1241, Person: 0
0: 1478.63, 340.64, 0.9945
1: 1503.21, 306.13, 0.9820
2: 1450.01, 306.97, 0.9833
3: 1548.65, 287.93, 0.7549
4: 1408.24, 288.33, 0.8074
5: 1602.67, 440.63, 0.9886
6: 1330.80, 417.43, 0.9916
7: 1631.83, 665.67, 0.9173
8: 1226.54, 579.79, 0.9374
9: 1574.60, 823.51, 0.8702
10: 1383.52, 494.15, 0.9190
11: 1524.72, 866.66, 0.9138
12: 1342.78, 859.82, 0.9230
13: 1559.40, 1046.40, 0.1321
14: 1364.81, 1054.85, 0.1465
15: 1526.71, 1080.00, 0.0126
16: 1343.81, 1080.00, 0.0130

Frame: 1242, Person: 0
0: 1473.17, 346.51, 0.9947
1: 1496.89, 311.86, 0.9809
2: 1444.16, 313.71, 0.9838
3: 1541.23, 290.15, 0.7240
4: 1401.46, 292.95, 0.8160
5: 1598.77, 431.49, 0.9892
6: 1326.63, 416.31, 0.9920
7: 1632.20, 662.31, 0.9219
8: 1236.24, 579.06, 0.9421
9: 1575.10, 828.50, 0.8689
10: 1375.92, 452.04, 0.9222
11: 1527.95, 865.83, 0.9232
12: 1345.84, 861.68, 0.9318
13: 1558.47, 1045.39, 0.1401
14: 1362.59, 1060.59, 0.1562
15: 1518.95, 1080.00, 0.0128
16: 1341.41, 1080.00, 0.0133

Frame: 1243, Person: 0
0: 1460.61, 342.96, 0.9940
1: 1487.81, 310.89, 0.9840
2: 1433.68, 310.90, 0.9780
3: 1537.91, 296.15, 0.8246
4: 1398.69, 295.42, 0.7417
5: 1598.44, 433.82, 0.9899
6: 1326.39, 423.17, 0.9917
7: 1632.93, 657.80, 0.9312
8: 1233.80, 586.50, 0.9371
9: 1583.87, 827.43, 0.8772
10: 1348.27, 453.36, 0.9134
11: 1526.29, 854.77, 0.9319
12: 1345.15, 851.40, 0.9356
13: 1560.48, 1039.63, 0.1590
14: 1365.30, 1055.47, 0.1687
15: 1518.78, 1080.00, 0.0148
16: 1345.23, 1080.00, 0.0153

Frame: 1244, Person: 0
0: 1452.71, 345.62, 0.9942
1: 1480.37, 313.05, 0.9843
2: 1425.36, 313.02, 0.9788
3: 1530.95, 297.85, 0.8210
4: 1389.58, 296.67, 0.7466
5: 1593.93, 434.05, 0.9899
6: 1319.38, 424.68, 0.9917
7: 1636.36, 658.76, 0.9305
8: 1232.55, 587.59, 0.9381
9: 1588.58, 835.74, 0.8730
10: 1349.19, 444.59, 0.9136
11: 1528.04, 862.51, 0.9277
12: 1344.43, 859.65, 0.9324
13: 1565.40, 1041.16, 0.1428
14: 1363.19, 1057.71, 0.1537
15: 1524.25, 1080.00, 0.0132
16: 1341.50, 1080.00, 0.0136

Frame: 1245, Person: 0
0: 1446.08, 345.58, 0.9937
1: 1470.30, 311.32, 0.9852
2: 1418.12, 313.87, 0.9744
3: 1523.07, 289.14, 0.8438
4: 1386.24, 295.20, 0.6938
5: 1594.50, 426.67, 0.9901
6: 1319.99, 425.68, 0.9904
7: 1640.08, 645.87, 0.9360
8: 1227.68, 588.00, 0.9266
9: 1594.69, 828.62, 0.8848
10: 1349.18, 452.43, 0.9051
11: 1530.64, 856.21, 0.9340
12: 1347.10, 857.34, 0.9322
13: 1570.99, 1043.30, 0.1653
14: 1368.17, 1066.47, 0.1643
15: 1535.49, 1080.00, 0.0156
16: 1347.35, 1080.00, 0.0153

Frame: 1246, Person: 0
0: 1433.64, 348.32, 0.9938
1: 1456.89, 312.18, 0.9865
2: 1404.02, 316.71, 0.9729
3: 1512.84, 286.18, 0.8630
4: 1374.18, 297.46, 0.6632
5: 1590.10, 422.59, 0.9898
6: 1317.20, 428.21, 0.9903
7: 1644.66, 640.22, 0.9358
8: 1224.21, 595.06, 0.9271
9: 1593.92, 822.31, 0.8899
10: 1360.72, 463.67, 0.9087
11: 1534.64, 857.54, 0.9318
12: 1351.93, 861.43, 0.9308
13: 1574.62, 1042.02, 0.1641
14: 1372.89, 1067.43, 0.1657
15: 1545.33, 1078.83, 0.0157
16: 1349.11, 1080.00, 0.0158

Frame: 1247, Person: 0
0: 1424.43, 348.01, 0.9927
1: 1448.27, 314.74, 0.9845
2: 1394.92, 316.29, 0.9669
3: 1507.51, 292.56, 0.8669
4: 1368.73, 300.40, 0.5962
5: 1587.87, 411.37, 0.9841
6: 1317.24, 429.74, 0.9894
7: 1648.81, 616.97, 0.9219
8: 1225.48, 588.91, 0.9432
9: 1601.59, 806.06, 0.8885
10: 1373.12, 475.93, 0.9217
11: 1533.64, 837.20, 0.9249
12: 1353.54, 845.51, 0.9337
13: 1536.35, 1080.00, 0.1598
14: 1370.07, 1080.00, 0.1826
15: 1490.46, 1080.00, 0.0118
16: 1338.33, 1080.00, 0.0135

Frame: 1248, Person: 0
0: 1419.08, 350.29, 0.9937
1: 1440.94, 314.28, 0.9860
2: 1390.16, 320.28, 0.9717
3: 1496.00, 289.11, 0.8574
4: 1362.38, 303.57, 0.6500
5: 1582.57, 418.77, 0.9907
6: 1311.01, 433.39, 0.9909
7: 1650.87, 635.55, 0.9422
8: 1222.37, 607.86, 0.9339
9: 1593.95, 813.00, 0.8973
10: 1342.37, 471.13, 0.9150
11: 1539.45, 851.66, 0.9373
12: 1357.51, 858.19, 0.9365
13: 1578.71, 1024.89, 0.1796
14: 1372.37, 1052.08, 0.1823
15: 1545.70, 1069.16, 0.0172
16: 1340.62, 1080.00, 0.0174

Frame: 1249, Person: 0
0: 1407.64, 349.06, 0.9933
1: 1433.57, 316.15, 0.9850
2: 1379.09, 316.75, 0.9691
3: 1492.77, 297.79, 0.8621
4: 1352.63, 302.91, 0.6035
5: 1579.06, 410.64, 0.9851
6: 1303.21, 440.73, 0.9899
7: 1652.34, 613.42, 0.9252
8: 1228.60, 609.56, 0.9455
9: 1601.52, 808.18, 0.8842
10: 1339.78, 473.74, 0.9205
11: 1535.17, 844.16, 0.9190
12: 1351.36, 855.81, 0.9292
13: 1538.68, 1080.00, 0.1308
14: 1361.86, 1080.00, 0.1521
15: 1476.30, 1080.00, 0.0089
16: 1324.78, 1080.00, 0.0103

Frame: 1250, Person: 0
0: 1388.60, 354.40, 0.9928
1: 1414.98, 320.87, 0.9876
2: 1360.39, 321.70, 0.9589
3: 1485.33, 296.19, 0.9115
4: 1345.13, 303.53, 0.4810
5: 1581.54, 407.54, 0.9831
6: 1306.72, 439.68, 0.9888
7: 1650.47, 617.71, 0.9185
8: 1227.03, 612.16, 0.9397
9: 1599.10, 810.22, 0.8773
10: 1324.06, 470.61, 0.9113
11: 1531.64, 849.62, 0.9024
12: 1349.21, 860.30, 0.9160
13: 1528.72, 1080.00, 0.1072
14: 1356.35, 1080.00, 0.1286
15: 1466.07, 1080.00, 0.0074
16: 1320.54, 1080.00, 0.0089

Frame: 1251, Person: 0
0: 1386.26, 355.71, 0.9930
1: 1408.40, 319.07, 0.9887
2: 1359.25, 324.60, 0.9579
3: 1473.14, 289.88, 0.9158
4: 1343.81, 304.93, 0.4944
5: 1576.93, 420.43, 0.9899
6: 1305.31, 442.23, 0.9894
7: 1653.80, 640.70, 0.9392
8: 1216.73, 624.63, 0.9207
9: 1589.98, 816.11, 0.8926
10: 1311.05, 472.49, 0.8984
11: 1535.48, 866.16, 0.9166
12: 1353.55, 871.87, 0.9143
13: 1552.92, 1026.32, 0.1345
14: 1346.99, 1052.81, 0.1346
15: 1513.47, 1060.06, 0.0125
16: 1312.30, 1067.83, 0.0129

Frame: 1252, Person: 0
0: 1386.83, 357.87, 0.9931
1: 1407.79, 320.92, 0.9880
2: 1356.47, 326.49, 0.9600
3: 1473.41, 288.65, 0.9008
4: 1338.34, 307.30, 0.4788
5: 1577.77, 410.67, 0.9858
6: 1300.66, 441.23, 0.9858
7: 1646.88, 626.64, 0.9279
8: 1214.43, 614.96, 0.9141
9: 1589.97, 819.54, 0.8748
10: 1315.83, 471.20, 0.8844
11: 1515.41, 866.66, 0.8942
12: 1328.89, 875.23, 0.8895
13: 1527.82, 1080.00, 0.0808
14: 1325.87, 1080.00, 0.0812
15: 1470.59, 1080.00, 0.0057
16: 1271.23, 1080.00, 0.0059

Frame: 1253, Person: 0
0: 1387.32, 354.25, 0.9936
1: 1408.12, 317.59, 0.9883
2: 1357.41, 323.56, 0.9635
3: 1472.46, 288.50, 0.9006
4: 1339.32, 307.40, 0.4993
5: 1577.29, 412.20, 0.9856
6: 1303.02, 441.25, 0.9866
7: 1655.67, 623.62, 0.9259
8: 1204.63, 611.31, 0.9209
9: 1586.44, 812.27, 0.8768
10: 1310.97, 477.43, 0.8944
11: 1518.15, 866.80, 0.8904
12: 1333.72, 874.43, 0.8900
13: 1531.68, 1080.00, 0.0759
14: 1332.87, 1080.00, 0.0794
15: 1479.06, 1080.00, 0.0052
16: 1269.78, 1080.00, 0.0056

Frame: 1254, Person: 0
0: 1391.18, 351.77, 0.9933
1: 1412.03, 316.35, 0.9884
2: 1362.58, 321.73, 0.9607
3: 1476.47, 289.20, 0.9118
4: 1345.94, 306.73, 0.4804
5: 1582.28, 414.70, 0.9868
6: 1306.06, 439.17, 0.9870
7: 1661.58, 619.96, 0.9306
8: 1198.05, 603.02, 0.9206
9: 1581.96, 801.02, 0.8875
10: 1310.41, 487.58, 0.8953
11: 1515.48, 859.17, 0.9047
12: 1331.46, 864.11, 0.9019
13: 1519.26, 1080.00, 0.0950
14: 1330.72, 1080.00, 0.0965
15: 1465.28, 1080.00, 0.0067
16: 1271.51, 1080.00, 0.0071

Frame: 1255, Person: 0
0: 1399.41, 350.87, 0.9938
1: 1421.64, 315.31, 0.9899
2: 1372.82, 320.55, 0.9643
3: 1486.07, 289.03, 0.9270
4: 1356.66, 303.18, 0.5390
5: 1590.85, 423.29, 0.9909
6: 1304.76, 435.53, 0.9909
7: 1674.05, 630.53, 0.9417
8: 1174.00, 610.66, 0.9276
9: 1574.49, 773.31, 0.9064
10: 1292.40, 511.61, 0.9078
11: 1532.00, 859.69, 0.9255
12: 1341.73, 861.68, 0.9245
13: 1551.57, 1042.62, 0.1412
14: 1339.96, 1055.97, 0.1418
15: 1525.10, 1080.00, 0.0123
16: 1302.13, 1080.00, 0.0128

Frame: 1256, Person: 0
0: 1408.94, 346.51, 0.9938
1: 1432.12, 313.92, 0.9866
2: 1383.44, 315.88, 0.9713
3: 1492.55, 292.77, 0.8908
4: 1364.02, 299.95, 0.6099
5: 1593.67, 417.64, 0.9856
6: 1301.35, 426.76, 0.9906
7: 1690.24, 603.87, 0.9230
8: 1167.36, 581.55, 0.9455
9: 1578.56, 707.46, 0.9095
10: 1286.57, 526.14, 0.9316
11: 1532.19, 860.79, 0.9131
12: 1337.64, 863.09, 0.9283
13: 1540.43, 1080.00, 0.1253
14: 1337.13, 1080.00, 0.1482
15: 1527.55, 1080.00, 0.0083
16: 1319.74, 1080.00, 0.0097

Frame: 1257, Person: 0
0: 1418.25, 346.09, 0.9953
1: 1441.11, 310.02, 0.9901
2: 1390.70, 313.67, 0.9768
3: 1500.10, 285.98, 0.9018
4: 1366.29, 295.43, 0.6251
5: 1598.65, 428.32, 0.9918
6: 1307.14, 423.47, 0.9922
7: 1693.33, 619.03, 0.9468
8: 1168.72, 584.61, 0.9406
9: 1584.46, 662.94, 0.9335
10: 1280.07, 529.77, 0.9316
11: 1530.19, 859.38, 0.9475
12: 1336.30, 855.14, 0.9472
13: 1557.65, 1048.43, 0.2244
14: 1338.36, 1041.70, 0.2239
15: 1550.14, 1080.00, 0.0205
16: 1311.33, 1080.00, 0.0210

Frame: 1258, Person: 0
0: 1428.22, 343.85, 0.9957
1: 1450.51, 307.64, 0.9894
2: 1400.00, 311.64, 0.9806
3: 1505.48, 285.17, 0.8796
4: 1371.00, 294.58, 0.6731
5: 1598.72, 428.06, 0.9918
6: 1312.35, 419.00, 0.9926
7: 1704.29, 608.80, 0.9473
8: 1170.17, 573.16, 0.9466
9: 1587.82, 618.35, 0.9420
10: 1298.59, 531.47, 0.9422
11: 1535.30, 854.88, 0.9535
12: 1345.58, 849.73, 0.9544
13: 1559.05, 1047.16, 0.2648
14: 1351.25, 1033.46, 0.2677
15: 1566.24, 1080.00, 0.0251
16: 1330.49, 1080.00, 0.0259

Frame: 1259, Person: 0
0: 1431.20, 342.69, 0.9957
1: 1453.83, 306.53, 0.9893
2: 1403.23, 310.04, 0.9811
3: 1507.85, 286.14, 0.8774
4: 1373.80, 294.06, 0.6774
5: 1600.61, 431.19, 0.9917
6: 1314.86, 420.56, 0.9924
7: 1715.77, 605.84, 0.9467
8: 1174.14, 573.43, 0.9456
9: 1604.82, 592.70, 0.9452
10: 1309.97, 531.94, 0.9435
11: 1537.08, 854.73, 0.9511
12: 1348.25, 849.18, 0.9516
13: 1561.73, 1038.67, 0.2696
14: 1356.27, 1021.82, 0.2714
15: 1572.64, 1080.00, 0.0263
16: 1337.48, 1080.00, 0.0270

Frame: 1260, Person: 0
0: 1431.33, 341.88, 0.9956
1: 1454.14, 305.93, 0.9894
2: 1403.19, 309.54, 0.9805
3: 1508.97, 286.04, 0.8855
4: 1375.41, 294.40, 0.6708
5: 1601.94, 429.59, 0.9916
6: 1319.89, 419.24, 0.9927
7: 1716.83, 600.91, 0.9456
8: 1182.92, 572.79, 0.9487
9: 1620.49, 576.88, 0.9450
10: 1319.45, 537.64, 0.9449
11: 1538.56, 848.92, 0.9518
12: 1352.84, 843.36, 0.9538
13: 1556.54, 1030.44, 0.2790
14: 1356.56, 1013.47, 0.2881
15: 1563.29, 1080.00, 0.0280
16: 1336.84, 1080.00, 0.0296

Frame: 1261, Person: 0
0: 1431.25, 339.78, 0.9957
1: 1454.28, 304.25, 0.9892
2: 1403.03, 307.98, 0.9814
3: 1508.75, 285.43, 0.8808
4: 1374.82, 293.85, 0.6813
5: 1599.44, 425.25, 0.9917
6: 1322.84, 416.58, 0.9931
7: 1718.70, 589.51, 0.9474
8: 1192.39, 567.09, 0.9530
9: 1624.53, 555.01, 0.9483
10: 1330.96, 531.57, 0.9496
11: 1541.27, 840.10, 0.9588
12: 1358.47, 835.55, 0.9612
13: 1564.40, 1036.38, 0.3081
14: 1366.94, 1019.18, 0.3225
15: 1576.92, 1080.00, 0.0306
16: 1346.74, 1080.00, 0.0328

Frame: 1262, Person: 0
0: 1430.53, 339.08, 0.9955
1: 1453.75, 303.78, 0.9889
2: 1402.49, 307.32, 0.9802
3: 1508.42, 284.98, 0.8805
4: 1374.55, 293.09, 0.6686
5: 1598.59, 424.11, 0.9915
6: 1323.29, 416.72, 0.9924
7: 1716.26, 587.19, 0.9467
8: 1197.20, 566.86, 0.9483
9: 1623.19, 546.27, 0.9476
10: 1328.93, 522.73, 0.9456
11: 1539.75, 837.29, 0.9581
12: 1358.08, 833.04, 0.9592
13: 1560.78, 1041.82, 0.3009
14: 1367.86, 1025.54, 0.3078
15: 1570.76, 1080.00, 0.0289
16: 1349.28, 1080.00, 0.0303

Frame: 1263, Person: 0
0: 1429.90, 336.93, 0.9953
1: 1453.78, 301.89, 0.9890
2: 1401.86, 305.44, 0.9791
3: 1508.56, 285.13, 0.8849
4: 1374.30, 293.22, 0.6558
5: 1594.63, 423.06, 0.9916
6: 1325.21, 417.39, 0.9920
7: 1710.81, 582.17, 0.9493
8: 1197.18, 565.08, 0.9463
9: 1621.01, 537.10, 0.9504
10: 1324.98, 510.35, 0.9457
11: 1537.73, 831.33, 0.9598
12: 1359.82, 828.27, 0.9594
13: 1564.38, 1033.76, 0.3209
14: 1375.02, 1019.23, 0.3210
15: 1576.61, 1080.00, 0.0318
16: 1353.27, 1080.00, 0.0327

Frame: 1264, Person: 0
0: 1431.67, 334.91, 0.9953
1: 1455.38, 300.50, 0.9888
2: 1404.44, 303.99, 0.9792
3: 1509.82, 284.25, 0.8862
4: 1378.02, 292.53, 0.6607
5: 1595.12, 421.46, 0.9911
6: 1324.72, 419.54, 0.9923
7: 1702.06, 580.91, 0.9459
8: 1194.91, 569.97, 0.9467
9: 1605.45, 532.14, 0.9472
10: 1310.89, 508.68, 0.9451
11: 1537.17, 829.15, 0.9572
12: 1358.41, 827.78, 0.9582
13: 1567.13, 1031.05, 0.3079
14: 1374.93, 1019.35, 0.3135
15: 1578.35, 1080.00, 0.0302
16: 1356.58, 1080.00, 0.0316

Frame: 1265, Person: 0
0: 1438.35, 332.55, 0.9956
1: 1463.20, 298.93, 0.9877
2: 1411.78, 301.27, 0.9830
3: 1514.21, 285.40, 0.8559
4: 1380.85, 290.81, 0.7226
5: 1594.96, 420.93, 0.9910
6: 1317.34, 423.57, 0.9932
7: 1697.29, 586.30, 0.9421
8: 1191.41, 584.50, 0.9509
9: 1579.47, 533.67, 0.9435
10: 1287.33, 505.43, 0.9481
11: 1533.50, 829.42, 0.9559
12: 1349.40, 829.41, 0.9592
13: 1566.79, 1037.15, 0.2928
14: 1365.27, 1026.92, 0.3063
15: 1575.78, 1080.00, 0.0268
16: 1350.64, 1080.00, 0.0284

Frame: 1266, Person: 0
0: 1447.49, 330.85, 0.9958
1: 1472.12, 297.10, 0.9869
2: 1421.10, 299.14, 0.9848
3: 1521.26, 283.01, 0.8322
4: 1388.87, 287.91, 0.7536
5: 1598.14, 418.31, 0.9901
6: 1317.21, 424.35, 0.9934
7: 1691.42, 591.00, 0.9346
8: 1183.45, 597.23, 0.9513
9: 1566.09, 533.38, 0.9359
10: 1269.86, 508.01, 0.9474
11: 1531.79, 835.78, 0.9417
12: 1345.26, 837.74, 0.9485
13: 1571.84, 1027.49, 0.2284
14: 1364.16, 1020.50, 0.2477
15: 1577.59, 1080.00, 0.0197
16: 1347.42, 1080.00, 0.0213

Frame: 1267, Person: 0
0: 1454.64, 327.68, 0.9952
1: 1478.01, 296.08, 0.9800
2: 1428.11, 297.85, 0.9854
3: 1522.73, 285.91, 0.7229
4: 1391.09, 290.29, 0.7843
5: 1597.35, 413.76, 0.9848
6: 1319.06, 414.58, 0.9920
7: 1686.86, 594.61, 0.9161
8: 1181.97, 587.58, 0.9587
9: 1552.58, 541.02, 0.9200
10: 1257.75, 520.90, 0.9514
11: 1537.40, 834.31, 0.9141
12: 1351.73, 832.57, 0.9356
13: 1542.35, 1080.00, 0.1565
14: 1346.60, 1080.00, 0.1916
15: 1550.79, 1080.00, 0.0099
16: 1334.90, 1080.00, 0.0114

Frame: 1268, Person: 0
0: 1455.11, 328.96, 0.9961
1: 1480.82, 294.75, 0.9860
2: 1427.50, 297.25, 0.9874
3: 1526.60, 285.01, 0.8001
4: 1389.42, 290.04, 0.8008
5: 1600.18, 426.43, 0.9903
6: 1312.73, 428.55, 0.9942
7: 1683.83, 608.47, 0.9312
8: 1184.70, 604.53, 0.9558
9: 1555.02, 544.47, 0.9309
10: 1259.76, 520.86, 0.9495
11: 1532.68, 846.41, 0.9382
12: 1341.51, 846.81, 0.9482
13: 1570.61, 1027.79, 0.2096
14: 1352.55, 1019.22, 0.2354
15: 1571.56, 1080.00, 0.0178
16: 1339.69, 1080.00, 0.0195

Frame: 1269, Person: 0
0: 1454.76, 327.04, 0.9957
1: 1477.25, 294.17, 0.9789
2: 1427.23, 297.05, 0.9881
3: 1520.44, 283.49, 0.6791
4: 1388.05, 289.99, 0.8252
5: 1597.55, 416.39, 0.9842
6: 1317.54, 417.98, 0.9932
7: 1693.79, 609.43, 0.9047
8: 1190.84, 602.54, 0.9646
9: 1558.20, 555.80, 0.9125
10: 1274.81, 535.37, 0.9567
11: 1536.99, 841.15, 0.9048
12: 1350.43, 839.36, 0.9358
13: 1539.40, 1080.00, 0.1365
14: 1343.93, 1080.00, 0.1847
15: 1544.14, 1080.00, 0.0083
16: 1330.82, 1080.00, 0.0102

Frame: 1270, Person: 0
0: 1453.72, 326.03, 0.9957
1: 1476.29, 292.35, 0.9789
2: 1425.67, 295.42, 0.9882
3: 1519.88, 280.83, 0.6774
4: 1385.40, 287.49, 0.8266
5: 1598.38, 418.19, 0.9849
6: 1316.51, 417.77, 0.9931
7: 1697.99, 611.05, 0.9068
8: 1199.59, 602.10, 0.9634
9: 1564.48, 568.78, 0.9166
10: 1291.69, 557.54, 0.9566
11: 1537.85, 842.67, 0.9117
12: 1350.75, 840.13, 0.9394
13: 1540.01, 1080.00, 0.1550
14: 1348.94, 1080.00, 0.2057
15: 1543.51, 1080.00, 0.0099
16: 1343.36, 1080.00, 0.0120

Frame: 1271, Person: 0
0: 1452.26, 322.87, 0.9958
1: 1475.27, 288.35, 0.9798
2: 1423.35, 292.18, 0.9884
3: 1518.66, 278.56, 0.6896
4: 1381.69, 286.46, 0.8287
5: 1595.92, 422.16, 0.9864
6: 1318.19, 420.36, 0.9933
7: 1698.29, 611.00, 0.9154
8: 1211.13, 597.85, 0.9641
9: 1573.77, 588.93, 0.9236
10: 1302.33, 579.81, 0.9577
11: 1537.76, 849.45, 0.9280
12: 1353.18, 846.41, 0.9492
13: 1541.02, 1080.00, 0.1845
14: 1352.00, 1080.00, 0.2368
15: 1545.41, 1080.00, 0.0121
16: 1347.35, 1080.00, 0.0144

Frame: 1272, Person: 0
0: 1452.57, 318.73, 0.9959
1: 1475.59, 282.57, 0.9838
2: 1422.61, 289.04, 0.9876
3: 1517.63, 273.11, 0.7565
4: 1379.33, 286.44, 0.8206
5: 1596.57, 421.90, 0.9914
6: 1313.01, 430.69, 0.9935
7: 1696.17, 608.74, 0.9359
8: 1228.59, 617.00, 0.9488
9: 1572.83, 597.20, 0.9273
10: 1328.26, 614.24, 0.9346
11: 1540.83, 845.64, 0.9460
12: 1353.21, 848.63, 0.9506
13: 1564.32, 1039.00, 0.2328
14: 1359.47, 1033.33, 0.2439
15: 1565.28, 1080.00, 0.0211
16: 1365.29, 1080.00, 0.0214

Frame: 1273, Person: 0
0: 1453.53, 314.48, 0.9960
1: 1475.20, 278.32, 0.9832
2: 1422.94, 285.72, 0.9888
3: 1515.41, 270.84, 0.7398
4: 1378.47, 286.20, 0.8471
5: 1596.61, 423.87, 0.9910
6: 1313.34, 431.13, 0.9942
7: 1688.64, 606.73, 0.9288
8: 1237.50, 609.09, 0.9561
9: 1579.48, 631.60, 0.9156
10: 1349.64, 638.07, 0.9379
11: 1543.97, 839.96, 0.9416
12: 1355.67, 842.95, 0.9517
13: 1566.52, 1032.86, 0.2083
14: 1356.25, 1030.47, 0.2374
15: 1555.95, 1080.00, 0.0189
16: 1357.49, 1080.00, 0.0205

Frame: 1274, Person: 0
0: 1452.91, 312.90, 0.9952
1: 1474.04, 278.05, 0.9759
2: 1424.10, 283.74, 0.9882
3: 1512.74, 272.48, 0.6474
4: 1379.28, 283.91, 0.8565
5: 1596.47, 422.73, 0.9857
6: 1312.48, 434.05, 0.9930
7: 1689.80, 600.68, 0.9080
8: 1245.75, 609.23, 0.9613
9: 1591.12, 666.73, 0.9072
10: 1349.78, 644.77, 0.9501
11: 1550.77, 840.38, 0.9210
12: 1360.86, 844.39, 0.9445
13: 1554.53, 1080.00, 0.1680
14: 1352.24, 1080.00, 0.2187
15: 1531.94, 1080.00, 0.0117
16: 1353.34, 1080.00, 0.0139

Frame: 1275, Person: 0
0: 1453.27, 310.43, 0.9952
1: 1474.56, 275.89, 0.9755
2: 1424.31, 281.86, 0.9883
3: 1512.33, 272.11, 0.6434
4: 1378.94, 283.89, 0.8636
5: 1595.56, 422.79, 0.9864
6: 1311.20, 434.46, 0.9931
7: 1682.60, 603.04, 0.9113
8: 1248.41, 607.06, 0.9610
9: 1591.29, 709.70, 0.9018
10: 1348.76, 659.88, 0.9473
11: 1549.86, 844.81, 0.9231
12: 1360.27, 849.45, 0.9451
13: 1557.57, 1080.00, 0.1612
14: 1357.57, 1080.00, 0.2085
15: 1523.85, 1080.00, 0.0113
16: 1356.50, 1080.00, 0.0132

Frame: 1276, Person: 0
0: 1453.09, 309.04, 0.9948
1: 1474.74, 274.56, 0.9746
2: 1423.86, 280.37, 0.9873
3: 1512.80, 271.19, 0.6403
4: 1378.33, 282.41, 0.8589
5: 1596.24, 423.63, 0.9860
6: 1309.33, 432.81, 0.9922
7: 1671.66, 614.81, 0.9081
8: 1249.08, 611.11, 0.9560
9: 1594.31, 743.42, 0.8871
10: 1347.58, 671.96, 0.9374
11: 1551.98, 846.88, 0.9086
12: 1360.75, 851.21, 0.9323
13: 1560.66, 1080.00, 0.1258
14: 1357.91, 1080.00, 0.1609
15: 1516.39, 1080.00, 0.0086
16: 1355.11, 1080.00, 0.0099

Frame: 1277, Person: 0
0: 1453.09, 309.17, 0.9947
1: 1474.66, 274.01, 0.9747
2: 1423.13, 280.23, 0.9867
3: 1512.99, 269.32, 0.6445
4: 1376.89, 281.51, 0.8561
5: 1594.73, 424.49, 0.9863
6: 1307.59, 432.08, 0.9919
7: 1661.15, 622.74, 0.9100
8: 1246.40, 610.92, 0.9528
9: 1594.33, 775.20, 0.8825
10: 1348.89, 670.98, 0.9329
11: 1550.15, 846.34, 0.9090
12: 1359.05, 850.67, 0.9303
13: 1558.39, 1080.00, 0.1291
14: 1356.23, 1080.00, 0.1602
15: 1510.87, 1080.00, 0.0091
16: 1354.23, 1080.00, 0.0102

Frame: 1278, Person: 0
0: 1454.51, 308.55, 0.9945
1: 1475.84, 274.54, 0.9750
2: 1423.59, 279.87, 0.9857
3: 1512.85, 270.57, 0.6692
4: 1376.19, 282.25, 0.8426
5: 1589.52, 422.19, 0.9867
6: 1310.78, 427.61, 0.9928
7: 1651.02, 630.18, 0.9142
8: 1244.64, 607.81, 0.9591
9: 1598.60, 802.42, 0.8819
10: 1348.00, 663.60, 0.9370
11: 1544.43, 839.03, 0.9247
12: 1360.22, 841.57, 0.9422
13: 1546.92, 1080.00, 0.1531
14: 1370.19, 1080.00, 0.1910
15: 1492.48, 1080.00, 0.0109
16: 1358.60, 1080.00, 0.0125

Frame: 1279, Person: 0
0: 1454.14, 309.66, 0.9946
1: 1474.36, 274.88, 0.9746
2: 1422.76, 280.84, 0.9865
3: 1510.46, 268.86, 0.6573
4: 1375.04, 281.89, 0.8542
5: 1586.43, 423.91, 0.9862
6: 1311.79, 425.73, 0.9934
7: 1643.27, 632.12, 0.9087
8: 1243.49, 595.23, 0.9622
9: 1598.23, 809.04, 0.8783
10: 1347.22, 641.86, 0.9424
11: 1542.51, 835.62, 0.9260
12: 1361.26, 837.05, 0.9464
13: 1541.82, 1080.00, 0.1653
14: 1368.52, 1080.00, 0.2144
15: 1487.92, 1080.00, 0.0121
16: 1357.20, 1080.00, 0.0143

Frame: 1280, Person: 0
0: 1453.85, 309.05, 0.9942
1: 1473.95, 274.64, 0.9736
2: 1422.48, 280.51, 0.9850
3: 1509.14, 269.37, 0.6436
4: 1373.54, 282.10, 0.8439
5: 1580.37, 422.41, 0.9872
6: 1309.50, 426.62, 0.9919
7: 1638.29, 634.06, 0.9198
8: 1241.56, 598.47, 0.9537
9: 1598.44, 821.28, 0.8834
10: 1359.43, 614.23, 0.9332
11: 1536.30, 835.08, 0.9308
12: 1356.42, 838.24, 0.9423
13: 1540.61, 1080.00, 0.1675
14: 1367.50, 1080.00, 0.1940
15: 1490.81, 1080.00, 0.0117
16: 1348.57, 1080.00, 0.0125

Frame: 1281, Person: 0
0: 1452.95, 308.82, 0.9943
1: 1473.27, 274.49, 0.9742
2: 1421.12, 281.22, 0.9852
3: 1508.58, 270.27, 0.6513
4: 1373.33, 284.98, 0.8445
5: 1578.03, 422.56, 0.9866
6: 1310.31, 426.46, 0.9923
7: 1633.67, 638.22, 0.9168
8: 1238.80, 591.32, 0.9572
9: 1604.23, 828.07, 0.8747
10: 1343.20, 581.22, 0.9352
11: 1528.82, 840.58, 0.9253
12: 1351.85, 843.57, 0.9407
13: 1534.94, 1080.00, 0.1475
14: 1365.30, 1080.00, 0.1797
15: 1480.27, 1080.00, 0.0102
16: 1342.94, 1080.00, 0.0114

Frame: 1282, Person: 0
0: 1450.36, 308.01, 0.9945
1: 1471.44, 274.30, 0.9758
2: 1418.93, 280.86, 0.9854
3: 1507.76, 271.56, 0.6757
4: 1372.68, 286.07, 0.8417
5: 1577.85, 419.66, 0.9859
6: 1309.61, 427.95, 0.9930
7: 1637.68, 632.28, 0.9135
8: 1235.42, 587.89, 0.9616
9: 1610.91, 819.03, 0.8723
10: 1331.77, 546.17, 0.9405
11: 1531.96, 834.40, 0.9247
12: 1354.32, 839.23, 0.9439
13: 1539.77, 1080.00, 0.1499
14: 1363.92, 1080.00, 0.1924
15: 1488.06, 1080.00, 0.0106
16: 1340.16, 1080.00, 0.0124

Frame: 1283, Person: 0
0: 1449.46, 305.08, 0.9947
1: 1470.17, 271.89, 0.9757
2: 1418.55, 278.45, 0.9860
3: 1505.72, 270.23, 0.6686
4: 1373.12, 284.52, 0.8479
5: 1577.46, 416.48, 0.9861
6: 1311.07, 425.57, 0.9935
7: 1642.37, 628.70, 0.9138
8: 1232.42, 583.91, 0.9650
9: 1614.51, 812.72, 0.8729
10: 1321.14, 532.24, 0.9447
11: 1534.91, 832.95, 0.9262
12: 1358.65, 837.99, 0.9469
13: 1543.41, 1080.00, 0.1466
14: 1368.27, 1080.00, 0.1940
15: 1492.06, 1080.00, 0.0099
16: 1339.68, 1080.00, 0.0119

Frame: 1284, Person: 0
0: 1448.98, 303.31, 0.9947
1: 1469.95, 271.18, 0.9757
2: 1419.13, 276.66, 0.9862
3: 1505.14, 270.77, 0.6680
4: 1374.68, 282.43, 0.8516
5: 1576.46, 414.36, 0.9862
6: 1310.87, 422.99, 0.9938
7: 1643.40, 626.59, 0.9138
8: 1228.34, 584.37, 0.9670
9: 1618.16, 812.69, 0.8706
10: 1319.43, 530.44, 0.9462
11: 1535.38, 832.08, 0.9252
12: 1359.54, 836.92, 0.9475
13: 1542.71, 1080.00, 0.1392
14: 1367.59, 1080.00, 0.1884
15: 1491.55, 1080.00, 0.0092
16: 1335.68, 1080.00, 0.0112

Frame: 1285, Person: 0
0: 1449.33, 302.36, 0.9946
1: 1470.32, 270.09, 0.9759
2: 1419.26, 275.73, 0.9857
3: 1505.82, 269.74, 0.6789
4: 1374.94, 281.84, 0.8468
5: 1576.76, 415.08, 0.9862
6: 1311.14, 422.44, 0.9936
7: 1642.57, 627.03, 0.9144
8: 1225.55, 582.46, 0.9655
9: 1617.26, 811.58, 0.8724
10: 1319.99, 532.67, 0.9447
11: 1534.25, 831.69, 0.9254
12: 1358.85, 836.15, 0.9466
13: 1540.50, 1080.00, 0.1428
14: 1368.35, 1080.00, 0.1901
15: 1489.86, 1080.00, 0.0096
16: 1337.46, 1080.00, 0.0116

Frame: 1286, Person: 0
0: 1448.74, 302.13, 0.9945
1: 1470.55, 269.85, 0.9768
2: 1418.66, 275.07, 0.9850
3: 1507.40, 269.87, 0.6976
4: 1374.60, 281.16, 0.8344
5: 1577.35, 416.25, 0.9860
6: 1310.76, 423.59, 0.9932
7: 1641.43, 627.39, 0.9151
8: 1226.61, 583.88, 0.9631
9: 1613.55, 811.76, 0.8748
10: 1323.76, 534.87, 0.9423
11: 1533.53, 833.21, 0.9258
12: 1357.12, 837.62, 0.9453
13: 1541.26, 1080.00, 0.1466
14: 1367.57, 1080.00, 0.1902
15: 1491.77, 1080.00, 0.0100
16: 1337.73, 1080.00, 0.0119

Frame: 1287, Person: 0
0: 1448.98, 300.76, 0.9944
1: 1470.61, 268.59, 0.9767
2: 1418.76, 274.29, 0.9850
3: 1507.16, 269.97, 0.7007
4: 1374.92, 282.38, 0.8339
5: 1577.85, 418.15, 0.9857
6: 1312.13, 425.15, 0.9931
7: 1641.35, 633.08, 0.9129
8: 1229.36, 586.73, 0.9626
9: 1609.40, 820.38, 0.8696
10: 1325.14, 538.49, 0.9408
11: 1532.92, 836.32, 0.9210
12: 1357.00, 840.17, 0.9422
13: 1541.30, 1080.00, 0.1338
14: 1367.79, 1080.00, 0.1755
15: 1491.64, 1080.00, 0.0090
16: 1336.87, 1080.00, 0.0108

Frame: 1288, Person: 0
0: 1449.31, 300.91, 0.9947
1: 1471.31, 268.47, 0.9777
2: 1418.78, 274.07, 0.9854
3: 1508.22, 270.09, 0.7077
4: 1374.42, 282.40, 0.8343
5: 1577.54, 419.05, 0.9866
6: 1312.65, 426.74, 0.9934
7: 1640.87, 632.46, 0.9188
8: 1230.58, 589.02, 0.9644
9: 1607.68, 816.11, 0.8809
10: 1327.13, 541.06, 0.9449
11: 1532.37, 837.37, 0.9335
12: 1356.71, 841.51, 0.9509
13: 1541.01, 1080.00, 0.1607
14: 1367.26, 1080.00, 0.2068
15: 1493.25, 1080.00, 0.0108
16: 1335.25, 1080.00, 0.0129

Frame: 1289, Person: 0
0: 1448.79, 300.57, 0.9946
1: 1470.91, 268.35, 0.9778
2: 1418.22, 274.13, 0.9852
3: 1508.02, 270.82, 0.7159
4: 1374.15, 283.61, 0.8318
5: 1577.92, 419.56, 0.9865
6: 1312.85, 427.43, 0.9935
7: 1641.50, 633.34, 0.9179
8: 1230.33, 590.19, 0.9644
9: 1603.06, 815.61, 0.8794
10: 1327.58, 545.35, 0.9443
11: 1532.80, 837.63, 0.9315
12: 1357.25, 841.60, 0.9497
13: 1540.91, 1080.00, 0.1557
14: 1368.46, 1080.00, 0.2018
15: 1493.03, 1080.00, 0.0106
16: 1336.85, 1080.00, 0.0127

Frame: 1290, Person: 0
0: 1448.16, 301.19, 0.9961
1: 1469.17, 266.67, 0.9822
2: 1415.91, 275.43, 0.9894
3: 1505.68, 265.76, 0.7126
4: 1369.51, 283.70, 0.8782
5: 1577.41, 425.31, 0.9917
6: 1308.79, 425.85, 0.9950
7: 1641.68, 644.86, 0.9284
8: 1229.03, 597.00, 0.9611
9: 1600.04, 812.99, 0.8738
10: 1322.68, 557.69, 0.9372
11: 1534.69, 848.29, 0.9372
12: 1356.69, 850.14, 0.9512
13: 1572.75, 1032.37, 0.1549
14: 1368.17, 1048.65, 0.1919
15: 1539.07, 1080.00, 0.0136
16: 1346.04, 1080.00, 0.0153

Frame: 1291, Person: 0
0: 1447.51, 298.33, 0.9945
1: 1469.18, 265.54, 0.9782
2: 1416.39, 272.51, 0.9845
3: 1506.92, 268.03, 0.7327
4: 1373.37, 283.86, 0.8237
5: 1578.86, 418.33, 0.9864
6: 1313.98, 428.57, 0.9934
7: 1643.01, 632.93, 0.9176
8: 1229.33, 591.10, 0.9642
9: 1599.80, 806.22, 0.8817
10: 1325.73, 539.23, 0.9448
11: 1532.18, 835.62, 0.9315
12: 1357.19, 840.41, 0.9499
13: 1539.61, 1080.00, 0.1563
14: 1369.52, 1080.00, 0.2032
15: 1492.40, 1080.00, 0.0105
16: 1337.47, 1080.00, 0.0126

Frame: 1292, Person: 0
0: 1447.11, 295.83, 0.9945
1: 1468.89, 263.28, 0.9785
2: 1416.00, 270.45, 0.9847
3: 1506.97, 267.39, 0.7435
4: 1373.84, 283.75, 0.8256
5: 1579.88, 418.71, 0.9857
6: 1315.64, 429.34, 0.9936
7: 1644.53, 632.53, 0.9119
8: 1227.43, 589.48, 0.9653
9: 1595.29, 809.15, 0.8731
10: 1323.94, 537.19, 0.9450
11: 1533.97, 837.70, 0.9223
12: 1359.23, 842.45, 0.9453
13: 1544.17, 1080.00, 0.1320
14: 1373.31, 1080.00, 0.1800
15: 1496.52, 1080.00, 0.0087
16: 1337.38, 1080.00, 0.0109

Frame: 1293, Person: 0
0: 1447.92, 290.73, 0.9941
1: 1468.99, 259.25, 0.9770
2: 1417.39, 266.76, 0.9835
3: 1505.17, 266.99, 0.7498
4: 1375.68, 284.19, 0.8261
5: 1581.34, 420.06, 0.9863
6: 1314.53, 429.82, 0.9935
7: 1646.18, 631.37, 0.9142
8: 1228.23, 585.04, 0.9644
9: 1590.33, 804.09, 0.8730
10: 1325.32, 534.87, 0.9423
11: 1531.73, 835.85, 0.9220
12: 1355.20, 839.93, 0.9439
13: 1542.90, 1080.00, 0.1277
14: 1368.50, 1080.00, 0.1715
15: 1493.50, 1080.00, 0.0083
16: 1334.02, 1080.00, 0.0102

Frame: 1294, Person: 0
0: 1449.10, 287.02, 0.9959
1: 1469.99, 254.87, 0.9825
2: 1417.14, 263.77, 0.9885
3: 1506.01, 261.54, 0.7449
4: 1372.03, 280.94, 0.8671
5: 1580.28, 421.11, 0.9921
6: 1311.44, 424.93, 0.9952
7: 1644.11, 636.99, 0.9331
8: 1229.78, 590.79, 0.9625
9: 1582.35, 798.40, 0.8827
10: 1316.16, 534.04, 0.9403
11: 1532.76, 831.92, 0.9426
12: 1354.67, 834.12, 0.9551
13: 1575.58, 1017.15, 0.1713
14: 1371.24, 1033.65, 0.2111
15: 1538.49, 1079.89, 0.0149
16: 1343.12, 1080.00, 0.0169

Frame: 1295, Person: 0
0: 1450.27, 282.48, 0.9959
1: 1470.40, 250.95, 0.9820
2: 1417.63, 260.39, 0.9888
3: 1505.02, 260.29, 0.7329
4: 1371.45, 281.50, 0.8714
5: 1578.79, 418.37, 0.9915
6: 1313.68, 423.77, 0.9951
7: 1643.96, 632.39, 0.9285
8: 1230.67, 588.34, 0.9629
9: 1568.33, 774.96, 0.8824
10: 1317.79, 519.33, 0.9429
11: 1531.97, 822.64, 0.9360
12: 1355.92, 824.79, 0.9514
13: 1569.54, 1008.54, 0.1589
14: 1365.98, 1023.68, 0.2009
15: 1533.95, 1075.93, 0.0134
16: 1331.24, 1080.00, 0.0155

Frame: 1296, Person: 0
0: 1449.72, 279.51, 0.9959
1: 1469.83, 248.51, 0.9822
2: 1416.91, 258.27, 0.9885
3: 1504.62, 259.27, 0.7463
4: 1370.84, 281.66, 0.8665
5: 1579.50, 416.81, 0.9913
6: 1313.80, 422.03, 0.9951
7: 1641.16, 631.40, 0.9270
8: 1231.10, 585.65, 0.9631
9: 1548.40, 762.41, 0.8838
10: 1318.91, 515.98, 0.9433
11: 1530.03, 820.98, 0.9389
12: 1353.72, 821.93, 0.9545
13: 1555.78, 1015.37, 0.1658
14: 1354.79, 1028.02, 0.2105
15: 1518.88, 1080.00, 0.0138
16: 1320.37, 1080.00, 0.0161

Frame: 1297, Person: 0
0: 1451.46, 276.01, 0.9957
1: 1470.28, 245.18, 0.9816
2: 1417.60, 256.01, 0.9882
3: 1503.40, 256.98, 0.7396
4: 1369.90, 282.55, 0.8662
5: 1578.08, 414.95, 0.9913
6: 1313.25, 421.62, 0.9948
7: 1638.82, 626.74, 0.9287
8: 1229.79, 581.98, 0.9616
9: 1533.76, 747.47, 0.8878
10: 1319.34, 513.35, 0.9420
11: 1526.94, 826.01, 0.9393
12: 1350.82, 827.17, 0.9537
13: 1547.01, 1018.97, 0.1610
14: 1345.22, 1031.24, 0.1996
15: 1513.23, 1080.00, 0.0130
16: 1310.91, 1080.00, 0.0149

Frame: 1298, Person: 0
0: 1453.31, 273.31, 0.9957
1: 1471.11, 243.10, 0.9809
2: 1418.88, 254.53, 0.9889
3: 1502.75, 256.08, 0.7205
4: 1369.77, 283.52, 0.8751
5: 1577.20, 413.00, 0.9903
6: 1313.36, 420.61, 0.9946
7: 1635.48, 617.39, 0.9219
8: 1234.23, 574.16, 0.9613
9: 1522.08, 726.21, 0.8822
10: 1316.57, 518.70, 0.9410
11: 1528.22, 822.98, 0.9353
12: 1351.80, 824.54, 0.9522
13: 1549.44, 1024.72, 0.1462
14: 1343.12, 1036.00, 0.1857
15: 1520.42, 1080.00, 0.0115
16: 1313.08, 1080.00, 0.0132

Frame: 1299, Person: 0
0: 1454.06, 272.94, 0.9957
1: 1470.49, 242.87, 0.9795
2: 1419.80, 254.57, 0.9893
3: 1500.10, 255.57, 0.6867
4: 1369.82, 283.70, 0.8811
5: 1571.28, 410.83, 0.9896
6: 1314.98, 419.78, 0.9941
7: 1630.62, 608.55, 0.9203
8: 1236.54, 568.80, 0.9596
9: 1504.17, 701.70, 0.8875
10: 1319.75, 509.61, 0.9426
11: 1526.94, 817.87, 0.9323
12: 1353.71, 820.59, 0.9491
13: 1558.72, 1019.31, 0.1473
14: 1349.35, 1030.13, 0.1843
15: 1540.08, 1080.00, 0.0116
16: 1316.50, 1080.00, 0.0131

Frame: 1300, Person: 0
0: 1455.26, 273.30, 0.9958
1: 1470.86, 243.02, 0.9788
2: 1420.65, 254.95, 0.9898
3: 1499.46, 255.14, 0.6647
4: 1369.43, 283.81, 0.8873
5: 1569.74, 410.81, 0.9896
6: 1314.05, 419.31, 0.9942
7: 1628.40, 603.76, 0.9220
8: 1236.65, 566.75, 0.9610
9: 1492.16, 678.99, 0.8956
10: 1327.32, 517.17, 0.9464
11: 1528.66, 821.32, 0.9352
12: 1355.16, 824.70, 0.9513
13: 1567.04, 1019.12, 0.1553
14: 1356.42, 1028.30, 0.1939
15: 1553.36, 1080.00, 0.0123
16: 1326.41, 1080.00, 0.0139

Frame: 1301, Person: 0
0: 1456.18, 275.52, 0.9959
1: 1471.26, 244.05, 0.9786
2: 1420.62, 256.88, 0.9905
3: 1499.82, 253.85, 0.6512
4: 1368.43, 284.72, 0.8962
5: 1566.30, 408.32, 0.9891
6: 1315.07, 418.40, 0.9946
7: 1619.86, 592.85, 0.9190
8: 1235.96, 560.75, 0.9651
9: 1474.69, 661.39, 0.9020
10: 1338.05, 521.37, 0.9541
11: 1526.97, 809.87, 0.9386
12: 1356.71, 814.82, 0.9565
13: 1566.77, 1002.95, 0.1867
14: 1363.68, 1013.31, 0.2415
15: 1553.27, 1078.87, 0.0160
16: 1335.01, 1080.00, 0.0188

Frame: 1302, Person: 0
0: 1454.20, 277.87, 0.9956
1: 1468.84, 245.87, 0.9782
2: 1418.43, 259.24, 0.9897
3: 1497.84, 254.05, 0.6557
4: 1367.03, 285.84, 0.8875
5: 1563.09, 407.29, 0.9884
6: 1316.36, 414.22, 0.9938
7: 1616.13, 585.14, 0.9178
8: 1237.49, 550.78, 0.9616
9: 1467.66, 630.82, 0.9073
10: 1359.66, 518.81, 0.9528
11: 1525.98, 806.52, 0.9367
12: 1358.84, 810.95, 0.9537
13: 1562.84, 1000.54, 0.1914
14: 1368.54, 1008.06, 0.2415
15: 1555.16, 1078.19, 0.0166
16: 1344.62, 1080.00, 0.0192

Frame: 1303, Person: 0
0: 1452.00, 280.39, 0.9953
1: 1466.29, 248.89, 0.9770
2: 1416.68, 262.51, 0.9892
3: 1494.70, 257.79, 0.6441
4: 1365.63, 289.84, 0.8865
5: 1562.20, 407.09, 0.9876
6: 1313.47, 417.68, 0.9933
7: 1615.89, 588.64, 0.9135
8: 1244.94, 559.41, 0.9597
9: 1455.43, 621.77, 0.9017
10: 1386.63, 494.27, 0.9509
11: 1531.67, 820.02, 0.9275
12: 1361.36, 826.19, 0.9470
13: 1571.73, 1009.52, 0.1528
14: 1368.93, 1019.48, 0.1962
15: 1563.93, 1080.00, 0.0124
16: 1341.19, 1080.00, 0.0144

Frame: 1304, Person: 0
0: 1449.89, 284.29, 0.9953
1: 1463.95, 251.78, 0.9772
2: 1414.33, 266.67, 0.9894
3: 1493.40, 258.64, 0.6469
4: 1364.11, 293.35, 0.8854
5: 1559.46, 407.16, 0.9870
6: 1314.77, 420.46, 0.9936
7: 1612.36, 589.31, 0.9096
8: 1254.53, 560.66, 0.9619
9: 1445.62, 612.72, 0.9033
10: 1406.71, 476.20, 0.9550
11: 1531.15, 816.62, 0.9287
12: 1362.52, 824.25, 0.9498
13: 1577.17, 1003.13, 0.1664
14: 1373.82, 1015.47, 0.2206
15: 1573.87, 1079.65, 0.0141
16: 1347.22, 1080.00, 0.0169

Frame: 1305, Person: 0
0: 1446.98, 286.97, 0.9950
1: 1461.17, 253.86, 0.9775
2: 1411.51, 270.41, 0.9882
3: 1492.03, 258.91, 0.6726
4: 1362.91, 297.55, 0.8726
5: 1558.86, 401.46, 0.9863
6: 1314.17, 424.73, 0.9932
7: 1611.24, 578.46, 0.9087
8: 1258.76, 560.20, 0.9594
9: 1432.65, 616.31, 0.9013
10: 1411.03, 453.93, 0.9526
11: 1530.84, 811.88, 0.9284
12: 1362.50, 823.30, 0.9490
13: 1574.65, 1003.35, 0.1642
14: 1375.98, 1022.97, 0.2157
15: 1567.85, 1080.00, 0.0138
16: 1351.87, 1080.00, 0.0165

Frame: 1306, Person: 0
0: 1444.29, 289.09, 0.9951
1: 1457.51, 255.28, 0.9773
2: 1408.18, 272.71, 0.9884
3: 1487.68, 259.57, 0.6617
4: 1359.41, 300.29, 0.8759
5: 1555.79, 401.58, 0.9863
6: 1315.87, 426.71, 0.9934
7: 1605.08, 578.21, 0.9093
8: 1268.94, 556.64, 0.9622
9: 1428.50, 617.12, 0.9023
10: 1418.43, 436.10, 0.9561
11: 1536.12, 812.65, 0.9310
12: 1369.78, 825.36, 0.9520
13: 1584.91, 1000.22, 0.1710
14: 1383.48, 1023.30, 0.2291
15: 1575.65, 1080.00, 0.0144
16: 1355.26, 1080.00, 0.0175

Frame: 1307, Person: 0
0: 1440.90, 289.81, 0.9950
1: 1454.27, 255.13, 0.9779
2: 1405.01, 273.33, 0.9878
3: 1485.80, 257.33, 0.6785
4: 1357.80, 299.59, 0.8681
5: 1555.20, 398.64, 0.9863
6: 1314.52, 427.47, 0.9933
7: 1603.74, 575.01, 0.9099
8: 1267.21, 560.03, 0.9610
9: 1422.47, 612.59, 0.9034
10: 1416.72, 435.73, 0.9551
11: 1535.74, 814.83, 0.9323
12: 1368.99, 828.93, 0.9524
13: 1583.07, 1004.91, 0.1727
14: 1382.46, 1030.09, 0.2292
15: 1572.13, 1080.00, 0.0145
16: 1354.13, 1080.00, 0.0176

Frame: 1308, Person: 0
0: 1438.54, 290.92, 0.9950
1: 1452.32, 255.61, 0.9784
2: 1402.60, 273.89, 0.9879
3: 1484.95, 256.55, 0.6829
4: 1355.68, 298.70, 0.8658
5: 1554.18, 398.91, 0.9861
6: 1313.42, 426.19, 0.9932
7: 1603.68, 576.28, 0.9082
8: 1262.88, 559.28, 0.9608
9: 1420.55, 609.65, 0.9038
10: 1413.54, 438.23, 0.9555
11: 1534.36, 813.46, 0.9309
12: 1367.61, 826.85, 0.9518
13: 1581.15, 1005.88, 0.1719
14: 1381.06, 1029.35, 0.2295
15: 1572.13, 1080.00, 0.0144
16: 1352.33, 1080.00, 0.0176

Frame: 1309, Person: 0
0: 1435.31, 290.92, 0.9949
1: 1450.19, 255.55, 0.9805
2: 1400.12, 273.02, 0.9866
3: 1485.68, 256.90, 0.7344
4: 1356.42, 297.23, 0.8425
5: 1556.57, 403.41, 0.9861
6: 1314.58, 425.57, 0.9931
7: 1603.20, 581.14, 0.9095
8: 1255.52, 556.82, 0.9600
9: 1421.86, 606.38, 0.9072
10: 1405.22, 443.40, 0.9550
11: 1531.40, 815.25, 0.9290
12: 1363.19, 826.19, 0.9501
13: 1580.18, 1000.86, 0.1751
14: 1373.02, 1020.39, 0.2326
15: 1574.02, 1080.00, 0.0153
16: 1341.64, 1080.00, 0.0189

Frame: 1310, Person: 0
0: 1429.79, 290.39, 0.9949
1: 1446.72, 255.67, 0.9834
2: 1396.58, 271.02, 0.9849
3: 1486.33, 257.28, 0.7999
4: 1358.60, 292.57, 0.8046
5: 1556.07, 405.53, 0.9861
6: 1320.21, 421.33, 0.9929
7: 1611.28, 575.66, 0.9140
8: 1240.62, 549.21, 0.9586
9: 1435.55, 604.17, 0.9142
10: 1383.74, 467.39, 0.9539
11: 1525.69, 819.11, 0.9305
12: 1362.35, 826.58, 0.9500
13: 1573.25, 1008.04, 0.1824
14: 1374.74, 1018.91, 0.2368
15: 1581.58, 1080.00, 0.0165
16: 1344.17, 1080.00, 0.0204

Frame: 1311, Person: 0
0: 1424.88, 288.62, 0.9945
1: 1444.11, 254.76, 0.9856
2: 1393.15, 268.83, 0.9815
3: 1488.36, 258.41, 0.8590
4: 1360.97, 290.81, 0.7517
5: 1561.61, 409.74, 0.9871
6: 1319.08, 420.60, 0.9927
7: 1611.09, 584.06, 0.9218
8: 1228.71, 556.89, 0.9551
9: 1453.31, 595.12, 0.9202
10: 1364.56, 495.32, 0.9487
11: 1522.02, 819.97, 0.9365
12: 1355.51, 825.30, 0.9514
13: 1567.91, 1010.54, 0.2032
14: 1366.23, 1017.55, 0.2498
15: 1578.19, 1080.00, 0.0190
16: 1342.52, 1080.00, 0.0230

Frame: 1312, Person: 0
0: 1419.78, 286.84, 0.9947
1: 1441.84, 253.89, 0.9869
2: 1389.82, 265.02, 0.9807
3: 1489.53, 259.22, 0.8824
4: 1360.43, 284.53, 0.7256
5: 1563.84, 413.81, 0.9880
6: 1317.10, 419.66, 0.9933
7: 1612.49, 595.04, 0.9247
8: 1221.94, 567.31, 0.9563
9: 1457.37, 587.48, 0.9234
10: 1348.38, 508.40, 0.9487
11: 1522.80, 824.43, 0.9409
12: 1353.94, 827.08, 0.9549
13: 1564.51, 1020.93, 0.2155
14: 1363.22, 1021.84, 0.2634
15: 1575.50, 1080.00, 0.0200
16: 1342.13, 1080.00, 0.0244

Frame: 1313, Person: 0
0: 1411.68, 283.90, 0.9943
1: 1436.33, 252.23, 0.9882
2: 1384.31, 260.63, 0.9761
3: 1488.34, 260.07, 0.9113
4: 1360.30, 278.85, 0.6591
5: 1563.72, 416.42, 0.9888
6: 1315.83, 421.10, 0.9924
7: 1618.45, 595.03, 0.9320
8: 1220.24, 572.51, 0.9483
9: 1483.32, 592.33, 0.9291
10: 1346.18, 510.47, 0.9412
11: 1518.14, 822.39, 0.9428
12: 1349.66, 824.39, 0.9516
13: 1559.62, 1019.41, 0.2324
14: 1365.18, 1019.62, 0.2634
15: 1573.07, 1080.00, 0.0222
16: 1351.53, 1080.00, 0.0257

Frame: 1314, Person: 0
0: 1404.36, 280.44, 0.9940
1: 1430.17, 249.61, 0.9889
2: 1378.50, 257.25, 0.9726
3: 1485.87, 259.40, 0.9274
4: 1359.20, 275.98, 0.6194
5: 1564.63, 416.21, 0.9892
6: 1315.83, 420.43, 0.9924
7: 1619.20, 590.73, 0.9344
8: 1222.29, 569.07, 0.9474
9: 1505.97, 595.53, 0.9291
10: 1356.50, 504.67, 0.9388
11: 1520.68, 818.88, 0.9452
12: 1351.93, 820.92, 0.9529
13: 1559.00, 1012.02, 0.2428
14: 1366.31, 1014.07, 0.2726
15: 1568.99, 1080.00, 0.0240
16: 1354.63, 1080.00, 0.0280

Frame: 1315, Person: 0
0: 1393.88, 277.15, 0.9932
1: 1422.32, 247.74, 0.9896
2: 1371.00, 253.32, 0.9638
3: 1483.91, 261.98, 0.9435
4: 1358.10, 272.50, 0.5244
5: 1567.44, 421.17, 0.9897
6: 1314.11, 419.81, 0.9901
7: 1627.02, 596.06, 0.9407
8: 1225.90, 568.22, 0.9314
9: 1527.56, 591.33, 0.9341
10: 1377.92, 487.93, 0.9253
11: 1522.79, 824.72, 0.9424
12: 1350.87, 824.10, 0.9429
13: 1557.71, 1011.56, 0.2348
14: 1364.21, 1010.25, 0.2389
15: 1568.37, 1080.00, 0.0230
16: 1356.86, 1080.00, 0.0248

Frame: 1316, Person: 0
0: 1385.36, 276.46, 0.9917
1: 1413.97, 248.52, 0.9861
2: 1364.16, 252.24, 0.9587
3: 1479.70, 262.92, 0.9355
4: 1355.09, 269.34, 0.5023
5: 1565.05, 411.30, 0.9855
6: 1317.29, 411.94, 0.9904
7: 1635.98, 590.46, 0.9285
8: 1237.16, 559.92, 0.9530
9: 1549.72, 596.52, 0.9288
10: 1404.43, 501.43, 0.9407
11: 1530.84, 810.37, 0.9419
12: 1360.08, 809.48, 0.9516
13: 1546.50, 1062.76, 0.2487
14: 1361.92, 1059.00, 0.2920
15: 1552.33, 1080.00, 0.0206
16: 1332.77, 1080.00, 0.0257

Frame: 1317, Person: 0
0: 1376.15, 276.42, 0.9919
1: 1406.68, 247.41, 0.9900
2: 1357.57, 252.05, 0.9468
3: 1478.02, 262.11, 0.9556
4: 1355.39, 267.89, 0.3944
5: 1569.83, 423.77, 0.9911
6: 1312.04, 412.92, 0.9856
7: 1631.25, 595.37, 0.9535
8: 1234.17, 556.53, 0.9026
9: 1559.72, 592.55, 0.9434
10: 1398.90, 506.81, 0.8984
11: 1520.99, 829.43, 0.9506
12: 1345.17, 824.62, 0.9377
13: 1556.51, 1019.43, 0.2623
14: 1357.23, 1013.61, 0.2247
15: 1568.25, 1080.00, 0.0260
16: 1358.83, 1080.00, 0.0244

Frame: 1318, Person: 0
0: 1372.03, 274.55, 0.9917
1: 1402.73, 246.29, 0.9898
2: 1354.72, 250.50, 0.9442
3: 1475.15, 262.20, 0.9573
4: 1354.73, 266.63, 0.3883
5: 1569.52, 422.60, 0.9915
6: 1309.94, 410.97, 0.9865
7: 1632.88, 594.66, 0.9552
8: 1231.18, 559.14, 0.9081
9: 1558.72, 586.33, 0.9453
10: 1402.44, 520.96, 0.9012
11: 1523.37, 821.97, 0.9554
12: 1346.43, 816.73, 0.9443
13: 1556.29, 1016.67, 0.2880
14: 1355.40, 1008.41, 0.2499
15: 1570.21, 1080.00, 0.0292
16: 1359.25, 1080.00, 0.0277

Frame: 1319, Person: 0
0: 1372.81, 272.44, 0.9918
1: 1403.34, 244.31, 0.9900
2: 1355.37, 248.69, 0.9439
3: 1475.12, 261.13, 0.9590
4: 1355.41, 266.05, 0.3883
5: 1570.14, 422.06, 0.9924
6: 1307.83, 411.91, 0.9871
7: 1637.48, 595.21, 0.9601
8: 1224.92, 566.30, 0.9093
9: 1565.33, 576.49, 0.9500
10: 1395.95, 531.53, 0.9017
11: 1522.98, 827.55, 0.9618
12: 1344.23, 823.49, 0.9500
13: 1563.31, 1022.83, 0.3174
14: 1357.15, 1014.68, 0.2688
15: 1580.64, 1080.00, 0.0326
16: 1359.77, 1080.00, 0.0302

Frame: 1320, Person: 0
0: 1375.23, 269.60, 0.9929
1: 1405.91, 241.87, 0.9905
2: 1357.73, 245.70, 0.9532
3: 1475.72, 260.19, 0.9585
4: 1356.70, 264.44, 0.4393
5: 1571.22, 420.60, 0.9924
6: 1303.38, 415.63, 0.9902
7: 1639.35, 593.33, 0.9569
8: 1210.40, 580.07, 0.9269
9: 1570.10, 555.24, 0.9476
10: 1360.38, 543.39, 0.9146
11: 1527.24, 827.32, 0.9600
12: 1345.85, 825.60, 0.9538
13: 1564.24, 1017.14, 0.3045
14: 1351.70, 1010.08, 0.2785
15: 1581.49, 1080.00, 0.0305
16: 1357.68, 1080.00, 0.0304

Frame: 1321, Person: 0
0: 1373.69, 266.80, 0.9926
1: 1405.21, 239.26, 0.9905
2: 1356.75, 242.70, 0.9493
3: 1475.69, 258.93, 0.9599
4: 1356.88, 262.01, 0.4222
5: 1573.84, 421.52, 0.9930
6: 1298.86, 415.90, 0.9893
7: 1642.27, 599.01, 0.9590
8: 1205.21, 584.89, 0.9146
9: 1594.09, 567.25, 0.9455
10: 1331.29, 557.25, 0.8975
11: 1525.26, 827.40, 0.9581
12: 1341.90, 825.58, 0.9474
13: 1560.41, 1009.09, 0.2965
14: 1352.45, 1003.64, 0.2553
15: 1566.85, 1080.00, 0.0298
16: 1367.64, 1080.00, 0.0282

Frame: 1322, Person: 0
0: 1374.34, 263.26, 0.9931
1: 1406.88, 236.03, 0.9908
2: 1357.04, 238.86, 0.9546
3: 1476.80, 258.45, 0.9595
4: 1355.57, 260.30, 0.4473
5: 1575.07, 422.72, 0.9927
6: 1294.37, 418.32, 0.9901
7: 1650.36, 599.31, 0.9558
8: 1196.43, 588.78, 0.9192
9: 1601.68, 568.87, 0.9408
10: 1309.14, 562.63, 0.8987
11: 1524.36, 834.92, 0.9517
12: 1337.68, 833.17, 0.9427
13: 1560.90, 1009.34, 0.2527
14: 1347.32, 1002.74, 0.2246
15: 1567.37, 1080.00, 0.0243
16: 1363.58, 1080.00, 0.0237

Frame: 1323, Person: 0
0: 1377.98, 260.88, 0.9936
1: 1410.23, 233.10, 0.9902
2: 1359.26, 236.65, 0.9628
3: 1478.35, 255.09, 0.9518
4: 1353.81, 259.40, 0.4954
5: 1573.51, 420.12, 0.9911
6: 1293.05, 423.78, 0.9913
7: 1650.05, 598.01, 0.9433
8: 1190.62, 599.28, 0.9295
9: 1593.62, 564.72, 0.9258
10: 1282.79, 575.30, 0.9018
11: 1519.92, 844.57, 0.9344
12: 1333.26, 844.78, 0.9303
13: 1563.65, 1017.23, 0.1585
14: 1351.74, 1011.24, 0.1561
15: 1563.27, 1080.00, 0.0134
16: 1347.76, 1080.00, 0.0144

Frame: 1324, Person: 0
0: 1376.35, 257.81, 0.9938
1: 1407.59, 229.40, 0.9903
2: 1356.97, 234.54, 0.9645
3: 1475.20, 250.28, 0.9524
4: 1351.41, 258.80, 0.5049
5: 1570.88, 413.65, 0.9913
6: 1293.83, 425.71, 0.9922
7: 1650.37, 592.79, 0.9445
8: 1188.38, 606.38, 0.9367
9: 1573.26, 560.84, 0.9302
10: 1280.69, 571.78, 0.9129
11: 1519.59, 838.19, 0.9414
12: 1334.80, 841.52, 0.9399
13: 1567.45, 1016.16, 0.1830
14: 1357.02, 1013.38, 0.1856
15: 1573.47, 1080.00, 0.0157
16: 1348.75, 1080.00, 0.0173

Frame: 1325, Person: 0
0: 1372.47, 257.64, 0.9933
1: 1404.24, 228.76, 0.9904
2: 1353.89, 233.93, 0.9597
3: 1473.23, 249.60, 0.9554
4: 1349.68, 258.21, 0.4605
5: 1572.27, 415.91, 0.9910
6: 1291.20, 431.32, 0.9904
7: 1655.59, 601.18, 0.9429
8: 1189.81, 616.61, 0.9175
9: 1560.07, 566.03, 0.9281
10: 1266.76, 563.00, 0.8942
11: 1517.43, 845.58, 0.9298
12: 1330.55, 848.80, 0.9215
13: 1561.37, 1020.57, 0.1586
14: 1351.47, 1017.55, 0.1485
15: 1568.69, 1080.00, 0.0133
16: 1350.80, 1080.00, 0.0137

Frame: 1326, Person: 0
0: 1370.06, 257.02, 0.9933
1: 1401.83, 228.58, 0.9905
2: 1352.08, 233.89, 0.9579
3: 1471.36, 249.88, 0.9569
4: 1348.53, 258.82, 0.4406
5: 1568.86, 413.03, 0.9915
6: 1291.74, 431.49, 0.9901
7: 1650.02, 594.35, 0.9495
8: 1195.93, 615.16, 0.9170
9: 1545.31, 570.01, 0.9356
10: 1277.15, 565.22, 0.8962
11: 1516.54, 838.43, 0.9419
12: 1330.99, 842.97, 0.9315
13: 1566.20, 1022.93, 0.1910
14: 1355.00, 1021.52, 0.1719
15: 1578.72, 1080.00, 0.0161
16: 1354.50, 1080.00, 0.0162

Frame: 1327, Person: 0
0: 1369.95, 257.12, 0.9932
1: 1401.53, 228.78, 0.9905
2: 1351.86, 234.52, 0.9567
3: 1470.90, 249.72, 0.9578
4: 1348.06, 259.87, 0.4296
5: 1567.01, 411.14, 0.9918
6: 1293.45, 430.92, 0.9900
7: 1645.72, 591.05, 0.9525
8: 1201.59, 612.05, 0.9169
9: 1529.66, 572.01, 0.9392
10: 1283.25, 564.35, 0.8971
11: 1512.36, 837.22, 0.9490
12: 1328.58, 841.68, 0.9383
13: 1560.45, 1028.60, 0.2143
14: 1351.74, 1027.13, 0.1891
15: 1574.81, 1080.00, 0.0183
16: 1350.77, 1080.00, 0.0181

Frame: 1328, Person: 0
0: 1370.53, 257.29, 0.9931
1: 1401.95, 229.24, 0.9904
2: 1352.40, 234.75, 0.9568
3: 1470.59, 249.65, 0.9575
4: 1347.61, 259.67, 0.4334
5: 1564.68, 408.28, 0.9919
6: 1292.90, 430.54, 0.9902
7: 1639.85, 584.15, 0.9540
8: 1204.77, 609.89, 0.9199
9: 1514.52, 576.98, 0.9412
10: 1293.71, 566.12, 0.9009
11: 1511.76, 831.70, 0.9552
12: 1328.72, 837.31, 0.9458
13: 1559.58, 1033.02, 0.2404
14: 1353.66, 1033.05, 0.2129
15: 1573.13, 1080.00, 0.0209
16: 1353.15, 1080.00, 0.0206

Frame: 1329, Person: 0
0: 1371.13, 257.22, 0.9927
1: 1402.14, 229.49, 0.9901
2: 1352.92, 235.18, 0.9539
3: 1470.60, 249.84, 0.9576
4: 1347.72, 260.17, 0.4218
5: 1562.83, 407.07, 0.9917
6: 1295.31, 427.61, 0.9892
7: 1634.31, 578.61, 0.9544
8: 1205.88, 601.29, 0.9145
9: 1501.18, 578.87, 0.9411
10: 1313.85, 568.47, 0.8957
11: 1513.22, 832.11, 0.9567
12: 1332.48, 837.24, 0.9459
13: 1554.86, 1042.83, 0.2392
14: 1355.84, 1041.63, 0.2058
15: 1571.05, 1080.00, 0.0206
16: 1353.50, 1080.00, 0.0198

Frame: 1330, Person: 0
0: 1370.96, 257.13, 0.9926
1: 1402.28, 229.58, 0.9900
2: 1353.02, 234.70, 0.9543
3: 1470.67, 250.44, 0.9568
4: 1347.59, 259.35, 0.4277
5: 1562.63, 408.28, 0.9911
6: 1293.55, 427.69, 0.9891
7: 1629.00, 579.72, 0.9509
8: 1206.50, 600.85, 0.9136
9: 1493.10, 580.51, 0.9369
10: 1318.47, 568.96, 0.8936
11: 1515.77, 837.23, 0.9523
12: 1333.68, 842.08, 0.9421
13: 1554.54, 1046.99, 0.2148
14: 1354.36, 1045.44, 0.1874
15: 1569.37, 1080.00, 0.0181
16: 1355.44, 1080.00, 0.0176

Frame: 1331, Person: 0
0: 1371.26, 257.70, 0.9930
1: 1402.42, 230.04, 0.9903
2: 1353.28, 234.89, 0.9563
3: 1470.89, 251.02, 0.9579
4: 1347.63, 259.44, 0.4353
5: 1561.75, 409.88, 0.9916
6: 1295.54, 427.50, 0.9905
7: 1625.43, 579.90, 0.9542
8: 1204.14, 597.50, 0.9262
9: 1478.43, 585.16, 0.9430
10: 1322.81, 572.60, 0.9094
11: 1517.81, 836.82, 0.9605
12: 1336.45, 841.01, 0.9536
13: 1559.20, 1050.75, 0.2556
14: 1356.21, 1047.25, 0.2306
15: 1577.69, 1080.00, 0.0222
16: 1351.74, 1080.00, 0.0222

Frame: 1332, Person: 0
0: 1371.01, 258.09, 0.9928
1: 1402.32, 230.30, 0.9902
2: 1353.29, 235.26, 0.9539
3: 1471.44, 251.68, 0.9585
4: 1348.48, 260.19, 0.4178
5: 1562.14, 412.10, 0.9914
6: 1297.42, 427.65, 0.9896
7: 1624.15, 585.85, 0.9535
8: 1203.22, 598.92, 0.9204
9: 1470.12, 579.32, 0.9431
10: 1320.49, 567.85, 0.9051
11: 1515.19, 839.34, 0.9560
12: 1334.55, 842.01, 0.9472
13: 1552.50, 1047.16, 0.2383
14: 1349.28, 1041.24, 0.2100
15: 1574.35, 1080.00, 0.0204
16: 1344.07, 1080.00, 0.0201

Frame: 1333, Person: 0
0: 1371.21, 258.80, 0.9920
1: 1402.19, 231.55, 0.9880
2: 1353.04, 236.08, 0.9556
3: 1469.85, 253.59, 0.9510
4: 1348.69, 261.82, 0.4602
5: 1558.07, 406.50, 0.9877
6: 1303.22, 425.46, 0.9893
7: 1628.78, 580.91, 0.9362
8: 1206.00, 601.18, 0.9325
9: 1470.22, 586.79, 0.9288
10: 1330.67, 561.24, 0.9175
11: 1509.83, 830.76, 0.9358
12: 1336.01, 833.54, 0.9369
13: 1537.24, 1079.41, 0.1612
14: 1353.47, 1073.71, 0.1669
15: 1546.05, 1080.00, 0.0113
16: 1328.11, 1080.00, 0.0126

Frame: 1334, Person: 0
0: 1369.80, 259.63, 0.9905
1: 1400.45, 233.38, 0.9860
2: 1353.18, 235.92, 0.9475
3: 1468.74, 255.11, 0.9474
4: 1351.15, 259.02, 0.4386
5: 1555.25, 403.40, 0.9863
6: 1306.60, 421.05, 0.9881
7: 1633.58, 577.32, 0.9367
8: 1205.94, 595.91, 0.9351
9: 1473.82, 583.83, 0.9291
10: 1326.70, 546.29, 0.9199
11: 1515.75, 833.57, 0.9271
12: 1343.23, 835.65, 0.9294
13: 1541.29, 1080.00, 0.1596
14: 1348.02, 1079.36, 0.1671
15: 1557.77, 1080.00, 0.0109
16: 1316.23, 1080.00, 0.0123

Frame: 1335, Person: 0
0: 1371.83, 259.08, 0.9932
1: 1403.49, 231.00, 0.9900
2: 1354.01, 235.98, 0.9598
3: 1472.65, 251.70, 0.9536
4: 1349.74, 260.46, 0.4594
5: 1560.33, 409.82, 0.9896
6: 1298.35, 431.71, 0.9905
7: 1626.75, 586.09, 0.9404
8: 1199.15, 609.25, 0.9269
9: 1474.50, 586.16, 0.9299
10: 1307.38, 547.33, 0.9111
11: 1509.86, 839.85, 0.9356
12: 1332.19, 844.58, 0.9327
13: 1548.96, 1033.33, 0.1692
14: 1352.35, 1031.63, 0.1666
15: 1562.96, 1080.00, 0.0140
16: 1338.96, 1080.00, 0.0151

Frame: 1336, Person: 0
0: 1371.75, 259.51, 0.9933
1: 1403.82, 231.51, 0.9901
2: 1354.27, 235.95, 0.9613
3: 1472.91, 251.99, 0.9534
4: 1350.27, 259.70, 0.4692
5: 1561.80, 410.26, 0.9895
6: 1296.10, 432.89, 0.9912
7: 1626.27, 589.55, 0.9377
8: 1200.08, 613.01, 0.9304
9: 1477.14, 586.47, 0.9267
10: 1291.40, 542.67, 0.9131
11: 1508.81, 840.17, 0.9338
12: 1329.28, 844.71, 0.9336
13: 1546.00, 1031.03, 0.1659
14: 1346.61, 1029.97, 0.1686
15: 1554.25, 1080.00, 0.0137
16: 1337.44, 1080.00, 0.0151

Frame: 1337, Person: 0
0: 1370.75, 260.89, 0.9916
1: 1402.09, 234.80, 0.9866
2: 1354.08, 236.44, 0.9553
3: 1469.00, 256.31, 0.9459
4: 1350.48, 258.80, 0.4749
5: 1558.64, 405.46, 0.9861
6: 1299.08, 423.75, 0.9902
7: 1631.94, 581.80, 0.9312
8: 1205.98, 600.55, 0.9444
9: 1479.95, 587.85, 0.9227
10: 1290.20, 554.28, 0.9254
11: 1512.34, 834.72, 0.9248
12: 1334.55, 836.34, 0.9342
13: 1534.19, 1080.00, 0.1539
14: 1337.24, 1075.79, 0.1749
15: 1535.36, 1080.00, 0.0105
16: 1318.54, 1080.00, 0.0126

Frame: 1338, Person: 0
0: 1371.91, 260.61, 0.9924
1: 1404.00, 233.18, 0.9899
2: 1354.50, 237.26, 0.9530
3: 1472.52, 254.13, 0.9563
4: 1349.34, 261.00, 0.4201
5: 1561.94, 413.42, 0.9907
6: 1292.00, 431.91, 0.9885
7: 1623.39, 592.97, 0.9479
8: 1200.39, 610.98, 0.9058
9: 1478.28, 585.08, 0.9328
10: 1292.90, 557.57, 0.8860
11: 1506.57, 843.12, 0.9420
12: 1323.66, 846.38, 0.9293
13: 1543.60, 1039.58, 0.1857
14: 1337.43, 1036.60, 0.1593
15: 1554.40, 1080.00, 0.0155
16: 1334.34, 1080.00, 0.0150

Frame: 1339, Person: 0
0: 1372.83, 260.88, 0.9928
1: 1404.29, 233.41, 0.9898
2: 1355.10, 237.34, 0.9571
3: 1471.48, 253.69, 0.9554
4: 1348.98, 260.36, 0.4537
5: 1562.55, 413.05, 0.9906
6: 1290.85, 430.43, 0.9902
7: 1622.68, 591.04, 0.9451
8: 1201.91, 610.02, 0.9203
9: 1478.70, 587.47, 0.9302
10: 1305.35, 580.64, 0.8966
11: 1512.65, 842.47, 0.9444
12: 1328.59, 846.06, 0.9378
13: 1548.30, 1043.08, 0.1888
14: 1341.65, 1039.19, 0.1743
15: 1558.39, 1080.00, 0.0159
16: 1342.58, 1080.00, 0.0162

Frame: 1340, Person: 0
0: 1374.33, 261.04, 0.9930
1: 1404.85, 233.33, 0.9899
2: 1356.26, 237.64, 0.9581
3: 1471.23, 252.92, 0.9560
4: 1349.86, 260.68, 0.4562
5: 1562.29, 413.42, 0.9909
6: 1296.01, 427.09, 0.9908
7: 1620.58, 590.05, 0.9477
8: 1204.17, 599.53, 0.9278
9: 1469.97, 590.55, 0.9351
10: 1309.70, 583.17, 0.9068
11: 1513.11, 837.26, 0.9504
12: 1331.72, 839.12, 0.9456
13: 1549.37, 1042.39, 0.2140
14: 1342.51, 1035.71, 0.2011
15: 1564.51, 1080.00, 0.0183
16: 1339.60, 1080.00, 0.0190

Frame: 1341, Person: 0
0: 1374.47, 261.93, 0.9912
1: 1404.37, 235.51, 0.9859
2: 1356.55, 237.51, 0.9545
3: 1468.32, 257.13, 0.9445
4: 1350.09, 260.79, 0.4843
5: 1557.19, 410.59, 0.9866
6: 1303.54, 423.78, 0.9901
7: 1627.48, 587.86, 0.9334
8: 1210.32, 602.42, 0.9438
9: 1468.59, 580.13, 0.9290
10: 1313.65, 578.48, 0.9283
11: 1517.75, 828.92, 0.9335
12: 1343.41, 828.89, 0.9407
13: 1535.75, 1080.00, 0.1911
14: 1343.66, 1073.30, 0.2112
15: 1545.09, 1080.00, 0.0137
16: 1324.29, 1080.00, 0.0161

Frame: 1342, Person: 0
0: 1375.34, 260.69, 0.9925
1: 1406.26, 233.71, 0.9879
2: 1356.23, 236.98, 0.9622
3: 1469.66, 255.66, 0.9457
4: 1347.46, 262.22, 0.5098
5: 1556.90, 407.96, 0.9872
6: 1296.68, 430.75, 0.9909
7: 1624.42, 586.70, 0.9295
8: 1213.12, 617.98, 0.9396
9: 1470.97, 591.86, 0.9227
10: 1324.44, 577.42, 0.9225
11: 1511.08, 828.25, 0.9322
12: 1335.29, 833.02, 0.9390
13: 1535.62, 1072.82, 0.1621
14: 1354.10, 1069.83, 0.1797
15: 1533.84, 1080.00, 0.0117
16: 1341.28, 1080.00, 0.0137

Frame: 1343, Person: 0
0: 1374.89, 262.07, 0.9915
1: 1405.31, 235.89, 0.9856
2: 1356.38, 237.72, 0.9581
3: 1467.68, 258.52, 0.9399
4: 1347.54, 262.25, 0.5123
5: 1555.60, 407.82, 0.9861
6: 1298.35, 429.65, 0.9906
7: 1629.53, 586.08, 0.9296
8: 1212.96, 616.91, 0.9460
9: 1470.63, 588.87, 0.9216
10: 1310.19, 577.52, 0.9273
11: 1518.12, 832.67, 0.9255
12: 1341.96, 836.25, 0.9359
13: 1536.77, 1080.00, 0.1593
14: 1345.37, 1077.27, 0.1827
15: 1538.14, 1080.00, 0.0110
16: 1327.15, 1080.00, 0.0133

Frame: 1344, Person: 0
0: 1373.98, 262.84, 0.9915
1: 1404.19, 236.42, 0.9856
2: 1355.30, 238.45, 0.9577
3: 1466.74, 258.28, 0.9402
4: 1346.69, 262.42, 0.5094
5: 1554.88, 407.91, 0.9862
6: 1299.37, 428.43, 0.9905
7: 1629.39, 585.96, 0.9299
8: 1212.43, 614.07, 0.9458
9: 1470.52, 589.23, 0.9221
10: 1310.26, 579.95, 0.9273
11: 1517.56, 832.98, 0.9256
12: 1342.57, 835.98, 0.9358
13: 1535.98, 1080.00, 0.1599
14: 1346.11, 1076.25, 0.1831
15: 1538.34, 1080.00, 0.0111
16: 1326.48, 1080.00, 0.0134

Frame: 1345, Person: 0
0: 1373.84, 262.96, 0.9918
1: 1404.18, 236.56, 0.9861
2: 1355.00, 238.52, 0.9596
3: 1466.72, 258.43, 0.9400
4: 1345.73, 262.47, 0.5130
5: 1554.67, 408.02, 0.9861
6: 1298.19, 428.33, 0.9908
7: 1629.47, 584.79, 0.9299
8: 1209.98, 611.93, 0.9479
9: 1468.17, 590.31, 0.9232
10: 1306.55, 579.72, 0.9303
11: 1517.44, 832.92, 0.9276
12: 1341.61, 835.81, 0.9385
13: 1537.27, 1080.00, 0.1649
14: 1345.28, 1076.90, 0.1909
15: 1541.06, 1080.00, 0.0115
16: 1325.62, 1080.00, 0.0140

Frame: 1346, Person: 0
0: 1374.48, 263.12, 0.9917
1: 1404.51, 236.68, 0.9857
2: 1355.51, 238.70, 0.9598
3: 1466.55, 258.52, 0.9389
4: 1345.97, 262.57, 0.5217
5: 1553.93, 408.55, 0.9857
6: 1298.78, 427.58, 0.9908
7: 1629.93, 584.58, 0.9274
8: 1206.53, 609.24, 0.9483
9: 1469.37, 591.39, 0.9207
10: 1310.06, 577.81, 0.9306
11: 1518.26, 832.96, 0.9229
12: 1343.05, 835.62, 0.9355
13: 1538.51, 1080.00, 0.1540
14: 1346.00, 1074.21, 0.1810
15: 1544.93, 1080.00, 0.0108
16: 1323.64, 1080.00, 0.0132

Frame: 1347, Person: 0
0: 1374.84, 264.04, 0.9917
1: 1404.82, 237.15, 0.9858
2: 1355.55, 239.40, 0.9596
3: 1467.44, 257.58, 0.9384
4: 1346.06, 262.16, 0.5162
5: 1554.57, 408.49, 0.9853
6: 1299.67, 426.69, 0.9906
7: 1628.88, 586.99, 0.9257
8: 1206.59, 608.99, 0.9469
9: 1470.88, 592.52, 0.9194
10: 1309.27, 577.36, 0.9292
11: 1517.77, 834.98, 0.9198
12: 1342.97, 837.42, 0.9328
13: 1537.27, 1080.00, 0.1473
14: 1347.23, 1077.37, 0.1733
15: 1543.82, 1080.00, 0.0102
16: 1325.93, 1080.00, 0.0125

Frame: 1348, Person: 0
0: 1374.95, 264.21, 0.9920
1: 1405.02, 237.34, 0.9862
2: 1355.58, 239.57, 0.9615
3: 1467.64, 257.98, 0.9378
4: 1345.98, 262.55, 0.5239
5: 1554.52, 408.15, 0.9851
6: 1300.17, 427.24, 0.9910
7: 1629.40, 587.32, 0.9245
8: 1206.59, 610.54, 0.9498
9: 1471.38, 593.58, 0.9188
10: 1307.65, 575.33, 0.9324
11: 1518.75, 835.57, 0.9197
12: 1344.20, 838.28, 0.9347
13: 1537.78, 1080.00, 0.1469
14: 1346.90, 1078.28, 0.1769
15: 1543.81, 1080.00, 0.0102
16: 1323.24, 1080.00, 0.0127

Frame: 1349, Person: 0
0: 1375.91, 264.81, 0.9919
1: 1405.73, 237.89, 0.9860
2: 1356.29, 240.40, 0.9612
3: 1467.81, 258.37, 0.9372
4: 1346.35, 263.71, 0.5248
5: 1554.95, 407.89, 0.9853
6: 1300.52, 427.60, 0.9909
7: 1628.90, 587.97, 0.9255
8: 1208.56, 611.50, 0.9491
9: 1471.79, 594.13, 0.9189
10: 1307.82, 575.71, 0.9313
11: 1518.50, 834.39, 0.9202
12: 1343.85, 837.43, 0.9343
13: 1538.93, 1080.00, 0.1476
14: 1347.09, 1077.86, 0.1761
15: 1544.26, 1080.00, 0.0102
16: 1323.42, 1080.00, 0.0126

Frame: 1350, Person: 0
0: 1377.03, 265.06, 0.9924
1: 1407.43, 238.01, 0.9866
2: 1356.79, 240.41, 0.9643
3: 1469.53, 258.68, 0.9349
4: 1345.01, 263.79, 0.5323
5: 1554.98, 408.07, 0.9849
6: 1299.45, 428.61, 0.9910
7: 1629.88, 586.54, 0.9243
8: 1209.88, 611.72, 0.9507
9: 1474.15, 595.81, 0.9188
10: 1306.49, 576.80, 0.9336
11: 1518.48, 835.65, 0.9199
12: 1342.97, 839.05, 0.9352
13: 1540.53, 1080.00, 0.1478
14: 1347.34, 1077.74, 0.1790
15: 1544.98, 1080.00, 0.0104
16: 1323.38, 1080.00, 0.0130

Frame: 1351, Person: 0
0: 1378.06, 265.07, 0.9924
1: 1408.12, 238.24, 0.9863
2: 1357.66, 240.85, 0.9650
3: 1469.33, 259.18, 0.9330
4: 1345.46, 264.90, 0.5408
5: 1554.25, 406.98, 0.9846
6: 1300.65, 428.50, 0.9912
7: 1629.74, 586.76, 0.9230
8: 1212.02, 613.09, 0.9523
9: 1471.86, 595.33, 0.9177
10: 1309.74, 574.38, 0.9352
11: 1519.09, 833.15, 0.9194
12: 1344.83, 836.94, 0.9360
13: 1540.83, 1080.00, 0.1464
14: 1349.45, 1078.13, 0.1803
15: 1546.89, 1080.00, 0.0102
16: 1325.18, 1080.00, 0.0129

Frame: 1352, Person: 0
0: 1379.42, 266.61, 0.9925
1: 1409.93, 239.78, 0.9863
2: 1358.71, 242.00, 0.9656
3: 1471.27, 260.37, 0.9304
4: 1345.32, 265.23, 0.5387
5: 1554.44, 407.44, 0.9837
6: 1300.71, 428.07, 0.9907
7: 1629.95, 587.82, 0.9196
8: 1214.61, 611.97, 0.9502
9: 1471.34, 599.29, 0.9148
10: 1315.55, 571.67, 0.9332
11: 1518.78, 832.87, 0.9122
12: 1344.37, 836.26, 0.9302
13: 1539.40, 1080.00, 0.1349
14: 1349.49, 1076.89, 0.1664
15: 1544.95, 1080.00, 0.0094
16: 1325.98, 1080.00, 0.0119

Frame: 1353, Person: 0
0: 1380.27, 268.64, 0.9926
1: 1411.23, 241.24, 0.9865
2: 1358.77, 243.68, 0.9669
3: 1473.21, 260.53, 0.9275
4: 1343.80, 265.88, 0.5370
5: 1555.79, 407.88, 0.9826
6: 1299.25, 428.30, 0.9903
7: 1632.45, 589.77, 0.9154
8: 1214.55, 610.93, 0.9492
9: 1473.11, 606.72, 0.9110
10: 1313.99, 571.07, 0.9321
11: 1517.48, 834.46, 0.9031
12: 1340.94, 837.80, 0.9236
13: 1542.80, 1080.00, 0.1212
14: 1349.59, 1074.41, 0.1521
15: 1548.86, 1080.00, 0.0085
16: 1326.78, 1080.00, 0.0109

Frame: 1354, Person: 0
0: 1383.17, 270.39, 0.9925
1: 1413.36, 242.48, 0.9859
2: 1361.04, 245.51, 0.9674
3: 1474.03, 260.25, 0.9244
4: 1344.88, 267.21, 0.5522
5: 1557.48, 408.97, 0.9824
6: 1298.79, 429.50, 0.9904
7: 1636.53, 594.11, 0.9115
8: 1214.00, 610.67, 0.9485
9: 1476.59, 616.74, 0.9064
10: 1315.09, 565.26, 0.9307
11: 1515.32, 834.98, 0.8971
12: 1338.32, 838.46, 0.9197
13: 1540.30, 1079.76, 0.1139
14: 1350.99, 1074.58, 0.1449
15: 1544.74, 1080.00, 0.0080
16: 1331.45, 1080.00, 0.0103

Frame: 1355, Person: 0
0: 1385.50, 271.52, 0.9926
1: 1415.81, 243.14, 0.9859
2: 1362.66, 246.44, 0.9691
3: 1476.28, 260.09, 0.9204
4: 1345.27, 267.75, 0.5677
5: 1560.21, 408.91, 0.9812
6: 1296.65, 430.53, 0.9906
7: 1631.81, 599.45, 0.9051
8: 1214.48, 612.19, 0.9499
9: 1480.08, 633.41, 0.8992
10: 1312.39, 557.50, 0.9316
11: 1516.96, 833.62, 0.8890
12: 1336.89, 838.25, 0.9165
13: 1543.34, 1078.54, 0.1044
14: 1349.97, 1078.16, 0.1377
15: 1539.66, 1080.00, 0.0073
16: 1330.74, 1080.00, 0.0096

Frame: 1356, Person: 0
0: 1389.02, 272.81, 0.9924
1: 1419.28, 244.26, 0.9858
2: 1365.89, 247.84, 0.9679
3: 1479.18, 261.03, 0.9188
4: 1348.10, 269.39, 0.5701
5: 1561.55, 407.58, 0.9818
6: 1296.72, 433.21, 0.9901
7: 1629.03, 596.38, 0.9101
8: 1214.38, 612.91, 0.9472
9: 1493.15, 652.10, 0.9001
10: 1311.54, 548.57, 0.9286
11: 1516.01, 831.34, 0.8945
12: 1335.84, 838.59, 0.9171
13: 1543.24, 1075.90, 0.1102
14: 1352.01, 1080.00, 0.1398
15: 1529.53, 1080.00, 0.0077
16: 1329.49, 1080.00, 0.0098

Frame: 1357, Person: 0
0: 1391.89, 273.15, 0.9933
1: 1421.25, 243.57, 0.9872
2: 1367.10, 249.52, 0.9722
3: 1478.54, 260.01, 0.9214
4: 1347.03, 274.21, 0.6052
5: 1561.89, 410.26, 0.9836
6: 1294.12, 441.14, 0.9915
7: 1618.90, 605.28, 0.9070
8: 1212.53, 624.31, 0.9459
9: 1480.49, 671.57, 0.8880
10: 1313.43, 531.35, 0.9249
11: 1509.14, 838.34, 0.8985
12: 1327.70, 847.29, 0.9205
13: 1540.39, 1071.60, 0.0946
14: 1344.38, 1080.00, 0.1208
15: 1515.74, 1080.00, 0.0067
16: 1312.07, 1080.00, 0.0085

Frame: 1358, Person: 0
0: 1397.81, 274.39, 0.9937
1: 1426.41, 245.15, 0.9867
2: 1371.90, 250.78, 0.9753
3: 1479.79, 262.45, 0.9077
4: 1347.84, 276.11, 0.6450
5: 1559.23, 412.28, 0.9842
6: 1295.65, 440.36, 0.9919
7: 1619.33, 606.72, 0.9104
8: 1213.57, 617.90, 0.9507
9: 1495.24, 688.94, 0.8860
10: 1311.88, 522.04, 0.9294
11: 1507.98, 842.20, 0.9053
12: 1328.96, 850.38, 0.9269
13: 1541.27, 1077.79, 0.0948
14: 1344.44, 1080.00, 0.1226
15: 1514.74, 1080.00, 0.0066
16: 1304.07, 1080.00, 0.0083

Frame: 1359, Person: 0
0: 1404.00, 276.55, 0.9939
1: 1431.26, 247.26, 0.9857
2: 1377.16, 253.08, 0.9777
3: 1480.81, 264.00, 0.8856
4: 1349.67, 278.32, 0.6855
5: 1557.84, 411.79, 0.9834
6: 1296.69, 442.20, 0.9920
7: 1618.58, 610.23, 0.9049
8: 1211.38, 619.31, 0.9523
9: 1505.43, 707.32, 0.8736
10: 1311.03, 491.92, 0.9305
11: 1509.07, 845.27, 0.8954
12: 1331.27, 854.70, 0.9216
13: 1536.61, 1080.00, 0.0788
14: 1338.42, 1080.00, 0.1047
15: 1502.82, 1080.00, 0.0052
16: 1284.19, 1080.00, 0.0066

Frame: 1360, Person: 0
0: 1406.83, 277.90, 0.9940
1: 1434.04, 248.04, 0.9858
2: 1379.41, 254.02, 0.9782
3: 1483.55, 263.77, 0.8818
4: 1351.72, 278.46, 0.6928
5: 1557.36, 410.96, 0.9829
6: 1302.71, 439.98, 0.9921
7: 1620.09, 612.67, 0.9013
8: 1209.94, 611.63, 0.9540
9: 1512.75, 734.27, 0.8657
10: 1311.75, 467.40, 0.9326
11: 1504.72, 842.14, 0.8837
12: 1331.87, 850.40, 0.9150
13: 1526.24, 1071.97, 0.0735
14: 1336.23, 1080.00, 0.1009
15: 1487.25, 1080.00, 0.0050
16: 1270.52, 1080.00, 0.0065

Frame: 1361, Person: 0
0: 1410.89, 280.87, 0.9945
1: 1437.36, 249.88, 0.9855
2: 1381.78, 256.81, 0.9807
3: 1485.17, 263.48, 0.8653
4: 1351.15, 280.34, 0.7256
5: 1557.37, 410.53, 0.9837
6: 1303.93, 437.25, 0.9928
7: 1622.24, 620.28, 0.9031
8: 1206.25, 610.72, 0.9587
9: 1522.05, 754.12, 0.8667
10: 1306.84, 467.28, 0.9391
11: 1504.50, 836.64, 0.8904
12: 1333.14, 844.34, 0.9221
13: 1529.37, 1065.21, 0.0830
14: 1340.24, 1080.00, 0.1168
15: 1489.40, 1080.00, 0.0058
16: 1269.07, 1080.00, 0.0076

Frame: 1362, Person: 0
0: 1415.34, 282.44, 0.9946
1: 1441.32, 251.39, 0.9852
2: 1385.60, 258.90, 0.9817
3: 1487.44, 264.55, 0.8579
4: 1353.74, 282.80, 0.7437
5: 1557.62, 412.27, 0.9842
6: 1306.25, 435.40, 0.9932
7: 1621.81, 628.02, 0.9037
8: 1204.13, 605.21, 0.9603
9: 1526.97, 781.53, 0.8612
10: 1296.18, 463.52, 0.9394
11: 1496.81, 838.42, 0.8915
12: 1328.76, 843.89, 0.9241
13: 1513.40, 1065.25, 0.0837
14: 1335.14, 1080.00, 0.1192
15: 1468.39, 1080.00, 0.0059
16: 1265.02, 1080.00, 0.0078

Frame: 1363, Person: 0
0: 1420.76, 283.75, 0.9956
1: 1445.77, 251.63, 0.9866
2: 1388.95, 260.76, 0.9859
3: 1490.11, 262.02, 0.8487
4: 1353.58, 282.89, 0.7963
5: 1557.78, 419.07, 0.9875
6: 1308.39, 424.73, 0.9950
7: 1622.98, 649.14, 0.9059
8: 1197.54, 586.32, 0.9661
9: 1546.81, 789.56, 0.8545
10: 1297.41, 439.35, 0.9454
11: 1496.40, 852.56, 0.8992
12: 1331.19, 851.74, 0.9326
13: 1522.11, 1035.38, 0.0838
14: 1341.97, 1046.92, 0.1259
15: 1492.31, 1080.00, 0.0067
16: 1278.86, 1080.00, 0.0092

Frame: 1364, Person: 0
0: 1424.62, 287.03, 0.9957
1: 1448.73, 255.01, 0.9852
2: 1393.07, 263.46, 0.9872
3: 1489.66, 264.18, 0.8136
4: 1354.51, 283.30, 0.8252
5: 1557.17, 419.55, 0.9876
6: 1303.66, 426.82, 0.9951
7: 1624.93, 645.08, 0.9047
8: 1199.80, 584.51, 0.9669
9: 1562.51, 794.17, 0.8496
10: 1301.53, 424.25, 0.9463
11: 1498.19, 850.03, 0.9004
12: 1330.60, 850.82, 0.9338
13: 1523.08, 1033.43, 0.0851
14: 1342.18, 1049.38, 0.1279
15: 1486.37, 1080.00, 0.0067
16: 1283.10, 1080.00, 0.0091

Frame: 1365, Person: 0
0: 1427.68, 290.96, 0.9960
1: 1451.27, 258.43, 0.9834
2: 1395.59, 265.91, 0.9892
3: 1488.52, 266.01, 0.7492
4: 1351.55, 282.33, 0.8593
5: 1555.62, 420.09, 0.9883
6: 1296.29, 426.49, 0.9952
7: 1627.52, 647.52, 0.9059
8: 1199.12, 589.44, 0.9672
9: 1572.03, 798.51, 0.8484
10: 1305.14, 427.04, 0.9474
11: 1502.15, 853.61, 0.8997
12: 1330.72, 854.88, 0.9323
13: 1526.89, 1032.07, 0.0837
14: 1341.91, 1048.86, 0.1239
15: 1481.44, 1080.00, 0.0065
16: 1281.29, 1080.00, 0.0085

Frame: 1366, Person: 0
0: 1427.40, 295.06, 0.9960
1: 1451.32, 261.90, 0.9834
2: 1395.97, 268.61, 0.9891
3: 1489.17, 266.95, 0.7469
4: 1352.11, 281.05, 0.8572
5: 1557.02, 421.95, 0.9884
6: 1295.42, 426.53, 0.9952
7: 1630.68, 650.18, 0.9065
8: 1200.93, 588.62, 0.9669
9: 1578.97, 804.98, 0.8487
10: 1309.49, 424.05, 0.9472
11: 1505.54, 858.62, 0.9000
12: 1332.12, 859.44, 0.9320
13: 1531.85, 1033.28, 0.0852
14: 1342.93, 1049.67, 0.1252
15: 1489.20, 1080.00, 0.0067
16: 1287.13, 1080.00, 0.0087

Frame: 1367, Person: 0
0: 1430.68, 296.80, 0.9960
1: 1452.94, 263.24, 0.9832
2: 1398.23, 271.93, 0.9892
3: 1489.30, 267.43, 0.7415
4: 1353.24, 286.24, 0.8625
5: 1558.88, 423.81, 0.9890
6: 1294.88, 428.04, 0.9953
7: 1629.85, 650.34, 0.9114
8: 1201.82, 583.55, 0.9673
9: 1582.78, 803.83, 0.8535
10: 1313.92, 428.85, 0.9471
11: 1505.26, 862.41, 0.9112
12: 1330.82, 863.65, 0.9386
13: 1531.00, 1038.02, 0.0946
14: 1342.05, 1055.99, 0.1357
15: 1489.66, 1080.00, 0.0075
16: 1293.56, 1080.00, 0.0095

Frame: 1368, Person: 0
0: 1436.14, 301.32, 0.9963
1: 1456.99, 266.48, 0.9811
2: 1403.11, 274.61, 0.9911
3: 1489.65, 267.02, 0.6502
4: 1352.39, 283.96, 0.8921
5: 1556.14, 424.14, 0.9888
6: 1291.71, 428.33, 0.9951
7: 1631.01, 645.92, 0.9080
8: 1195.26, 587.91, 0.9670
9: 1590.52, 801.83, 0.8508
10: 1316.04, 446.13, 0.9486
11: 1511.55, 867.65, 0.9043
12: 1335.63, 869.90, 0.9336
13: 1534.23, 1041.90, 0.0859
14: 1339.49, 1060.26, 0.1222
15: 1493.87, 1080.00, 0.0066
16: 1285.09, 1080.00, 0.0082

Frame: 1369, Person: 0
0: 1439.46, 302.77, 0.9964
1: 1459.41, 267.90, 0.9818
2: 1405.52, 276.65, 0.9912
3: 1491.21, 269.38, 0.6554
4: 1354.34, 288.20, 0.8934
5: 1555.64, 427.52, 0.9887
6: 1297.05, 431.58, 0.9951
7: 1631.12, 643.15, 0.9093
8: 1187.44, 588.28, 0.9674
9: 1595.16, 799.00, 0.8555
10: 1309.62, 463.56, 0.9502
11: 1515.07, 869.84, 0.9042
12: 1343.32, 872.59, 0.9334
13: 1537.37, 1039.63, 0.0879
14: 1346.58, 1057.26, 0.1246
15: 1501.93, 1080.00, 0.0070
16: 1286.18, 1080.00, 0.0086

Frame: 1370, Person: 0
0: 1440.04, 305.36, 0.9965
1: 1459.84, 270.17, 0.9819
2: 1406.12, 279.03, 0.9916
3: 1492.21, 270.02, 0.6545
4: 1355.33, 288.77, 0.8958
5: 1555.40, 428.61, 0.9885
6: 1300.36, 427.89, 0.9953
7: 1631.17, 644.33, 0.9075
8: 1187.71, 579.89, 0.9694
9: 1593.81, 797.43, 0.8573
10: 1313.39, 465.87, 0.9534
11: 1515.13, 865.56, 0.9076
12: 1345.35, 866.41, 0.9378
13: 1539.50, 1038.43, 0.0950
14: 1349.57, 1052.33, 0.1381
15: 1510.56, 1080.00, 0.0077
16: 1289.60, 1080.00, 0.0097

Frame: 1371, Person: 0
0: 1442.08, 307.16, 0.9966
1: 1461.71, 272.57, 0.9813
2: 1407.92, 281.32, 0.9922
3: 1492.61, 274.12, 0.6267
4: 1355.27, 292.49, 0.9055
5: 1556.50, 431.01, 0.9890
6: 1298.18, 428.87, 0.9954
7: 1634.58, 645.80, 0.9106
8: 1187.27, 579.34, 0.9704
9: 1597.75, 798.77, 0.8599
10: 1309.63, 470.52, 0.9547
11: 1516.27, 863.64, 0.9114
12: 1344.37, 864.18, 0.9400
13: 1547.15, 1033.86, 0.0992
14: 1352.80, 1046.95, 0.1437
15: 1516.02, 1080.00, 0.0080
16: 1292.55, 1080.00, 0.0101

Frame: 1372, Person: 0
0: 1443.86, 311.09, 0.9967
1: 1462.63, 275.48, 0.9813
2: 1408.52, 286.14, 0.9926
3: 1493.37, 274.86, 0.6188
4: 1355.36, 297.56, 0.9099
5: 1556.77, 429.76, 0.9892
6: 1300.61, 427.44, 0.9956
7: 1634.77, 645.50, 0.9128
8: 1187.89, 573.28, 0.9727
9: 1597.97, 797.52, 0.8642
10: 1308.84, 468.93, 0.9579
11: 1516.29, 860.40, 0.9181
12: 1345.99, 861.10, 0.9456
13: 1550.24, 1029.21, 0.1101
14: 1355.59, 1042.69, 0.1614
15: 1523.11, 1077.41, 0.0091
16: 1296.32, 1080.00, 0.0116

Frame: 1373, Person: 0
0: 1444.11, 312.79, 0.9955
1: 1463.25, 278.79, 0.9748
2: 1410.76, 288.33, 0.9898
3: 1494.19, 278.40, 0.5849
4: 1360.63, 298.81, 0.8927
5: 1557.92, 417.28, 0.9848
6: 1301.81, 431.69, 0.9944
7: 1628.71, 623.14, 0.9045
8: 1205.66, 570.88, 0.9731
9: 1596.93, 815.96, 0.8616
10: 1313.16, 465.99, 0.9566
11: 1519.69, 841.50, 0.9203
12: 1351.40, 849.82, 0.9500
13: 1519.33, 1080.00, 0.1199
14: 1359.40, 1080.00, 0.1794
15: 1463.55, 1080.00, 0.0075
16: 1308.53, 1080.00, 0.0096

Frame: 1374, Person: 0
0: 1445.13, 316.13, 0.9954
1: 1465.52, 281.92, 0.9741
2: 1411.69, 290.54, 0.9896
3: 1497.34, 280.25, 0.5696
4: 1360.08, 298.51, 0.8901
5: 1559.79, 416.76, 0.9844
6: 1299.05, 432.20, 0.9939
7: 1628.94, 622.46, 0.9026
8: 1209.36, 573.89, 0.9703
9: 1597.03, 816.88, 0.8570
10: 1312.11, 466.30, 0.9525
11: 1519.77, 840.80, 0.9140
12: 1348.62, 849.49, 0.9442
13: 1519.25, 1080.00, 0.1110
14: 1359.03, 1080.00, 0.1625
15: 1457.88, 1080.00, 0.0069
16: 1313.11, 1080.00, 0.0087

Frame: 1375, Person: 0
0: 1447.77, 316.21, 0.9953
1: 1468.11, 282.73, 0.9748
2: 1414.64, 290.98, 0.9889
3: 1499.58, 282.87, 0.5916
4: 1363.66, 300.44, 0.8823
5: 1559.87, 420.44, 0.9850
6: 1305.05, 433.62, 0.9935
7: 1626.41, 623.89, 0.9091
8: 1212.94, 575.33, 0.9684
9: 1597.34, 815.51, 0.8655
10: 1314.90, 481.18, 0.9509
11: 1522.76, 840.72, 0.9203
12: 1354.94, 848.52, 0.9456
13: 1523.09, 1080.00, 0.1237
14: 1363.49, 1080.00, 0.1719
15: 1468.35, 1080.00, 0.0079
16: 1316.30, 1080.00, 0.0096

Frame: 1376, Person: 0
0: 1449.73, 321.26, 0.9944
1: 1468.82, 287.60, 0.9701
2: 1416.78, 295.40, 0.9860
3: 1500.79, 280.38, 0.5725
4: 1365.56, 297.63, 0.8706
5: 1562.56, 412.24, 0.9858
6: 1300.79, 428.77, 0.9937
7: 1623.11, 634.34, 0.9187
8: 1219.12, 588.43, 0.9697
9: 1596.86, 820.13, 0.8816
10: 1328.48, 511.57, 0.9506
11: 1528.70, 833.06, 0.9232
12: 1357.29, 844.72, 0.9464
13: 1515.05, 1075.64, 0.1725
14: 1360.52, 1080.00, 0.2291
15: 1467.40, 1080.00, 0.0119
16: 1344.95, 1080.00, 0.0143

Frame: 1377, Person: 0
0: 1449.88, 320.71, 0.9947
1: 1469.77, 286.48, 0.9700
2: 1417.99, 293.69, 0.9871
3: 1503.52, 277.31, 0.5588
4: 1367.58, 291.21, 0.8851
5: 1569.71, 417.94, 0.9873
6: 1296.87, 421.68, 0.9935
7: 1620.18, 641.13, 0.9203
8: 1220.32, 582.89, 0.9668
9: 1593.28, 821.36, 0.8857
10: 1332.66, 550.22, 0.9497
11: 1530.84, 844.67, 0.9265
12: 1352.08, 852.00, 0.9483
13: 1519.81, 1080.00, 0.1800
14: 1350.01, 1080.00, 0.2338
15: 1468.89, 1080.00, 0.0125
16: 1349.11, 1080.00, 0.0145

Frame: 1378, Person: 0
0: 1452.80, 318.57, 0.9948
1: 1474.09, 283.67, 0.9734
2: 1419.68, 289.75, 0.9881
3: 1508.07, 278.76, 0.5826
4: 1366.46, 291.36, 0.8728
5: 1567.51, 427.43, 0.9850
6: 1304.64, 430.85, 0.9922
7: 1626.78, 633.16, 0.9075
8: 1226.23, 594.35, 0.9585
9: 1596.90, 815.99, 0.8727
10: 1342.70, 593.26, 0.9406
11: 1526.78, 844.35, 0.9188
12: 1352.40, 848.10, 0.9383
13: 1531.34, 1080.00, 0.1405
14: 1364.07, 1080.00, 0.1766
15: 1485.40, 1080.00, 0.0099
16: 1337.11, 1080.00, 0.0111

Frame: 1379, Person: 0
0: 1452.71, 316.37, 0.9949
1: 1473.59, 282.45, 0.9731
2: 1420.95, 288.12, 0.9881
3: 1506.43, 279.41, 0.5861
4: 1369.03, 291.04, 0.8753
5: 1570.11, 427.84, 0.9860
6: 1303.89, 433.66, 0.9926
7: 1628.56, 633.09, 0.9120
8: 1233.69, 601.09, 0.9597
9: 1598.59, 820.82, 0.8734
10: 1339.75, 606.30, 0.9399
11: 1529.89, 844.91, 0.9237
12: 1353.05, 849.38, 0.9417
13: 1538.42, 1080.00, 0.1444
14: 1365.49, 1080.00, 0.1804
15: 1488.22, 1080.00, 0.0100
16: 1342.82, 1080.00, 0.0111

Frame: 1380, Person: 0
0: 1452.05, 315.63, 0.9948
1: 1473.01, 281.44, 0.9729
2: 1420.37, 287.01, 0.9876
3: 1506.31, 277.89, 0.5894
4: 1368.52, 289.35, 0.8707
5: 1571.95, 427.64, 0.9865
6: 1301.77, 434.53, 0.9922
7: 1629.62, 634.09, 0.9152
8: 1236.41, 606.94, 0.9570
9: 1599.78, 819.64, 0.8767
10: 1342.27, 618.03, 0.9366
11: 1530.60, 846.78, 0.9269
12: 1351.13, 851.81, 0.9419
13: 1541.04, 1080.00, 0.1484
14: 1365.93, 1080.00, 0.1792
15: 1488.35, 1080.00, 0.0100
16: 1346.41, 1080.00, 0.0109

Frame: 1381, Person: 0
0: 1450.28, 314.37, 0.9949
1: 1471.54, 280.53, 0.9743
2: 1418.73, 285.92, 0.9874
3: 1505.58, 277.92, 0.6161
4: 1368.02, 289.16, 0.8655
5: 1570.78, 426.98, 0.9870
6: 1303.49, 434.63, 0.9928
7: 1629.98, 631.98, 0.9187
8: 1235.39, 605.73, 0.9604
9: 1600.32, 814.80, 0.8832
10: 1343.37, 609.08, 0.9413
11: 1531.52, 844.47, 0.9349
12: 1354.16, 849.75, 0.9493
13: 1539.66, 1080.00, 0.1685
14: 1368.24, 1080.00, 0.2055
15: 1489.44, 1080.00, 0.0116
16: 1347.08, 1080.00, 0.0129

Frame: 1382, Person: 0
0: 1447.72, 313.72, 0.9948
1: 1469.13, 279.63, 0.9753
2: 1416.14, 285.22, 0.9869
3: 1504.76, 276.22, 0.6440
4: 1367.35, 288.26, 0.8571
5: 1571.39, 426.37, 0.9863
6: 1304.14, 434.49, 0.9929
7: 1630.66, 631.58, 0.9140
8: 1236.27, 603.67, 0.9604
9: 1601.70, 812.63, 0.8794
10: 1343.52, 600.33, 0.9412
11: 1528.61, 844.66, 0.9309
12: 1351.58, 849.74, 0.9477
13: 1534.71, 1080.00, 0.1601
14: 1364.98, 1080.00, 0.2007
15: 1483.64, 1080.00, 0.0110
16: 1344.73, 1080.00, 0.0126

Frame: 1383, Person: 0
0: 1445.84, 312.75, 0.9945
1: 1467.34, 278.98, 0.9750
2: 1414.64, 284.35, 0.9860
3: 1503.35, 276.11, 0.6492
4: 1366.47, 287.62, 0.8468
5: 1571.24, 425.61, 0.9859
6: 1303.01, 433.87, 0.9923
7: 1632.82, 632.03, 0.9135
8: 1235.77, 603.42, 0.9575
9: 1602.04, 816.11, 0.8759
10: 1347.11, 593.63, 0.9369
11: 1528.22, 844.46, 0.9237
12: 1350.14, 849.39, 0.9406
13: 1534.75, 1080.00, 0.1439
14: 1362.38, 1080.00, 0.1779
15: 1483.15, 1080.00, 0.0099
16: 1339.87, 1080.00, 0.0111

Frame: 1384, Person: 0
0: 1443.45, 310.56, 0.9947
1: 1465.84, 277.23, 0.9772
2: 1412.64, 281.88, 0.9858
3: 1503.65, 275.82, 0.6870
4: 1366.92, 285.76, 0.8359
5: 1570.81, 426.59, 0.9855
6: 1307.88, 431.86, 0.9926
7: 1634.57, 632.55, 0.9115
8: 1233.32, 597.55, 0.9600
9: 1601.68, 816.88, 0.8764
10: 1340.70, 587.62, 0.9405
11: 1527.89, 847.29, 0.9223
12: 1353.38, 850.41, 0.9419
13: 1534.00, 1080.00, 0.1411
14: 1365.53, 1080.00, 0.1809
15: 1485.72, 1080.00, 0.0098
16: 1337.42, 1080.00, 0.0115

Frame: 1385, Person: 0
0: 1440.41, 309.04, 0.9945
1: 1463.36, 276.53, 0.9787
2: 1410.62, 280.58, 0.9845
3: 1503.26, 276.11, 0.7298
4: 1368.48, 285.11, 0.8153
5: 1571.71, 425.41, 0.9854
6: 1310.67, 431.62, 0.9929
7: 1635.45, 629.21, 0.9129
8: 1232.43, 597.60, 0.9618
9: 1599.73, 810.24, 0.8807
10: 1337.87, 585.79, 0.9426
11: 1526.40, 844.11, 0.9277
12: 1352.88, 846.93, 0.9470
13: 1530.66, 1080.00, 0.1525
14: 1361.93, 1080.00, 0.1977
15: 1484.00, 1080.00, 0.0106
16: 1330.61, 1080.00, 0.0127

Frame: 1386, Person: 0
0: 1437.39, 307.40, 0.9943
1: 1460.30, 274.92, 0.9802
2: 1408.15, 278.99, 0.9824
3: 1502.75, 273.78, 0.7721
4: 1369.66, 283.21, 0.7829
5: 1573.06, 424.34, 0.9856
6: 1314.74, 429.21, 0.9925
7: 1636.18, 628.62, 0.9168
8: 1231.90, 593.73, 0.9596
9: 1595.45, 806.02, 0.8873
10: 1339.30, 585.31, 0.9406
11: 1525.59, 841.49, 0.9303
12: 1353.26, 843.46, 0.9470
13: 1533.48, 1080.00, 0.1634
14: 1362.88, 1080.00, 0.2058
15: 1492.90, 1080.00, 0.0117
16: 1329.45, 1080.00, 0.0139

Frame: 1387, Person: 0
0: 1433.57, 304.01, 0.9937
1: 1457.74, 271.84, 0.9810
2: 1404.90, 275.25, 0.9791
3: 1502.66, 272.53, 0.8054
4: 1368.61, 280.60, 0.7418
5: 1575.94, 425.59, 0.9854
6: 1313.25, 429.50, 0.9912
7: 1637.24, 631.99, 0.9174
8: 1232.51, 595.65, 0.9515
9: 1586.75, 803.69, 0.8869
10: 1340.69, 585.96, 0.9309
11: 1524.97, 845.20, 0.9227
12: 1350.38, 846.15, 0.9370
13: 1530.19, 1080.00, 0.1465
14: 1362.45, 1080.00, 0.1760
15: 1484.92, 1080.00, 0.0103
16: 1332.76, 1080.00, 0.0119

Frame: 1388, Person: 0
0: 1427.53, 299.92, 0.9946
1: 1453.59, 267.51, 0.9864
2: 1399.37, 272.43, 0.9797
3: 1501.99, 268.92, 0.8696
4: 1366.20, 278.99, 0.7458
5: 1577.62, 426.20, 0.9912
6: 1307.58, 428.80, 0.9931
7: 1638.46, 628.37, 0.9345
8: 1230.47, 602.46, 0.9439
9: 1585.34, 790.61, 0.8871
10: 1345.73, 594.05, 0.9119
11: 1525.61, 844.96, 0.9339
12: 1346.51, 846.19, 0.9407
13: 1550.38, 1032.81, 0.1565
14: 1354.01, 1044.47, 0.1719
15: 1518.77, 1080.00, 0.0147
16: 1343.89, 1080.00, 0.0158

Frame: 1389, Person: 0
0: 1422.67, 295.80, 0.9925
1: 1449.01, 265.89, 0.9833
2: 1397.20, 267.43, 0.9692
3: 1500.91, 270.34, 0.8795
4: 1369.76, 274.79, 0.6337
5: 1576.51, 418.53, 0.9866
6: 1312.68, 426.86, 0.9905
7: 1639.36, 608.71, 0.9312
8: 1230.57, 590.38, 0.9468
9: 1583.00, 748.40, 0.9136
10: 1352.55, 570.42, 0.9300
11: 1522.12, 814.74, 0.9409
12: 1345.76, 817.49, 0.9470
13: 1529.25, 1077.78, 0.2297
14: 1355.91, 1080.00, 0.2521
15: 1494.18, 1080.00, 0.0183
16: 1331.98, 1080.00, 0.0204

Frame: 1390, Person: 0
0: 1417.82, 291.96, 0.9914
1: 1445.10, 262.98, 0.9835
2: 1394.10, 263.92, 0.9618
3: 1500.23, 270.56, 0.9016
4: 1370.88, 273.07, 0.5708
5: 1581.04, 420.40, 0.9864
6: 1312.04, 425.40, 0.9883
7: 1646.89, 609.74, 0.9325
8: 1230.58, 587.40, 0.9342
9: 1569.48, 718.24, 0.9149
10: 1367.11, 563.26, 0.9162
11: 1528.59, 823.99, 0.9314
12: 1346.58, 825.23, 0.9325
13: 1545.73, 1080.00, 0.1868
14: 1357.89, 1080.00, 0.1925
15: 1517.45, 1080.00, 0.0141
16: 1332.24, 1080.00, 0.0150

Frame: 1391, Person: 0
0: 1411.76, 289.72, 0.9925
1: 1439.79, 260.74, 0.9854
2: 1389.48, 261.92, 0.9676
3: 1497.74, 268.60, 0.9084
4: 1370.64, 270.34, 0.6111
5: 1584.65, 419.26, 0.9862
6: 1310.49, 423.99, 0.9905
7: 1653.49, 595.14, 0.9282
8: 1230.86, 579.95, 0.9468
9: 1580.15, 681.38, 0.9180
10: 1377.56, 549.85, 0.9330
11: 1538.56, 822.41, 0.9344
12: 1351.70, 825.15, 0.9451
13: 1559.08, 1080.00, 0.2052
14: 1347.78, 1080.00, 0.2366
15: 1541.23, 1080.00, 0.0160
16: 1334.49, 1080.00, 0.0188

Frame: 1392, Person: 0
0: 1403.58, 286.49, 0.9926
1: 1433.07, 257.91, 0.9892
2: 1382.35, 259.44, 0.9598
3: 1494.08, 267.58, 0.9424
4: 1367.25, 269.28, 0.5128
5: 1581.53, 423.05, 0.9916
6: 1309.82, 421.89, 0.9892
7: 1651.14, 601.63, 0.9489
8: 1239.33, 587.25, 0.9139
9: 1574.16, 647.58, 0.9289
10: 1391.36, 546.91, 0.8954
11: 1533.82, 825.32, 0.9522
12: 1350.54, 824.70, 0.9442
13: 1568.21, 1025.92, 0.2586
14: 1361.65, 1024.87, 0.2330
15: 1562.31, 1080.00, 0.0263
16: 1364.22, 1080.00, 0.0254

Frame: 1393, Person: 0
0: 1399.03, 286.07, 0.9928
1: 1428.19, 257.26, 0.9893
2: 1378.77, 258.39, 0.9593
3: 1490.62, 265.95, 0.9444
4: 1366.90, 266.54, 0.5007
5: 1580.70, 422.29, 0.9916
6: 1310.97, 419.73, 0.9899
7: 1652.82, 600.50, 0.9492
8: 1240.98, 587.47, 0.9218
9: 1575.60, 617.91, 0.9343
10: 1400.98, 536.83, 0.9073
11: 1535.77, 830.09, 0.9528
12: 1353.40, 828.90, 0.9470
13: 1569.76, 1024.15, 0.2649
14: 1363.60, 1020.35, 0.2465
15: 1565.47, 1080.00, 0.0268
16: 1365.15, 1080.00, 0.0267

Frame: 1394, Person: 0
0: 1392.98, 286.43, 0.9925
1: 1423.02, 257.72, 0.9898
2: 1373.77, 258.27, 0.9544
3: 1488.25, 266.72, 0.9498
4: 1364.63, 265.76, 0.4535
5: 1578.42, 422.09, 0.9917
6: 1311.40, 420.45, 0.9887
7: 1653.55, 597.67, 0.9520
8: 1243.04, 590.25, 0.9132
9: 1570.66, 602.72, 0.9398
10: 1403.56, 538.73, 0.9022
11: 1536.67, 829.96, 0.9542
12: 1355.57, 828.74, 0.9453
13: 1568.80, 1021.84, 0.2855
14: 1363.26, 1015.93, 0.2537
15: 1570.19, 1080.00, 0.0299
16: 1366.72, 1080.00, 0.0288

Frame: 1395, Person: 0
0: 1389.54, 287.76, 0.9923
1: 1420.41, 259.30, 0.9901
2: 1370.90, 259.47, 0.9511
3: 1487.51, 269.59, 0.9530
4: 1363.43, 267.37, 0.4216
5: 1578.06, 424.24, 0.9919
6: 1312.15, 419.41, 0.9878
7: 1652.72, 598.87, 0.9555
8: 1245.87, 587.86, 0.9096
9: 1570.58, 589.95, 0.9456
10: 1407.77, 540.97, 0.9017
11: 1537.01, 826.45, 0.9576
12: 1356.16, 823.90, 0.9468
13: 1570.85, 1018.73, 0.3156
14: 1363.62, 1009.76, 0.2727
15: 1576.51, 1080.00, 0.0342
16: 1368.89, 1080.00, 0.0321

Frame: 1396, Person: 0
0: 1382.91, 290.77, 0.9919
1: 1414.29, 262.44, 0.9901
2: 1366.05, 261.21, 0.9439
3: 1483.79, 272.24, 0.9552
4: 1362.04, 266.54, 0.3735
5: 1575.96, 426.75, 0.9919
6: 1310.50, 420.21, 0.9856
7: 1656.27, 597.94, 0.9575
8: 1245.35, 589.25, 0.8959
9: 1567.09, 578.74, 0.9489
10: 1408.76, 543.72, 0.8927
11: 1535.37, 833.73, 0.9545
12: 1354.52, 830.06, 0.9385
13: 1570.82, 1021.36, 0.2992
14: 1364.37, 1008.44, 0.2440
15: 1576.49, 1080.00, 0.0315
16: 1370.48, 1080.00, 0.0283

Frame: 1397, Person: 0
0: 1378.37, 293.73, 0.9918
1: 1410.19, 265.31, 0.9904
2: 1361.49, 264.29, 0.9429
3: 1481.23, 274.65, 0.9572
4: 1358.33, 269.20, 0.3628
5: 1575.02, 427.38, 0.9918
6: 1307.85, 421.36, 0.9851
7: 1655.33, 597.05, 0.9569
8: 1240.38, 589.48, 0.8918
9: 1564.79, 571.37, 0.9483
10: 1405.09, 539.69, 0.8895
11: 1535.96, 834.36, 0.9534
12: 1354.05, 830.93, 0.9365
13: 1571.07, 1023.80, 0.2909
14: 1364.58, 1010.96, 0.2355
15: 1575.40, 1080.00, 0.0302
16: 1369.01, 1080.00, 0.0271

Frame: 1398, Person: 0
0: 1375.20, 298.29, 0.9916
1: 1406.05, 269.13, 0.9906
2: 1358.78, 268.23, 0.9382
3: 1479.03, 273.70, 0.9593
4: 1358.04, 268.95, 0.3355
5: 1575.49, 427.03, 0.9919
6: 1307.19, 420.52, 0.9842
7: 1652.95, 594.74, 0.9585
8: 1233.38, 586.93, 0.8846
9: 1561.65, 561.44, 0.9515
10: 1390.33, 543.47, 0.8860
11: 1532.62, 831.26, 0.9563
12: 1350.08, 827.68, 0.9380
13: 1569.10, 1028.85, 0.3142
14: 1362.43, 1016.07, 0.2479
15: 1575.46, 1080.00, 0.0329
16: 1369.84, 1080.00, 0.0288

Frame: 1399, Person: 0
0: 1372.36, 303.70, 0.9916
1: 1401.42, 273.75, 0.9907
2: 1356.75, 273.22, 0.9347
3: 1475.87, 272.91, 0.9606
4: 1359.42, 269.73, 0.3183
5: 1576.63, 425.23, 0.9919
6: 1306.89, 424.33, 0.9846
7: 1655.41, 591.94, 0.9589
8: 1225.20, 595.31, 0.8836
9: 1559.01, 553.71, 0.9535
10: 1375.33, 544.42, 0.8882
11: 1533.62, 832.90, 0.9571
12: 1350.26, 831.76, 0.9387
13: 1573.56, 1028.75, 0.3306
14: 1364.74, 1019.28, 0.2612
15: 1582.43, 1080.00, 0.0353
16: 1373.36, 1080.00, 0.0310

Frame: 1400, Person: 0
0: 1371.81, 305.84, 0.9923
1: 1400.33, 275.45, 0.9909
2: 1355.36, 275.44, 0.9416
3: 1473.00, 273.75, 0.9585
4: 1357.06, 272.16, 0.3475
5: 1573.10, 423.13, 0.9919
6: 1307.16, 426.51, 0.9867
7: 1657.46, 586.57, 0.9578
8: 1214.67, 598.90, 0.9005
9: 1565.39, 547.35, 0.9524
10: 1346.50, 549.37, 0.9000
11: 1533.37, 836.25, 0.9556
12: 1353.47, 836.64, 0.9414
13: 1569.49, 1025.60, 0.3133
14: 1364.66, 1017.22, 0.2599
15: 1577.38, 1080.00, 0.0326
16: 1366.61, 1080.00, 0.0300

Frame: 1401, Person: 0
0: 1368.95, 305.63, 0.9924
1: 1397.77, 274.92, 0.9910
2: 1352.51, 274.75, 0.9426
3: 1471.12, 272.53, 0.9591
4: 1354.89, 270.66, 0.3538
5: 1575.80, 423.49, 0.9918
6: 1299.42, 427.29, 0.9872
7: 1659.82, 593.96, 0.9552
8: 1203.71, 608.67, 0.8987
9: 1574.04, 547.00, 0.9481
10: 1324.85, 560.26, 0.8936
11: 1532.56, 843.35, 0.9491
12: 1346.88, 843.99, 0.9343
13: 1567.32, 1028.20, 0.2718
14: 1356.41, 1020.56, 0.2262
15: 1569.06, 1080.00, 0.0266
16: 1363.32, 1080.00, 0.0247

Frame: 1402, Person: 0
0: 1367.00, 301.08, 0.9926
1: 1397.00, 270.82, 0.9911
2: 1350.64, 271.39, 0.9445
3: 1470.28, 273.30, 0.9607
4: 1353.02, 272.36, 0.3653
5: 1575.95, 424.95, 0.9922
6: 1296.92, 429.88, 0.9884
7: 1660.71, 596.03, 0.9561
8: 1196.58, 611.08, 0.9072
9: 1582.97, 549.40, 0.9467
10: 1304.83, 562.01, 0.8965
11: 1533.83, 846.45, 0.9494
12: 1347.11, 847.08, 0.9367
13: 1561.74, 1024.99, 0.2586
14: 1348.40, 1017.92, 0.2192
15: 1561.43, 1080.00, 0.0246
16: 1354.57, 1080.00, 0.0232

Frame: 1403, Person: 0
0: 1367.06, 292.21, 0.9913
1: 1397.11, 264.85, 0.9872
2: 1350.22, 264.40, 0.9466
3: 1468.25, 274.58, 0.9502
4: 1350.86, 272.73, 0.4253
5: 1571.73, 417.10, 0.9882
6: 1301.23, 426.76, 0.9893
7: 1672.32, 586.14, 0.9374
8: 1197.86, 606.62, 0.9360
9: 1587.30, 556.31, 0.9278
10: 1285.58, 568.00, 0.9146
11: 1531.15, 839.53, 0.9291
12: 1350.45, 838.85, 0.9320
13: 1541.78, 1080.00, 0.1553
14: 1352.87, 1080.00, 0.1665
15: 1526.72, 1080.00, 0.0099
16: 1330.90, 1080.00, 0.0114

Frame: 1404, Person: 0
0: 1366.06, 287.78, 0.9915
1: 1396.40, 260.26, 0.9873
2: 1348.88, 260.40, 0.9483
3: 1466.80, 271.43, 0.9511
4: 1348.44, 270.88, 0.4317
5: 1571.27, 415.64, 0.9882
6: 1297.50, 426.72, 0.9896
7: 1675.25, 587.21, 0.9376
8: 1192.32, 605.64, 0.9370
9: 1575.83, 559.42, 0.9275
10: 1274.15, 561.58, 0.9155
11: 1528.19, 844.64, 0.9273
12: 1344.93, 844.19, 0.9306
13: 1546.10, 1080.00, 0.1452
14: 1351.39, 1080.00, 0.1567
15: 1534.74, 1080.00, 0.0091
16: 1329.41, 1080.00, 0.0106

Frame: 1405, Person: 0
0: 1365.82, 285.73, 0.9937
1: 1398.89, 255.85, 0.9912
2: 1348.54, 257.00, 0.9571
3: 1471.85, 268.35, 0.9563
4: 1346.46, 268.25, 0.4157
5: 1570.38, 424.95, 0.9912
6: 1291.13, 438.78, 0.9903
7: 1663.43, 602.46, 0.9474
8: 1180.25, 621.78, 0.9217
9: 1564.30, 582.71, 0.9357
10: 1263.26, 547.95, 0.9072
11: 1523.71, 858.98, 0.9320
12: 1338.05, 860.94, 0.9231
13: 1561.89, 1022.04, 0.1679
14: 1355.99, 1015.51, 0.1569
15: 1556.37, 1080.00, 0.0143
16: 1339.47, 1076.29, 0.0149

Frame: 1406, Person: 0
0: 1363.66, 282.99, 0.9933
1: 1396.20, 253.92, 0.9908
2: 1347.69, 254.99, 0.9546
3: 1469.21, 267.05, 0.9568
4: 1348.41, 266.82, 0.4122
5: 1568.91, 422.17, 0.9909
6: 1291.01, 437.13, 0.9904
7: 1659.77, 605.54, 0.9449
8: 1180.04, 623.71, 0.9217
9: 1551.88, 592.68, 0.9306
10: 1264.93, 534.99, 0.9051
11: 1519.78, 859.38, 0.9265
12: 1334.90, 861.03, 0.9188
13: 1556.18, 1022.18, 0.1499
14: 1350.68, 1016.14, 0.1426
15: 1546.91, 1080.00, 0.0124
16: 1330.75, 1072.50, 0.0131

Frame: 1407, Person: 0
0: 1363.73, 280.42, 0.9936
1: 1395.66, 251.53, 0.9911
2: 1347.41, 253.01, 0.9562
3: 1468.07, 264.54, 0.9573
4: 1347.49, 265.56, 0.4207
5: 1566.49, 419.10, 0.9912
6: 1292.58, 434.17, 0.9910
7: 1655.72, 607.75, 0.9469
8: 1177.40, 617.32, 0.9283
9: 1542.63, 634.75, 0.9287
10: 1270.39, 518.90, 0.9115
11: 1517.86, 856.51, 0.9337
12: 1334.22, 857.77, 0.9283
13: 1557.31, 1034.32, 0.1535
14: 1348.04, 1030.45, 0.1492
15: 1550.78, 1080.00, 0.0123
16: 1316.95, 1080.00, 0.0132

Frame: 1408, Person: 0
0: 1363.17, 277.13, 0.9921
1: 1395.31, 249.83, 0.9893
2: 1347.38, 250.72, 0.9476
3: 1466.60, 265.78, 0.9535
4: 1347.64, 266.23, 0.4022
5: 1563.53, 409.45, 0.9891
6: 1292.59, 434.00, 0.9877
7: 1646.91, 586.46, 0.9442
8: 1188.95, 605.15, 0.9183
9: 1535.38, 664.61, 0.9204
10: 1276.60, 505.83, 0.8977
11: 1511.64, 842.85, 0.9272
12: 1329.93, 847.67, 0.9193
13: 1538.19, 1076.11, 0.1222
14: 1345.44, 1080.00, 0.1155
15: 1502.44, 1080.00, 0.0080
16: 1302.90, 1080.00, 0.0083

Frame: 1409, Person: 0
0: 1363.81, 276.64, 0.9918
1: 1395.58, 249.33, 0.9890
2: 1348.18, 250.37, 0.9470
3: 1466.58, 265.06, 0.9498
4: 1349.09, 265.91, 0.4013
5: 1559.66, 405.75, 0.9880
6: 1295.47, 434.52, 0.9860
7: 1643.58, 582.40, 0.9411
8: 1191.07, 604.30, 0.9110
9: 1537.04, 692.18, 0.9108
10: 1280.87, 489.06, 0.8889
11: 1507.02, 842.88, 0.9088
12: 1328.29, 849.65, 0.8972
13: 1544.30, 1064.51, 0.0944
14: 1347.35, 1076.85, 0.0884
15: 1505.43, 1080.00, 0.0063
16: 1290.68, 1080.00, 0.0064

Frame: 1410, Person: 0
0: 1364.45, 276.45, 0.9918
1: 1396.06, 248.62, 0.9889
2: 1348.19, 250.37, 0.9469
3: 1467.47, 264.17, 0.9491
4: 1349.19, 266.54, 0.4069
5: 1559.85, 409.78, 0.9875
6: 1297.29, 434.04, 0.9864
7: 1630.99, 604.06, 0.9367
8: 1192.48, 605.63, 0.9137
9: 1529.32, 740.03, 0.8995
10: 1287.25, 474.36, 0.8889
11: 1501.77, 848.76, 0.9051
12: 1324.27, 853.01, 0.8978
13: 1529.04, 1076.69, 0.0903
14: 1334.70, 1080.00, 0.0879
15: 1485.44, 1080.00, 0.0060
16: 1274.20, 1080.00, 0.0063

Frame: 1411, Person: 0
0: 1364.51, 275.89, 0.9917
1: 1396.32, 248.22, 0.9887
2: 1348.41, 249.89, 0.9459
3: 1467.81, 264.46, 0.9490
4: 1349.98, 266.55, 0.4093
5: 1558.04, 412.28, 0.9877
6: 1298.87, 433.19, 0.9870
7: 1624.39, 617.22, 0.9369
8: 1194.55, 605.36, 0.9167
9: 1530.55, 780.26, 0.8955
10: 1287.43, 466.57, 0.8905
11: 1496.19, 847.16, 0.9104
12: 1322.30, 849.48, 0.9051
13: 1515.07, 1078.30, 0.1012
14: 1330.38, 1080.00, 0.0999
15: 1468.30, 1080.00, 0.0069
16: 1272.36, 1080.00, 0.0073

Frame: 1412, Person: 0
0: 1366.18, 275.38, 0.9918
1: 1398.08, 247.67, 0.9885
2: 1349.39, 249.95, 0.9484
3: 1468.89, 264.66, 0.9463
4: 1349.82, 267.64, 0.4344
5: 1557.32, 414.20, 0.9872
6: 1297.90, 432.61, 0.9875
7: 1618.63, 622.34, 0.9333
8: 1196.85, 599.24, 0.9207
9: 1547.97, 806.82, 0.8822
10: 1296.29, 453.82, 0.8888
11: 1493.99, 853.96, 0.9074
12: 1319.70, 855.95, 0.9060
13: 1511.21, 1080.00, 0.0878
14: 1324.49, 1080.00, 0.0902
15: 1462.59, 1080.00, 0.0058
16: 1266.56, 1080.00, 0.0063

Frame: 1413, Person: 0
0: 1366.85, 276.34, 0.9923
1: 1398.97, 247.73, 0.9884
2: 1349.32, 250.82, 0.9515
3: 1470.77, 263.68, 0.9434
4: 1349.16, 266.88, 0.4462
5: 1556.25, 423.88, 0.9885
6: 1299.45, 425.03, 0.9905
7: 1618.02, 645.08, 0.9330
8: 1181.60, 595.19, 0.9355
9: 1562.56, 789.84, 0.8871
10: 1294.85, 451.63, 0.9096
11: 1493.85, 866.60, 0.9121
12: 1322.28, 862.16, 0.9174
13: 1519.16, 1048.44, 0.0979
14: 1329.44, 1055.49, 0.1091
15: 1496.48, 1080.00, 0.0077
16: 1279.23, 1080.00, 0.0090

Frame: 1414, Person: 0
0: 1368.80, 277.20, 0.9926
1: 1400.71, 248.08, 0.9886
2: 1349.99, 251.70, 0.9559
3: 1471.09, 263.44, 0.9411
4: 1347.32, 267.76, 0.4734
5: 1556.40, 426.79, 0.9884
6: 1297.09, 424.86, 0.9909
7: 1617.80, 651.85, 0.9303
8: 1185.09, 591.04, 0.9375
9: 1576.22, 802.50, 0.8809
10: 1299.40, 446.15, 0.9104
11: 1493.26, 867.98, 0.9075
12: 1320.43, 863.27, 0.9151
13: 1525.78, 1042.98, 0.0942
14: 1335.01, 1051.46, 0.1080
15: 1504.45, 1080.00, 0.0077
16: 1292.52, 1080.00, 0.0091

Frame: 1415, Person: 0
0: 1369.73, 274.35, 0.9928
1: 1401.84, 245.41, 0.9887
2: 1350.78, 249.27, 0.9573
3: 1472.06, 262.21, 0.9424
4: 1347.78, 266.85, 0.4824
5: 1558.40, 427.22, 0.9887
6: 1297.22, 423.10, 0.9914
7: 1619.66, 656.34, 0.9310
8: 1185.09, 588.82, 0.9400
9: 1579.74, 810.07, 0.8804
10: 1298.45, 446.71, 0.9122
11: 1496.05, 867.02, 0.9101
12: 1322.18, 861.48, 0.9185
13: 1530.04, 1041.08, 0.0971
14: 1337.35, 1048.60, 0.1127
15: 1510.80, 1080.00, 0.0080
16: 1297.75, 1080.00, 0.0095

Frame: 1416, Person: 0
0: 1370.89, 273.99, 0.9927
1: 1402.70, 244.89, 0.9885
2: 1351.87, 248.76, 0.9568
3: 1472.78, 261.23, 0.9413
4: 1349.11, 265.92, 0.4810
5: 1559.34, 427.17, 0.9884
6: 1299.18, 420.99, 0.9913
7: 1621.10, 659.74, 0.9292
8: 1184.89, 588.01, 0.9406
9: 1583.47, 812.85, 0.8786
10: 1299.79, 446.50, 0.9132
11: 1496.16, 865.90, 0.9065
12: 1323.00, 859.38, 0.9165
13: 1528.21, 1039.95, 0.0948
14: 1335.52, 1046.23, 0.1114
15: 1510.63, 1080.00, 0.0078
16: 1294.80, 1080.00, 0.0094

Frame: 1417, Person: 0
0: 1372.23, 273.21, 0.9928
1: 1403.83, 244.40, 0.9886
2: 1353.56, 247.30, 0.9577
3: 1472.75, 260.72, 0.9419
4: 1350.45, 263.42, 0.4894
5: 1560.79, 428.34, 0.9884
6: 1297.89, 419.55, 0.9915
7: 1625.88, 664.47, 0.9269
8: 1185.18, 587.64, 0.9407
9: 1586.33, 819.01, 0.8730
10: 1302.49, 443.41, 0.9116
11: 1498.37, 870.54, 0.9001
12: 1323.46, 862.85, 0.9119
13: 1529.85, 1045.20, 0.0845
14: 1334.83, 1049.17, 0.1008
15: 1510.98, 1080.00, 0.0068
16: 1296.02, 1080.00, 0.0083

Frame: 1418, Person: 0
0: 1373.34, 271.86, 0.9932
1: 1405.11, 243.18, 0.9894
2: 1354.60, 246.18, 0.9598
3: 1473.73, 260.17, 0.9432
4: 1350.77, 263.10, 0.4954
5: 1559.96, 425.50, 0.9891
6: 1298.90, 421.18, 0.9915
7: 1627.71, 654.44, 0.9322
8: 1188.28, 587.08, 0.9398
9: 1593.60, 819.40, 0.8789
10: 1302.70, 444.36, 0.9110
11: 1502.27, 865.87, 0.9070
12: 1327.97, 860.61, 0.9148
13: 1540.36, 1039.34, 0.0919
14: 1342.43, 1046.77, 0.1058
15: 1525.15, 1080.00, 0.0075
16: 1303.93, 1080.00, 0.0089

Frame: 1419, Person: 0
0: 1375.15, 271.89, 0.9933
1: 1406.82, 243.09, 0.9895
2: 1355.99, 246.36, 0.9609
3: 1474.91, 260.02, 0.9428
4: 1351.32, 263.73, 0.5004
5: 1560.65, 425.57, 0.9889
6: 1300.22, 421.65, 0.9914
7: 1629.18, 653.69, 0.9313
8: 1189.88, 586.40, 0.9392
9: 1594.60, 816.73, 0.8781
10: 1299.74, 444.68, 0.9102
11: 1501.52, 864.88, 0.9045
12: 1327.50, 859.59, 0.9126
13: 1539.66, 1039.08, 0.0895
14: 1340.76, 1046.41, 0.1030
15: 1526.28, 1080.00, 0.0073
16: 1302.29, 1080.00, 0.0087

Frame: 1420, Person: 0
0: 1377.47, 270.77, 0.9935
1: 1408.90, 241.79, 0.9896
2: 1357.07, 245.77, 0.9632
3: 1475.26, 258.98, 0.9417
4: 1349.72, 264.60, 0.5203
5: 1560.30, 424.38, 0.9892
6: 1298.88, 422.52, 0.9917
7: 1628.90, 650.72, 0.9323
8: 1191.86, 585.38, 0.9404
9: 1595.74, 815.88, 0.8785
10: 1301.31, 443.38, 0.9111
11: 1501.13, 863.87, 0.9087
12: 1326.56, 859.77, 0.9165
13: 1540.77, 1039.77, 0.0925
14: 1342.07, 1049.28, 0.1064
15: 1527.52, 1080.00, 0.0076
16: 1305.46, 1080.00, 0.0089

Frame: 1421, Person: 0
0: 1378.49, 270.10, 0.9938
1: 1410.48, 241.12, 0.9897
2: 1357.44, 244.91, 0.9656
3: 1476.41, 259.32, 0.9412
4: 1348.48, 264.57, 0.5353
5: 1560.69, 425.76, 0.9891
6: 1297.78, 422.66, 0.9922
7: 1628.01, 655.24, 0.9301
8: 1192.65, 587.20, 0.9433
9: 1591.34, 815.78, 0.8767
10: 1302.50, 443.63, 0.9146
11: 1501.46, 865.77, 0.9071
12: 1326.27, 861.06, 0.9178
13: 1539.01, 1040.03, 0.0914
14: 1342.07, 1048.24, 0.1082
15: 1524.24, 1080.00, 0.0075
16: 1307.15, 1080.00, 0.0091

Frame: 1422, Person: 0
0: 1378.67, 270.00, 0.9938
1: 1410.43, 241.12, 0.9897
2: 1357.53, 244.98, 0.9661
3: 1475.94, 259.13, 0.9409
4: 1348.35, 264.64, 0.5423
5: 1559.59, 424.89, 0.9892
6: 1297.88, 422.42, 0.9924
7: 1626.75, 653.32, 0.9303
8: 1192.69, 586.71, 0.9448
9: 1590.60, 816.97, 0.8758
10: 1305.60, 443.60, 0.9156
11: 1500.56, 865.12, 0.9095
12: 1325.95, 860.71, 0.9206
13: 1537.97, 1041.33, 0.0924
14: 1341.18, 1050.10, 0.1102
15: 1522.71, 1080.00, 0.0076
16: 1303.94, 1080.00, 0.0092

Frame: 1423, Person: 0
0: 1378.16, 269.18, 0.9928
1: 1410.13, 241.03, 0.9884
2: 1357.42, 244.76, 0.9616
3: 1475.34, 260.66, 0.9368
4: 1349.65, 266.49, 0.5334
5: 1557.10, 417.68, 0.9867
6: 1299.62, 427.10, 0.9901
7: 1614.48, 639.19, 0.9254
8: 1209.72, 586.01, 0.9377
9: 1598.99, 853.69, 0.8582
10: 1311.38, 440.30, 0.8998
11: 1495.69, 855.93, 0.9061
12: 1324.18, 856.51, 0.9163
13: 1516.80, 1080.00, 0.0815
14: 1335.77, 1080.00, 0.0952
15: 1473.05, 1080.00, 0.0056
16: 1290.58, 1080.00, 0.0066

Frame: 1424, Person: 0
0: 1379.00, 270.12, 0.9939
1: 1410.71, 241.21, 0.9896
2: 1357.47, 245.12, 0.9674
3: 1475.55, 259.30, 0.9401
4: 1347.31, 265.00, 0.5573
5: 1559.13, 426.30, 0.9893
6: 1296.47, 422.66, 0.9930
7: 1624.59, 656.50, 0.9290
8: 1193.20, 586.43, 0.9485
9: 1587.90, 816.70, 0.8757
10: 1306.73, 442.57, 0.9203
11: 1500.31, 865.40, 0.9141
12: 1325.54, 860.67, 0.9272
13: 1536.39, 1042.97, 0.0993
14: 1341.96, 1051.33, 0.1220
15: 1520.71, 1080.00, 0.0082
16: 1308.55, 1080.00, 0.0102

Frame: 1425, Person: 0
0: 1378.77, 270.15, 0.9939
1: 1410.47, 241.23, 0.9896
2: 1357.03, 245.36, 0.9676
3: 1475.06, 259.72, 0.9400
4: 1346.55, 265.91, 0.5583
5: 1558.52, 426.65, 0.9892
6: 1296.04, 423.43, 0.9928
7: 1624.61, 655.85, 0.9291
8: 1193.21, 586.34, 0.9477
9: 1589.09, 815.23, 0.8757
10: 1305.82, 442.02, 0.9193
11: 1499.49, 865.97, 0.9129
12: 1324.73, 861.47, 0.9256
13: 1536.85, 1043.61, 0.0970
14: 1341.55, 1052.38, 0.1184
15: 1521.90, 1080.00, 0.0080
16: 1307.70, 1080.00, 0.0099

Frame: 1426, Person: 0
0: 1378.66, 270.27, 0.9939
1: 1410.39, 241.33, 0.9896
2: 1356.94, 245.32, 0.9676
3: 1475.09, 259.72, 0.9395
4: 1346.48, 265.65, 0.5580
5: 1558.57, 426.03, 0.9891
6: 1296.26, 423.82, 0.9928
7: 1625.72, 653.82, 0.9286
8: 1193.17, 587.08, 0.9474
9: 1591.15, 814.62, 0.8748
10: 1305.86, 441.87, 0.9190
11: 1500.81, 865.01, 0.9109
12: 1326.09, 860.95, 0.9240
13: 1537.81, 1043.04, 0.0941
14: 1342.37, 1052.36, 0.1151
15: 1522.03, 1080.00, 0.0077
16: 1307.09, 1080.00, 0.0095

Frame: 1427, Person: 0
0: 1378.90, 270.39, 0.9940
1: 1410.60, 241.51, 0.9898
2: 1357.05, 245.42, 0.9687
3: 1474.86, 260.01, 0.9396
4: 1346.03, 265.85, 0.5667
5: 1558.55, 426.23, 0.9893
6: 1295.31, 424.47, 0.9930
7: 1627.32, 652.89, 0.9286
8: 1193.15, 587.11, 0.9486
9: 1592.51, 816.31, 0.8741
10: 1306.84, 442.25, 0.9199
11: 1500.78, 866.73, 0.9116
12: 1325.38, 862.83, 0.9251
13: 1538.40, 1044.38, 0.0932
14: 1341.78, 1053.81, 0.1149
15: 1521.81, 1080.00, 0.0076
16: 1306.05, 1080.00, 0.0095

Frame: 1428, Person: 0
0: 1378.91, 270.38, 0.9941
1: 1410.51, 241.35, 0.9899
2: 1356.96, 245.40, 0.9690
3: 1474.80, 259.60, 0.9402
4: 1345.87, 265.77, 0.5680
5: 1559.12, 426.29, 0.9894
6: 1294.94, 424.96, 0.9931
7: 1628.49, 653.50, 0.9290
8: 1192.72, 588.55, 0.9490
9: 1592.47, 815.57, 0.8753
10: 1308.25, 443.42, 0.9207
11: 1501.83, 868.06, 0.9130
12: 1325.79, 864.41, 0.9264
13: 1539.71, 1046.51, 0.0946
14: 1342.39, 1056.09, 0.1167
15: 1524.21, 1080.00, 0.0077
16: 1307.42, 1080.00, 0.0096

Frame: 1429, Person: 0
0: 1379.97, 270.22, 0.9943
1: 1411.58, 241.25, 0.9901
2: 1357.81, 244.99, 0.9705
3: 1475.01, 259.59, 0.9395
4: 1345.56, 265.29, 0.5800
5: 1559.08, 425.54, 0.9895
6: 1293.53, 426.08, 0.9932
7: 1631.54, 651.09, 0.9293
8: 1192.49, 591.74, 0.9489
9: 1594.24, 814.44, 0.8752
10: 1307.91, 446.91, 0.9205
11: 1503.00, 867.13, 0.9113
12: 1325.70, 864.45, 0.9247
13: 1545.79, 1043.63, 0.0925
14: 1344.55, 1053.80, 0.1138
15: 1530.16, 1080.00, 0.0076
16: 1308.17, 1080.00, 0.0094

Frame: 1430, Person: 0
0: 1383.80, 270.87, 0.9945
1: 1415.28, 241.39, 0.9901
2: 1360.25, 245.26, 0.9725
3: 1476.80, 259.78, 0.9354
4: 1344.55, 266.29, 0.6009
5: 1557.88, 426.42, 0.9892
6: 1293.06, 429.98, 0.9929
7: 1633.05, 646.07, 0.9266
8: 1191.71, 595.54, 0.9466
9: 1596.78, 806.01, 0.8738
10: 1309.66, 450.36, 0.9191
11: 1500.97, 867.67, 0.9023
12: 1324.19, 866.41, 0.9164
13: 1541.55, 1038.34, 0.0856
14: 1341.78, 1050.07, 0.1046
15: 1525.55, 1080.00, 0.0071
16: 1302.97, 1080.00, 0.0087

Frame: 1431, Person: 0
0: 1385.86, 270.78, 0.9944
1: 1416.84, 240.58, 0.9902
2: 1362.00, 244.71, 0.9720
3: 1478.02, 257.63, 0.9343
4: 1345.98, 264.99, 0.5913
5: 1558.75, 424.86, 0.9888
6: 1295.87, 430.51, 0.9922
7: 1634.63, 642.70, 0.9261
8: 1190.13, 600.07, 0.9412
9: 1593.13, 796.73, 0.8754
10: 1305.60, 462.86, 0.9142
11: 1501.89, 871.69, 0.8902
12: 1325.92, 871.01, 0.9027
13: 1539.72, 1032.12, 0.0776
14: 1338.21, 1043.51, 0.0915
15: 1525.25, 1080.00, 0.0065
16: 1295.26, 1080.00, 0.0078

Frame: 1432, Person: 0
0: 1388.84, 269.85, 0.9943
1: 1419.37, 239.83, 0.9901
2: 1364.69, 244.54, 0.9721
3: 1479.87, 256.62, 0.9344
4: 1347.78, 265.61, 0.5954
5: 1562.04, 423.32, 0.9886
6: 1295.48, 430.84, 0.9920
7: 1638.23, 642.56, 0.9231
8: 1190.52, 604.62, 0.9383
9: 1592.42, 798.72, 0.8688
10: 1313.31, 473.12, 0.9079
11: 1500.06, 871.65, 0.8854
12: 1321.70, 871.01, 0.8982
13: 1529.42, 1042.49, 0.0693
14: 1326.64, 1054.10, 0.0812
15: 1512.02, 1080.00, 0.0057
16: 1281.77, 1080.00, 0.0067

Frame: 1433, Person: 0
0: 1391.60, 269.64, 0.9943
1: 1421.44, 238.85, 0.9902
2: 1366.93, 243.97, 0.9721
3: 1481.84, 253.33, 0.9350
4: 1349.08, 263.46, 0.5949
5: 1565.25, 423.79, 0.9893
6: 1296.86, 429.96, 0.9922
7: 1641.52, 641.15, 0.9271
8: 1189.57, 603.44, 0.9375
9: 1590.72, 793.18, 0.8778
10: 1308.51, 496.86, 0.9084
11: 1503.62, 869.39, 0.9014
12: 1324.59, 868.63, 0.9101
13: 1537.60, 1046.84, 0.0858
14: 1337.10, 1056.47, 0.0977
15: 1524.36, 1080.00, 0.0072
16: 1299.37, 1080.00, 0.0083

Frame: 1434, Person: 0
0: 1393.63, 266.38, 0.9938
1: 1423.75, 235.99, 0.9897
2: 1369.00, 240.75, 0.9694
3: 1484.11, 252.23, 0.9377
4: 1350.12, 261.51, 0.5770
5: 1569.62, 426.83, 0.9894
6: 1295.08, 427.57, 0.9910
7: 1643.43, 635.94, 0.9277
8: 1194.11, 595.08, 0.9265
9: 1580.86, 776.97, 0.8818
10: 1322.49, 532.94, 0.8943
11: 1502.16, 869.73, 0.9006
12: 1320.27, 866.44, 0.9032
13: 1527.98, 1043.41, 0.0896
14: 1334.76, 1046.68, 0.0954
15: 1510.39, 1080.00, 0.0078
16: 1310.97, 1080.00, 0.0086

Frame: 1435, Person: 0
0: 1396.56, 265.62, 0.9940
1: 1426.22, 235.44, 0.9896
2: 1371.90, 239.36, 0.9713
3: 1484.96, 251.92, 0.9369
4: 1351.14, 259.68, 0.5953
5: 1573.52, 429.45, 0.9899
6: 1295.03, 425.03, 0.9920
7: 1646.85, 635.06, 0.9288
8: 1199.46, 587.81, 0.9349
9: 1572.43, 772.58, 0.8868
10: 1325.68, 559.55, 0.9025
11: 1505.31, 866.21, 0.9101
12: 1320.60, 860.27, 0.9159
13: 1527.25, 1038.17, 0.1037
14: 1330.35, 1035.27, 0.1140
15: 1507.55, 1080.00, 0.0093
16: 1313.28, 1080.00, 0.0105

Frame: 1436, Person: 0
0: 1397.49, 261.69, 0.9945
1: 1427.64, 233.63, 0.9902
2: 1373.59, 236.16, 0.9725
3: 1485.40, 254.04, 0.9410
4: 1352.81, 258.60, 0.6326
5: 1573.55, 426.38, 0.9925
6: 1290.37, 424.25, 0.9938
7: 1647.84, 621.81, 0.9445
8: 1196.96, 594.15, 0.9454
9: 1563.52, 755.11, 0.9097
10: 1330.16, 584.34, 0.9157
11: 1512.39, 854.85, 0.9428
12: 1324.22, 852.01, 0.9476
13: 1535.87, 1038.56, 0.1704
14: 1329.19, 1038.93, 0.1846
15: 1517.30, 1080.00, 0.0155
16: 1323.57, 1080.00, 0.0172

Frame: 1437, Person: 0
0: 1400.22, 261.14, 0.9943
1: 1429.92, 233.41, 0.9898
2: 1376.17, 236.21, 0.9724
3: 1486.65, 254.87, 0.9396
4: 1354.63, 260.15, 0.6368
5: 1576.75, 427.15, 0.9921
6: 1290.50, 424.88, 0.9935
7: 1650.51, 625.85, 0.9409
8: 1199.04, 601.76, 0.9426
9: 1547.71, 736.63, 0.9062
10: 1341.27, 603.99, 0.9098
11: 1516.56, 858.57, 0.9354
12: 1325.59, 855.66, 0.9411
13: 1539.48, 1044.56, 0.1464
14: 1327.41, 1041.53, 0.1589
15: 1525.91, 1080.00, 0.0128
16: 1324.10, 1080.00, 0.0142

Frame: 1438, Person: 0
0: 1402.08, 260.67, 0.9941
1: 1431.56, 233.38, 0.9893
2: 1378.35, 235.71, 0.9725
3: 1487.09, 255.22, 0.9378
4: 1355.98, 259.65, 0.6446
5: 1577.84, 426.50, 0.9919
6: 1290.13, 425.01, 0.9935
7: 1652.57, 624.43, 0.9378
8: 1202.33, 607.22, 0.9420
9: 1539.33, 726.14, 0.9023
10: 1346.98, 627.66, 0.9049
11: 1518.44, 854.95, 0.9287
12: 1326.36, 851.96, 0.9360
13: 1533.36, 1038.85, 0.1344
14: 1319.87, 1033.16, 0.1469
15: 1522.28, 1080.00, 0.0118
16: 1322.41, 1080.00, 0.0132

Frame: 1439, Person: 0
0: 1403.71, 259.47, 0.9943
1: 1433.33, 232.44, 0.9895
2: 1379.90, 234.56, 0.9740
3: 1488.97, 255.41, 0.9371
4: 1357.37, 259.45, 0.6514
5: 1577.74, 425.51, 0.9916
6: 1292.56, 425.61, 0.9937
7: 1652.07, 618.02, 0.9370
8: 1202.51, 608.80, 0.9453
9: 1529.00, 705.04, 0.9065
10: 1350.15, 641.36, 0.9107
11: 1523.06, 854.50, 0.9286
12: 1331.57, 852.80, 0.9375
13: 1544.95, 1037.85, 0.1361
14: 1328.09, 1030.71, 0.1518
15: 1539.95, 1080.00, 0.0120
16: 1328.14, 1080.00, 0.0137

Frame: 1440, Person: 0
0: 1404.51, 259.55, 0.9942
1: 1434.41, 232.50, 0.9894
2: 1380.95, 234.64, 0.9739
3: 1490.49, 254.93, 0.9366
4: 1358.09, 258.89, 0.6496
5: 1578.06, 424.13, 0.9911
6: 1292.47, 426.10, 0.9935
7: 1646.81, 617.77, 0.9347
8: 1207.74, 612.16, 0.9436
9: 1510.10, 700.44, 0.9056
10: 1356.21, 647.63, 0.9089
11: 1528.20, 850.26, 0.9285
12: 1335.29, 849.91, 0.9375
13: 1557.58, 1041.29, 0.1380
14: 1336.37, 1034.89, 0.1540
15: 1557.78, 1080.00, 0.0122
16: 1341.42, 1080.00, 0.0139

Frame: 1441, Person: 0
0: 1405.48, 259.15, 0.9942
1: 1435.52, 232.50, 0.9892
2: 1381.94, 234.48, 0.9747
3: 1491.01, 255.24, 0.9345
4: 1358.02, 259.02, 0.6577
5: 1577.17, 423.42, 0.9905
6: 1291.10, 426.58, 0.9935
7: 1642.66, 617.14, 0.9301
8: 1211.78, 615.38, 0.9431
9: 1499.27, 696.21, 0.9003
10: 1359.90, 656.15, 0.9057
11: 1526.28, 847.92, 0.9238
12: 1332.51, 847.68, 0.9351
13: 1550.15, 1045.23, 0.1278
14: 1326.80, 1038.51, 0.1450
15: 1551.84, 1080.00, 0.0111
16: 1335.68, 1080.00, 0.0128

Frame: 1442, Person: 0
0: 1405.97, 259.09, 0.9939
1: 1436.31, 232.50, 0.9891
2: 1382.59, 234.37, 0.9731
3: 1491.97, 255.28, 0.9346
4: 1358.45, 258.87, 0.6413
5: 1576.85, 422.70, 0.9904
6: 1290.91, 427.83, 0.9926
7: 1641.01, 614.82, 0.9311
8: 1216.07, 618.49, 0.9351
9: 1494.50, 694.67, 0.9000
10: 1360.54, 665.76, 0.8941
11: 1524.31, 847.57, 0.9203
12: 1330.30, 848.05, 0.9282
13: 1548.28, 1047.86, 0.1213
14: 1324.48, 1041.91, 0.1307
15: 1550.27, 1080.00, 0.0104
16: 1335.86, 1080.00, 0.0116

Frame: 1443, Person: 0
0: 1406.79, 259.48, 0.9938
1: 1437.37, 232.72, 0.9890
2: 1383.12, 234.44, 0.9731
3: 1492.94, 255.23, 0.9322
4: 1358.07, 258.37, 0.6408
5: 1577.09, 422.63, 0.9900
6: 1289.73, 428.13, 0.9919
7: 1640.40, 616.45, 0.9291
8: 1216.64, 622.23, 0.9291
9: 1492.41, 698.49, 0.8953
10: 1364.08, 673.62, 0.8845
11: 1525.42, 853.28, 0.9150
12: 1329.96, 854.29, 0.9213
13: 1552.80, 1059.54, 0.1078
14: 1326.21, 1054.08, 0.1136
15: 1553.31, 1080.00, 0.0090
16: 1334.89, 1080.00, 0.0098

Frame: 1444, Person: 0
0: 1408.25, 259.83, 0.9940
1: 1438.89, 232.96, 0.9891
2: 1384.03, 234.53, 0.9744
3: 1493.76, 255.32, 0.9287
4: 1357.35, 258.17, 0.6505
5: 1576.95, 422.64, 0.9903
6: 1289.56, 427.74, 0.9919
7: 1640.63, 616.94, 0.9313
8: 1216.82, 622.13, 0.9298
9: 1489.58, 703.03, 0.8973
10: 1360.88, 681.17, 0.8854
11: 1526.86, 859.16, 0.9214
12: 1331.34, 860.20, 0.9265
13: 1557.09, 1072.45, 0.1118
14: 1331.37, 1066.39, 0.1166
15: 1556.60, 1080.00, 0.0092
16: 1338.17, 1080.00, 0.0099

Frame: 1445, Person: 0
0: 1409.37, 260.06, 0.9941
1: 1440.02, 233.18, 0.9891
2: 1384.79, 234.94, 0.9752
3: 1494.66, 255.56, 0.9281
4: 1357.92, 258.83, 0.6625
5: 1577.95, 422.91, 0.9903
6: 1289.22, 427.73, 0.9923
7: 1640.88, 619.02, 0.9295
8: 1213.89, 624.10, 0.9316
9: 1501.11, 710.63, 0.8914
10: 1355.49, 691.57, 0.8832
11: 1526.30, 858.74, 0.9199
12: 1330.72, 859.94, 0.9264
13: 1554.67, 1073.51, 0.1073
14: 1330.20, 1068.38, 0.1139
15: 1550.41, 1080.00, 0.0088
16: 1336.34, 1080.00, 0.0096

Frame: 1446, Person: 0
0: 1409.78, 260.52, 0.9941
1: 1440.55, 233.76, 0.9891
2: 1385.51, 235.23, 0.9750
3: 1495.07, 255.98, 0.9286
4: 1358.87, 258.56, 0.6606
5: 1578.24, 423.97, 0.9906
6: 1289.57, 427.11, 0.9923
7: 1641.61, 622.18, 0.9311
8: 1212.52, 623.97, 0.9308
9: 1505.57, 720.76, 0.8904
10: 1343.05, 702.65, 0.8785
11: 1523.61, 858.53, 0.9204
12: 1328.61, 858.61, 0.9259
13: 1549.22, 1074.41, 0.1067
14: 1325.81, 1067.91, 0.1116
15: 1544.43, 1080.00, 0.0088
16: 1333.90, 1080.00, 0.0094

Frame: 1447, Person: 0
0: 1411.13, 260.72, 0.9941
1: 1441.44, 233.85, 0.9888
2: 1386.67, 235.59, 0.9751
3: 1494.92, 255.76, 0.9255
4: 1359.61, 259.02, 0.6688
5: 1577.85, 424.86, 0.9907
6: 1289.97, 427.47, 0.9924
7: 1635.15, 629.53, 0.9310
8: 1216.03, 629.42, 0.9302
9: 1502.61, 729.63, 0.8861
10: 1338.89, 716.03, 0.8731
11: 1523.30, 859.33, 0.9199
12: 1329.00, 859.46, 0.9252
13: 1549.28, 1072.10, 0.1076
14: 1325.72, 1066.54, 0.1121
15: 1541.32, 1080.00, 0.0090
16: 1335.33, 1080.00, 0.0096

Frame: 1448, Person: 0
0: 1412.12, 260.28, 0.9939
1: 1442.33, 233.17, 0.9889
2: 1387.40, 235.32, 0.9736
3: 1495.99, 255.13, 0.9281
4: 1360.47, 259.44, 0.6543
5: 1577.22, 426.19, 0.9910
6: 1291.77, 428.51, 0.9919
7: 1627.39, 633.99, 0.9344
8: 1218.39, 631.91, 0.9250
9: 1493.84, 733.21, 0.8897
10: 1335.23, 722.40, 0.8658
11: 1521.44, 862.12, 0.9244
12: 1328.51, 862.27, 0.9260
13: 1547.62, 1073.82, 0.1177
14: 1324.41, 1069.16, 0.1171
15: 1541.30, 1080.00, 0.0100
16: 1335.63, 1080.00, 0.0103

Frame: 1449, Person: 0
0: 1411.83, 260.52, 0.9938
1: 1442.43, 233.28, 0.9888
2: 1387.44, 235.18, 0.9725
3: 1496.63, 254.85, 0.9288
4: 1361.18, 258.48, 0.6428
5: 1576.58, 426.26, 0.9908
6: 1292.41, 428.23, 0.9913
7: 1624.30, 636.79, 0.9337
8: 1220.04, 634.12, 0.9192
9: 1492.48, 734.91, 0.8874
10: 1330.34, 723.16, 0.8570
11: 1519.88, 862.70, 0.9200
12: 1327.67, 862.64, 0.9198
13: 1546.80, 1074.54, 0.1119
14: 1323.40, 1069.95, 0.1087
15: 1541.05, 1080.00, 0.0095
16: 1335.79, 1080.00, 0.0096

Frame: 1450, Person: 0
0: 1412.21, 260.47, 0.9938
1: 1442.86, 233.22, 0.9888
2: 1387.87, 235.05, 0.9725
3: 1497.04, 254.79, 0.9289
4: 1361.52, 258.30, 0.6433
5: 1576.28, 426.54, 0.9908
6: 1292.34, 428.48, 0.9914
7: 1622.46, 636.44, 0.9337
8: 1221.45, 634.00, 0.9191
9: 1491.35, 733.24, 0.8881
10: 1331.66, 722.49, 0.8574
11: 1518.87, 861.86, 0.9224
12: 1326.58, 861.86, 0.9221
13: 1546.31, 1075.58, 0.1171
14: 1321.83, 1071.34, 0.1136
15: 1541.73, 1080.00, 0.0100
16: 1335.62, 1080.00, 0.0101

Frame: 1451, Person: 0
0: 1413.52, 260.90, 0.9938
1: 1443.70, 233.66, 0.9886
2: 1388.77, 235.87, 0.9733
3: 1496.98, 255.24, 0.9262
4: 1361.75, 259.69, 0.6545
5: 1576.10, 426.36, 0.9909
6: 1293.05, 428.74, 0.9916
7: 1622.14, 635.78, 0.9338
8: 1223.28, 633.70, 0.9217
9: 1492.67, 733.18, 0.8878
10: 1334.75, 724.25, 0.8602
11: 1519.03, 861.27, 0.9236
12: 1327.39, 861.66, 0.9241
13: 1547.76, 1074.07, 0.1186
14: 1324.00, 1070.51, 0.1163
15: 1542.14, 1080.00, 0.0101
16: 1336.60, 1080.00, 0.0103

Frame: 1452, Person: 0
0: 1412.88, 262.20, 0.9937
1: 1443.56, 234.96, 0.9888
2: 1388.62, 236.74, 0.9723
3: 1497.90, 256.27, 0.9292
4: 1362.53, 259.58, 0.6403
5: 1577.08, 427.26, 0.9910
6: 1293.98, 428.70, 0.9914
7: 1623.68, 636.34, 0.9354
8: 1223.98, 633.31, 0.9199
9: 1493.11, 732.70, 0.8908
10: 1336.28, 722.40, 0.8592
11: 1519.41, 861.65, 0.9248
12: 1327.70, 861.44, 0.9240
13: 1547.62, 1074.53, 0.1213
14: 1324.47, 1069.89, 0.1172
15: 1541.92, 1080.00, 0.0104
16: 1337.12, 1080.00, 0.0105

Frame: 1453, Person: 0
0: 1414.85, 262.89, 0.9939
1: 1445.03, 235.25, 0.9886
2: 1389.91, 237.35, 0.9738
3: 1498.22, 255.80, 0.9242
4: 1362.26, 259.98, 0.6590
5: 1577.57, 427.32, 0.9910
6: 1293.93, 429.31, 0.9917
7: 1625.06, 636.66, 0.9340
8: 1223.48, 634.11, 0.9226
9: 1494.06, 732.51, 0.8894
10: 1335.53, 723.41, 0.8632
11: 1520.62, 862.72, 0.9249
12: 1328.91, 862.85, 0.9256
13: 1547.56, 1076.57, 0.1211
14: 1326.11, 1072.38, 0.1190
15: 1540.23, 1080.00, 0.0103
16: 1338.06, 1080.00, 0.0105

Frame: 1454, Person: 0
0: 1414.43, 263.09, 0.9939
1: 1444.75, 235.41, 0.9887
2: 1389.81, 237.33, 0.9733
3: 1498.46, 255.80, 0.9262
4: 1362.75, 259.50, 0.6514
5: 1577.94, 427.49, 0.9911
6: 1294.35, 429.41, 0.9916
7: 1625.44, 636.58, 0.9348
8: 1222.84, 634.17, 0.9220
9: 1491.89, 732.63, 0.8911
10: 1335.87, 722.03, 0.8635
11: 1521.02, 862.26, 0.9253
12: 1329.19, 862.28, 0.9254
13: 1548.12, 1075.30, 0.1230
14: 1326.28, 1070.82, 0.1201
15: 1541.31, 1080.00, 0.0105
16: 1337.84, 1080.00, 0.0107

Frame: 1455, Person: 0
0: 1414.51, 263.35, 0.9939
1: 1444.94, 235.66, 0.9887
2: 1389.98, 237.40, 0.9731
3: 1498.74, 255.82, 0.9260
4: 1362.91, 259.08, 0.6505
5: 1578.44, 427.57, 0.9911
6: 1293.88, 429.17, 0.9915
7: 1625.60, 636.83, 0.9348
8: 1222.94, 634.48, 0.9207
9: 1492.68, 732.64, 0.8907
10: 1336.62, 723.13, 0.8613
11: 1521.08, 863.00, 0.9258
12: 1328.77, 862.89, 0.9254
13: 1547.09, 1078.01, 0.1229
14: 1325.84, 1073.40, 0.1193
15: 1538.38, 1080.00, 0.0104
16: 1337.60, 1080.00, 0.0105

Frame: 1456, Person: 0
0: 1414.87, 263.38, 0.9938
1: 1445.24, 235.53, 0.9887
2: 1390.33, 237.28, 0.9731
3: 1499.00, 255.45, 0.9253
4: 1363.27, 258.75, 0.6518
5: 1578.64, 427.73, 0.9909
6: 1294.33, 429.71, 0.9915
7: 1625.68, 637.14, 0.9333
8: 1223.88, 635.59, 0.9199
9: 1493.99, 732.69, 0.8887
10: 1337.22, 722.90, 0.8601
11: 1521.12, 862.46, 0.9228
12: 1328.93, 862.50, 0.9228
13: 1546.73, 1075.86, 0.1194
14: 1325.23, 1071.66, 0.1164
15: 1537.59, 1080.00, 0.0102
16: 1336.80, 1080.00, 0.0103

Frame: 1457, Person: 0
0: 1415.12, 263.45, 0.9939
1: 1445.36, 235.54, 0.9886
2: 1390.44, 237.46, 0.9735
3: 1498.90, 255.38, 0.9243
4: 1363.15, 259.09, 0.6555
5: 1578.75, 427.59, 0.9908
6: 1294.37, 430.22, 0.9915
7: 1626.38, 636.49, 0.9326
8: 1224.68, 635.73, 0.9204
9: 1495.80, 732.92, 0.8874
10: 1336.61, 723.34, 0.8603
11: 1521.48, 862.57, 0.9216
12: 1329.19, 862.90, 0.9221
13: 1548.11, 1076.06, 0.1165
14: 1325.82, 1072.34, 0.1142
15: 1539.09, 1080.00, 0.0099
16: 1337.36, 1080.00, 0.0101

Frame: 1458, Person: 0
0: 1415.73, 263.66, 0.9939
1: 1446.00, 235.71, 0.9885
2: 1391.07, 237.35, 0.9739
3: 1499.21, 255.41, 0.9221
4: 1363.32, 258.50, 0.6588
5: 1578.56, 427.74, 0.9908
6: 1294.44, 430.22, 0.9915
7: 1626.64, 636.39, 0.9323
8: 1225.88, 636.26, 0.9200
9: 1496.30, 732.43, 0.8874
10: 1337.39, 724.28, 0.8602
11: 1521.57, 862.08, 0.9209
12: 1329.39, 862.37, 0.9213
13: 1548.44, 1074.90, 0.1169
14: 1326.08, 1070.95, 0.1144
15: 1538.87, 1080.00, 0.0100
16: 1337.39, 1080.00, 0.0101

Frame: 1459, Person: 0
0: 1415.91, 263.91, 0.9939
1: 1446.26, 235.81, 0.9886
2: 1391.26, 237.48, 0.9734
3: 1499.85, 255.35, 0.9233
4: 1363.87, 258.47, 0.6531
5: 1579.00, 427.98, 0.9908
6: 1295.23, 430.21, 0.9913
7: 1626.10, 637.38, 0.9328
8: 1226.10, 636.94, 0.9190
9: 1496.15, 732.43, 0.8884
10: 1338.64, 724.82, 0.8593
11: 1521.54, 862.18, 0.9195
12: 1329.55, 862.44, 0.9192
13: 1548.87, 1072.00, 0.1160
14: 1326.63, 1068.11, 0.1128
15: 1538.95, 1080.00, 0.0100
16: 1337.32, 1080.00, 0.0101

Frame: 1460, Person: 0
0: 1415.94, 264.60, 0.9938
1: 1446.23, 236.28, 0.9886
2: 1391.41, 237.99, 0.9733
3: 1500.04, 255.10, 0.9236
4: 1364.28, 258.26, 0.6516
5: 1579.55, 428.15, 0.9908
6: 1295.20, 430.26, 0.9913
7: 1627.00, 637.21, 0.9325
8: 1225.38, 636.51, 0.9186
9: 1497.00, 731.74, 0.8888
10: 1338.73, 724.44, 0.8597
11: 1521.67, 861.50, 0.9189
12: 1329.27, 861.78, 0.9185
13: 1550.03, 1070.78, 0.1166
14: 1326.96, 1066.90, 0.1134
15: 1540.65, 1080.00, 0.0101
16: 1338.16, 1080.00, 0.0102

Frame: 1461, Person: 0
0: 1416.11, 264.74, 0.9939
1: 1446.44, 236.38, 0.9886
2: 1391.52, 238.08, 0.9731
3: 1500.27, 255.22, 0.9239
4: 1364.37, 258.38, 0.6484
5: 1579.84, 428.19, 0.9909
6: 1295.77, 430.29, 0.9912
7: 1626.85, 637.49, 0.9337
8: 1226.21, 636.84, 0.9179
9: 1496.45, 730.95, 0.8903
10: 1337.91, 725.44, 0.8589
11: 1522.10, 862.84, 0.9209
12: 1329.99, 863.08, 0.9197
13: 1549.90, 1072.12, 0.1195
14: 1327.89, 1068.10, 0.1150
15: 1539.43, 1080.00, 0.0103
16: 1338.65, 1080.00, 0.0104

Frame: 1462, Person: 0
0: 1416.49, 264.97, 0.9939
1: 1446.72, 236.53, 0.9887
2: 1391.86, 238.39, 0.9731
3: 1500.60, 255.16, 0.9242
4: 1364.86, 258.67, 0.6485
5: 1580.17, 428.24, 0.9910
6: 1296.35, 430.35, 0.9913
7: 1627.43, 637.52, 0.9341
8: 1225.95, 636.53, 0.9183
9: 1497.51, 730.35, 0.8910
10: 1337.35, 724.43, 0.8598
11: 1521.65, 863.08, 0.9220
12: 1329.69, 863.31, 0.9207
13: 1550.21, 1072.99, 0.1210
14: 1328.05, 1069.06, 0.1164
15: 1540.09, 1080.00, 0.0104
16: 1338.03, 1080.00, 0.0105

Frame: 1463, Person: 0
0: 1416.62, 265.11, 0.9939
1: 1446.80, 236.63, 0.9887
2: 1392.14, 238.48, 0.9730
3: 1500.76, 254.99, 0.9248
4: 1365.41, 258.47, 0.6473
5: 1580.81, 428.33, 0.9910
6: 1296.41, 430.39, 0.9913
7: 1628.18, 637.50, 0.9337
8: 1225.62, 636.46, 0.9182
9: 1498.61, 730.62, 0.8902
10: 1337.20, 724.53, 0.8590
11: 1521.58, 863.66, 0.9215
12: 1329.26, 863.77, 0.9203
13: 1549.14, 1073.35, 0.1198
14: 1326.44, 1069.35, 0.1155
15: 1538.68, 1080.00, 0.0103
16: 1336.59, 1080.00, 0.0104

Frame: 1464, Person: 0
0: 1416.74, 265.15, 0.9938
1: 1446.99, 236.82, 0.9887
2: 1392.46, 238.47, 0.9726
3: 1501.01, 255.32, 0.9252
4: 1365.96, 258.29, 0.6441
5: 1580.92, 428.39, 0.9910
6: 1296.77, 430.07, 0.9912
7: 1628.71, 637.05, 0.9343
8: 1225.80, 635.87, 0.9170
9: 1499.68, 730.87, 0.8905
10: 1337.48, 725.33, 0.8571
11: 1521.80, 863.09, 0.9215
12: 1329.57, 863.07, 0.9196
13: 1550.04, 1072.98, 0.1195
14: 1327.12, 1068.62, 0.1142
15: 1539.80, 1080.00, 0.0103
16: 1337.02, 1080.00, 0.0103

Frame: 1465, Person: 0
0: 1417.21, 264.94, 0.9938
1: 1447.52, 236.78, 0.9887
2: 1392.91, 238.44, 0.9728
3: 1501.48, 255.67, 0.9255
4: 1366.39, 258.70, 0.6461
5: 1581.33, 428.47, 0.9910
6: 1297.28, 429.79, 0.9913
7: 1628.45, 637.60, 0.9344
8: 1226.51, 635.46, 0.9185
9: 1498.95, 730.92, 0.8904
10: 1337.21, 725.41, 0.8585
11: 1521.53, 863.44, 0.9233
12: 1329.46, 863.15, 0.9220
13: 1548.96, 1075.77, 0.1209
14: 1326.68, 1071.07, 0.1163
15: 1538.01, 1080.00, 0.0104
16: 1336.20, 1080.00, 0.0104

Frame: 1466, Person: 0
0: 1417.79, 264.59, 0.9939
1: 1448.25, 236.62, 0.9887
2: 1393.41, 238.20, 0.9728
3: 1502.24, 256.13, 0.9260
4: 1366.76, 259.03, 0.6448
5: 1581.85, 428.70, 0.9911
6: 1298.03, 430.04, 0.9914
7: 1628.47, 638.64, 0.9343
8: 1227.41, 636.59, 0.9190
9: 1497.60, 731.81, 0.8897
10: 1337.21, 727.39, 0.8580
11: 1522.33, 864.19, 0.9226
12: 1330.49, 863.74, 0.9216
13: 1548.01, 1073.56, 0.1203
14: 1326.47, 1068.45, 0.1160
15: 1536.72, 1080.00, 0.0104
16: 1336.12, 1080.00, 0.0105

Frame: 1467, Person: 0
0: 1418.25, 264.57, 0.9939
1: 1448.65, 236.35, 0.9887
2: 1393.71, 238.13, 0.9729
3: 1502.70, 255.42, 0.9258
4: 1366.90, 258.82, 0.6447
5: 1582.47, 428.36, 0.9910
6: 1298.30, 430.35, 0.9913
7: 1628.74, 638.16, 0.9337
8: 1227.86, 636.86, 0.9185
9: 1498.14, 731.19, 0.8893
10: 1336.39, 727.70, 0.8575
11: 1522.89, 863.91, 0.9213
12: 1330.81, 863.75, 0.9203
13: 1548.46, 1072.67, 0.1189
14: 1326.42, 1068.12, 0.1147
15: 1537.30, 1080.00, 0.0103
16: 1336.65, 1080.00, 0.0104

Frame: 1468, Person: 0
0: 1418.33, 264.36, 0.9939
1: 1448.84, 236.26, 0.9888
2: 1393.93, 237.89, 0.9731
3: 1502.99, 255.58, 0.9262
4: 1367.28, 258.60, 0.6463
5: 1582.72, 428.22, 0.9909
6: 1298.21, 430.17, 0.9915
7: 1628.85, 637.96, 0.9335
8: 1227.59, 637.11, 0.9200
9: 1498.04, 730.70, 0.8892
10: 1337.25, 728.16, 0.8594
11: 1523.79, 863.64, 0.9212
12: 1331.34, 863.55, 0.9209
13: 1550.01, 1071.87, 0.1183
14: 1326.68, 1067.21, 0.1150
15: 1539.54, 1080.00, 0.0102
16: 1337.15, 1080.00, 0.0104

Frame: 1469, Person: 0
0: 1418.47, 264.29, 0.9939
1: 1448.92, 236.17, 0.9888
2: 1394.02, 237.93, 0.9729
3: 1503.15, 255.56, 0.9271
4: 1367.47, 258.92, 0.6452
5: 1583.11, 428.37, 0.9910
6: 1298.78, 430.47, 0.9915
7: 1628.50, 638.06, 0.9337
8: 1228.50, 637.17, 0.9206
9: 1497.11, 730.77, 0.8898
10: 1338.48, 729.45, 0.8601
11: 1524.44, 862.86, 0.9224
12: 1332.08, 862.83, 0.9223
13: 1550.42, 1071.66, 0.1213
14: 1327.15, 1067.13, 0.1181
15: 1540.25, 1080.00, 0.0105
16: 1338.01, 1080.00, 0.0107

Frame: 1470, Person: 0
0: 1418.61, 264.27, 0.9938
1: 1449.04, 236.21, 0.9888
2: 1394.24, 237.94, 0.9728
3: 1503.25, 255.72, 0.9271
4: 1367.84, 258.99, 0.6449
5: 1583.38, 428.61, 0.9909
6: 1298.81, 430.79, 0.9915
7: 1628.38, 638.35, 0.9332
8: 1228.86, 637.75, 0.9199
9: 1497.66, 731.17, 0.8886
10: 1338.90, 730.34, 0.8585
11: 1524.83, 863.18, 0.9209
12: 1332.31, 863.22, 0.9207
13: 1550.79, 1071.18, 0.1186
14: 1327.19, 1066.82, 0.1154
15: 1540.27, 1080.00, 0.0103
16: 1338.43, 1080.00, 0.0105

Frame: 1471, Person: 0
0: 1419.14, 264.10, 0.9939
1: 1449.68, 236.28, 0.9888
2: 1394.78, 237.85, 0.9733
3: 1503.67, 256.31, 0.9264
4: 1368.17, 259.21, 0.6494
5: 1583.10, 428.55, 0.9909
6: 1299.44, 429.74, 0.9917
7: 1629.46, 639.18, 0.9335
8: 1229.21, 636.63, 0.9228
9: 1498.05, 732.99, 0.8894
10: 1339.90, 728.90, 0.8628
11: 1524.50, 862.79, 0.9194
12: 1332.46, 862.31, 0.9202
13: 1550.92, 1067.58, 0.1158
14: 1327.01, 1062.19, 0.1142
15: 1542.77, 1080.00, 0.0101
16: 1338.46, 1080.00, 0.0103

